playerId,playerName,Team,Actions,P_goal_diff,P_concede_diff,VAEP_value,team,position,x,y,Minutes,Cluster,Desc,Group,VAEP/Act,VAEP/90,GroupAvg,VAEP/90 vs Group Avg
1mml4inucvyomv1dcog3c1pt5,N. Mickelson,OB,1090,6.293316655231645,-3.1802486913170562,9.473565346548702,OB,Defender,61.25,90.25,1264,0,High & Wide LB,FB,0.008691344354631836,0.6745418363840057,0.12051611131651079,0.5540257250674949
bp232fgjrfyok2471ec7u1tcl,M. Kristensen,Hobro,1356,5.575312595910426,-2.821707137073397,8.397019732983823,Hobro,Midfielder,57.95,42.0,1502,21,Roaming DM,DM,0.006192492428454147,0.5031503168898429,0.01677103518233834,0.48637928170750455
9fvf8z6p8ok0n5vu999ysfywa,C. Jørgensen,Kolding,1056,5.323326185614659,-2.6683982459178535,7.991724431532512,Kolding,Midfielder,61.45,65.19999999999999,1285,2,Roaming LCM,CM,0.007567920863193667,0.5597316722474133,0.13337065108364057,0.4263610211637727
97xbmht3t4t1p9iu6598oq7l5,A. Manneh,OB,1279,5.106200145601644,-2.398906152666772,7.505106298268416,OB,Midfielder,54.2,62.9,1250,2,Roaming LCM,CM,0.005867948630389691,0.5403676534753259,0.13337065108364057,0.40699700239168535
e42jh6bbwn4aybdnysonrvutx,L. Owusu,OB,1139,4.323213072399878,-2.6706470901562214,6.9938601625561,OB,Defender,55.35,13.5,1386,13,Attacking RB,FB,0.006140351327968481,0.45414676380234414,0.12051611131651079,0.33363065248583335
85a9bmnu6fqvhlff28qm0e0a1,D. Johansen,Hillerød,414,1.4024862523471253,-1.6403340602595322,3.0428203126066578,Hillerød,Defender,58.8,89.4,610,0,High & Wide LB,FB,0.00734980751837357,0.4489407018599987,0.12051611131651079,0.3284245905434879
dfxs5u8rdcxhzp33aks3acdn8,K. Lusavec,Horsens,637,1.92940762901193,-0.518858640067664,2.448266269079594,Horsens,Midfielder,50.95,56.8,705,38,Left Defensive Mid,DM,0.003843432133562942,0.31254463009526734,0.01677103518233834,0.295773594912929
3xz0h3d6r2qgmv9egms8yaz56,C. Vestergaard,Kolding,1052,0.7139686807891183,-0.7080123903538116,1.42198107114293,Kolding,Defender,38.55,23.25,1330,33,Wide RCB,CB,0.0013516930334058269,0.09622428300967195,-0.1858669114841256,0.28209119449379755
4bojyjyvkdgm1lss6n37q2t5g,D. Kristjánsson,Fredericia,967,0.7574961993561637,-0.2165134284862406,0.9740096278424043,Fredericia,Defender,41.7,77.9,945,48,Wide LCB / Inverting Deep LB,CB,0.001007248839547471,0.0927628216992766,-0.1858669114841256,0.27862973318340223
289rctmvd5ppy9zqn98jbe4et,A. Muçolli,Fredericia,630,3.4591813909355547,-1.960936881774769,5.420118272710324,Fredericia,Striker,67.05,80.55,1044,34,Wide LAM,Winger,0.008603362337635435,0.4672515752336487,0.1908770410634783,0.2763745341701704
6k7khwtkxpem9z17bl5rrf2p6,E. Frederiksen,Horsens,622,2.582856158501344,-1.7813606627363112,4.3642168212376555,Horsens,Midfielder,69.9,32.1,718,37,Right Attacking Mid,AM,0.007016425757616809,0.5470466767568092,0.28175474995516636,0.2652919268016428
8ewvm6ux4yvpwgrzjkc1chqwa,A. Nørager,Kolding,1030,1.1231365466479324,0.4464300586860766,0.6767064879618558,Kolding,Defender,37.6,80.45,1106,48,Wide LCB / Inverting Deep LB,CB,0.0006569965902542289,0.055066531570132936,-0.1858669114841256,0.24093344305425854
g2cgdv428rmpmb0om40ldses,M. Lysholm,Hvidovre,82,0.14076932820174004,-0.21549983255487024,0.3562691607566103,Roskilde,Defender,34.1,57.2,618,42,CB,CB,0.004344745862885492,0.05188385836261315,-0.1858669114841256,0.23775076984673876
1nn1wc14k9zd3wtu73loj7kes,P. Ngongo,Kolding,376,0.09934611923068722,-1.6077222463517948,1.707068365582482,Kolding,Striker,67.7,58.8,559,52,Roaming Advanced ST,ST,0.004540075440378942,0.2748410606483424,0.04496825035722777,0.22987281029111464
cl4xl80n4gew1ox03r3ooshrd,O. Kjærgaard,Horsens,566,0.9492892802123506,-1.37427798104115,2.3235672612535008,Horsens,Midfielder,69.9,51.0,778,52,Roaming Advanced ST,ST,0.004105242511048588,0.2687931279085026,0.04496825035722777,0.22382487755127486
3epwf56ozg73hueacwmckk0r9,S. Pingel,Horsens,746,0.29564373912096287,-3.249698387255631,3.545342126376594,Horsens,Striker,68.9,50.0,1213,47,Box ST,ST,0.004752469338306426,0.2630509409512724,0.04496825035722777,0.21808269059404464
ezbixgm2km8iapnsl57bn4wkp,M. Mouritz,B 93,909,2.265114577115318,-0.6662344334154581,2.9313490105307762,B 93,Midfielder,46.1,48.8,1231,38,Left Defensive Mid,DM,0.0032248063922230763,0.21431471238649055,0.01677103518233834,0.19754367720415222
elsygne5tjybbxrqgehtovnro,L. Bøje-Larsen,Hillerød,714,1.9236876656534627,-0.8792715734729364,2.802959239126399,Hillerød,Defender,56.7,89.0,816,0,High & Wide LB,FB,0.003925713220064984,0.30914991608011755,0.12051611131651079,0.18863380476360675
a6ymx4wkrn260rtpb360nsiqd,M. Kallesøe,Horsens,942,2.8761960366594876,-1.218678314623062,4.09487435128255,Horsens,Defender,57.05,11.75,1257,13,Attacking RB,FB,0.004347000372911411,0.2931890943639057,0.12051611131651079,0.17267298304739492
5wmik73cqursg7sv3w14ue5pm,L. Deedson,OB,524,1.5013264980413243,-2.9354538356921216,4.436780333733446,OB,Striker,76.0,26.2,1122,23,Box-Entering RW,Winger,0.008467138041476042,0.3558914706203299,0.1908770410634783,0.16501442955685158
4clmd8g8jogdfvauhijd7n55h,V. Myhra,OB,566,-1.7603904342129284,0.930342051873149,-2.6907324860860773,OB,Goalkeeper,10.3,49.7,1350,50,Advanced Box GK,GK,-0.00475394432170685,-0.1793821657390718,-0.33857827047647715,0.15919610473740534
eso2tbbpnxu9qvx6zy07m5jx0,J. Madsen,Horsens,964,2.881204112612605,-0.5698641001638302,3.4510682127764354,Horsens,Midfielder,59.95,84.5,1124,0,High & Wide LB,FB,0.0035799462788137296,0.27633108465291745,0.12051611131651079,0.15581497333640665
11cna826ls27ahux2w0ckapqt,K. Kusk,Vendsyssel,806,3.542976276098431,-1.9802532831368074,5.523229559235238,Vendsyssel,Midfielder,63.2,37.3,1147,37,Right Attacking Mid,AM,0.006852642133046202,0.43338331327913815,0.28175474995516636,0.1516285633239718
52vwj2s29n7wngablotd7pboq,J. Ægidius,Kolding,313,-1.1965943661517993,0.32515233049258874,-1.521746696644388,Kolding,Goalkeeper,13.5,49.9,720,49,High Buildup GK,GK,-0.004861810532410186,-0.1902183370805485,-0.33857827047647715,0.14835993339592865
f58yr2jmfp8kpgprfxbokt1t6,M. Vestergård,Kolding,797,1.3413837796538044,-0.6137957133394363,1.9551794929932407,Kolding,Midfielder,49.9,61.8,1072,38,Left Defensive Mid,DM,0.0024531737678710674,0.1641475320609997,0.01677103518233834,0.14737649687866136
cflwegqpzch8y30pb3dhigqnd,E. Søgaard,Hobro,1396,0.36912561852035136,1.2910729072425748,-0.9219472887222236,Hobro,Defender,33.9,22.7,1519,33,Wide RCB,CB,-0.0006604206939270943,-0.05462492164911134,-0.1858669114841256,0.13124198983501426
1fjkjzsei9slx2t4zhsqdkve1,M. Etim,Hillerød,491,0.07174048017464839,-1.641492548156439,1.7132330283310873,Hillerød,Striker,66.75,44.8,899,14,Roaming Deep ST,ST,0.003489272970124414,0.17151387380400207,0.04496825035722777,0.1265456234467743
9nafz0c0x2qvmo5ldm0djmcq1,M. Kaastrup,Vendsyssel,529,2.6090222854319944,-0.7979219274103951,3.4069442128423897,Vendsyssel,Striker,61.2,78.6,971,34,Wide LAM,Winger,0.006440348228435519,0.3157826767825078,0.1908770410634783,0.12490563571902952
4oxf446ya7jwulq6hxlp8r36d,J. Gemmer,Hvidovre,522,0.6602161918942587,-0.1697387798588019,0.8299549717530605,Hvidovre,Midfielder,44.75,46.0,568,46,Defensive Mid,DM,0.0015899520531667826,0.13150694974960467,0.01677103518233834,0.11473591456726633
ev2s21ogvpjtata4fndi868ve,J. Gomez,OB,960,-0.0059254203049918545,0.8340501550036978,-0.8399755753086897,OB,Defender,33.9,67.9,1046,28,LCB,CB,-0.0008749745576132184,-0.07227323305715302,-0.1858669114841256,0.11359367842697257
dm6xpphbyyooqriwaambi7njd,F. Krogstad,Hvidovre,643,0.8016467543692939,-0.20777784315151387,1.0094245975208078,Hvidovre,Midfielder,53.4,42.75,710,21,Roaming DM,DM,0.00156986718121432,0.1279552306716517,0.01677103518233834,0.11118419548931337
ate1ymumg2iwzn8uyyf3ts222,A. Lausen,Esbjerg,874,2.911872659822579,-2.6633537107763914,5.57522637059897,Esbjerg,Midfielder,60.6,64.65,1279,51,Left Attacking Mid,AM,0.006378977540731087,0.39231459996396195,0.28175474995516636,0.11055985000879559
2cup1vjw8n43kbzzxfflnmplg,J. Singh,Hvidovre,362,1.4097920324511533,-0.7428070101264421,2.152599042577595,Hvidovre,Striker,63.150000000000006,74.30000000000001,659,34,Wide LAM,Winger,0.005946406194965732,0.29398165983609037,0.1908770410634783,0.10310461877261207
6uwvbagahvoavs630k8uksxjp,M. Kaalund,Hvidovre,538,0.7648545391334701,-0.24094888495242367,1.0058034240858937,Hvidovre,Midfielder,54.9,43.2,762,21,Roaming DM,DM,0.0018695230930964569,0.11879568001014493,0.01677103518233834,0.10202464482780658
7fkc01xxyl1trj3uav134ehyi,D. Gadegaard,Esbjerg,561,-2.35067702517301,1.2789866672879098,-3.62966369246092,Esbjerg,Goalkeeper,11.6,49.4,1350,40,Top-of-Box GK,GK,-0.006469988756614831,-0.24197757949739468,-0.33857827047647715,0.09660069097908247
9350utk4onh2hv5jznxqpkd7t,R. Møller,Hillerød,707,-0.11132804554737306,0.5895213910674353,-0.7008494366148084,Hillerød,Defender,37.2,72.35,691,22,LCB,CB,-0.0009913004761171265,-0.09128284992088675,-0.1858669114841256,0.09458406156323884
5z7y55t2o577r8ki3i5855as,J. Witt,Hillerød,1436,0.3189295721463214,1.6406746853306693,-1.3217451131843476,Hillerød,Defender,34.4,43.4,1199,12,Narrow RCB,CB,-0.0009204353155879858,-0.09921356145670666,-0.1858669114841256,0.08665335002741893
9ircna8pbskreztmy1wiqwx9m,S. Yatéké,Kolding,579,-0.322196279617902,-1.802336934004757,1.480140654386855,Kolding,Striker,68.5,59.4,1045,14,Roaming Deep ST,ST,0.0025563741871966407,0.1274762286074803,0.04496825035722777,0.08250797825025255
g2cgdv428rmpmb0om40ldses,M. Lysholm,Roskilde,461,-0.016116787732871556,0.7012433398123257,-0.7173601275451972,Roskilde,Defender,34.1,57.2,618,42,CB,CB,-0.0015560957213561761,-0.10446992148716464,-0.1858669114841256,0.08139698999696096
e9o7q10wnhex4e8eo47mobbvt,J. Bonde,OB,993,0.46707448945076446,-1.0197324972769226,1.486806986727687,OB,Midfielder,56.2,35.8,1369,31,Right Defensive Mid,DM,0.0014972880027469154,0.09774479825090711,0.01677103518233834,0.08097376306856877
bwozpgcm48s08t1glxfgjajmd,N. Halse,Roskilde,1042,1.3607745665827078,-0.12878137293712305,1.489555939519831,Roskilde,Midfielder,41.9,49.1,1410,46,Defensive Mid,DM,0.001429516256736882,0.09507803869275516,0.01677103518233834,0.07830700351041682
ea2x4o6ufsqoz2zz7tqcnvo16,L. Klitten,Hobro,1099,2.601709896546466,-0.5484928940615003,3.1502027906079664,Hobro,Defender,55.0,83.0,1471,16,Inverting Attacking LB,FB,0.0028664265610627536,0.1927384440208817,0.12051611131651079,0.07222233270437091
khqldwfq14b7giakss24l9t5,K. Enghardt,Hillerød,898,0.0014800434070629427,1.1057051878319084,-1.1042251444248454,Hillerød,Defender,38.5,24.1,874,33,Wide RCB,CB,-0.001229649381319427,-0.1137073947348239,-0.1858669114841256,0.0721595167493017
4lxxyqy78jkglhv2w6crzcnsa,O. Kolskogen,Horsens,878,-0.44121018900529674,0.9560126787957476,-1.3972228678010443,Horsens,Defender,33.55,64.69999999999999,1089,35,LCB,CB,-0.0015913700088850164,-0.11547296428107805,-0.1858669114841256,0.07039394720304755
ekx0wotp433tuaw4g93nybjmc,S. Jalal,Kolding,703,1.6042054958911538,-1.2972014701054013,2.9014069659965553,Kolding,Midfielder,64.9,73.2,1009,6,Left Winger,Winger,0.004127179183494389,0.25879744989067394,0.1908770410634783,0.06792040882719563
6sdv4s8oz558wfhx72vwlpvu2,L. Moser,Kolding,266,-1.3197141915690758,0.8677969057008289,-2.187511097269905,Kolding,Goalkeeper,12.95,50.8,720,10,Mobile Box GK,GK,-0.008223725929586109,-0.2734388871587381,-0.33857827047647715,0.06513938331773905
a30gduuv9d1s4pkthgu2jhyol,D. Stenderup,Hvidovre,1431,-0.5025659971443711,1.4793035144438917,-1.9818695115882627,Hvidovre,Defender,32.2,64.3,1440,15,Narrow LCB,CB,-0.0013849542359107357,-0.12386684447426642,-0.1858669114841256,0.062000067009859175
65g5cfsdr10378yvmkpm19444,A. Dahl,Fredericia,1083,2.803390993054139,0.004049790076650592,2.7993412029774882,Fredericia,Defender,46.6,14.4,1390,13,Attacking RB,FB,0.002584802588160192,0.18125230810645607,0.12051611131651079,0.06073619678994528
bmkwmf5f2ssnw2cq7uga7yd5g,A. Troelsen,Esbjerg,675,-0.3151496848111642,0.9018299067035701,-1.2169795915147343,Esbjerg,Defender,33.7,60.6,866,42,CB,CB,-0.0018029327281699767,-0.12647593907197008,-0.1858669114841256,0.05939097241215552
8uhv14rin2znrr0wqgvcc2f2t,M. Delač,Horsens,703,-2.7055157614665117,1.791344782373048,-4.49686054383956,Horsens,Goalkeeper,10.3,49.0,1440,50,Advanced Box GK,GK,-0.006396672181848592,-0.2810537839899725,-0.33857827047647715,0.057524486486504656
8gdfn7j6xac9p4jh94hk40jdg,J. Cornelius,Hobro,391,0.03805874574081632,-0.7933334755383044,0.8313922212791206,Hobro,Striker,67.6,43.7,751,14,Roaming Deep ST,ST,0.002126322816570641,0.09963422092559368,0.04496825035722777,0.05466597056836591
bdz03qovxerzrv12lgljae1p0,C. Tapé,Horsens,772,0.7639183219066881,-0.8456493004412372,1.6095676223479254,Horsens,Defender,52.7,89.2,830,24,Attacking LB,FB,0.0020849321533004217,0.1745314289292931,0.12051611131651079,0.05401531761278232
5lu7bn7uec3zjqpoi1x81gbu1,S. Hausner,Horsens,1453,-0.9525035548907252,1.1409599414194267,-2.093463496310152,Horsens,Defender,35.8,29.2,1421,19,RCB,CB,-0.0014407869898899876,-0.13259093220824328,-0.1858669114841256,0.05327597927588232
dqtarwrqvkopmzbt2ovp2dln9,B. Paulsen,OB,1037,-0.8394136171606895,0.9716614888013062,-1.8110751059619958,OB,Defender,33.55,34.0,1225,9,RCB,CB,-0.001746456225614268,-0.1330585792135344,-0.1858669114841256,0.0528083322705912
6bajck5osvj7trnwt2a5mc3dg,I. Tånnander,Kolding,410,0.2813380085317342,-0.3118583045967885,0.5931963131285227,Kolding,Midfielder,67.6,59.3,556,52,Roaming Advanced ST,ST,0.0014468202759232262,0.09602098593807024,0.04496825035722777,0.051052735580842466
cqsc3mj8klukkgutdrpegybdg,K. Karikari,Horsens,358,-0.8106107917433436,-1.6105688828230766,0.7999580910797331,Horsens,Striker,73.2,50.7,770,47,Box ST,ST,0.002234519807485288,0.0935015950612675,0.04496825035722777,0.04853334470403973
ebd3uvtt54wkdsahc2127j02c,F. Dietz,Hobro,1330,-1.030105816568946,1.2062764039652878,-2.236382220534234,Hobro,Defender,34.7,74.0,1426,45,Wide LCB,CB,-0.0016814903913791232,-0.14114614295096847,-0.1858669114841256,0.044720768533157124
2z8u8kyv91shp0la8alkn6kus,M. Ejdum,OB,858,1.2400293892735632,-1.286052488978143,2.5260818782517065,OB,Midfielder,61.0,67.6,1287,2,Roaming LCM,CM,0.0029441513732537373,0.17664908239522423,0.13337065108364057,0.043278431311583654
7h02v4ymnko5fh01iylbh34es,R. Arabaci,Roskilde,547,0.20449907832640127,-0.7617299155381342,0.9662289938645354,Roskilde,Striker,70.35,52.55,990,52,Roaming Advanced ST,ST,0.0017664149796426608,0.08783899944223049,0.04496825035722777,0.04287074908500272
dncrhma6gwcn6pxiu7hfc6qz8,A. Smed,Hvidovre,751,1.3810799966865916,-1.9794717459289852,3.3605517426155767,Hvidovre,Midfielder,66.0,32.2,1307,5,Wide RAM,Winger,0.004474769297757092,0.23140754157261048,0.1908770410634783,0.04053050050913218
dqssvdpt2iwg8qn9wto3miind,A. Leifsson,Kolding,851,-1.02642048269088,0.9734098931386255,-1.9998303758295057,Kolding,Defender,31.0,51.3,1222,17,CB,CB,-0.0023499769398701597,-0.14728701622312235,-0.1858669114841256,0.03857989526100325
4qyfoq5fjiochtj89w426lm21,S. Andreasen,Hobro,355,-0.5354058264059753,-1.1078874609738962,0.572481634567921,Hobro,Striker,65.6,46.0,682,14,Roaming Deep ST,ST,0.001612624322726538,0.07554742978169046,0.04496825035722777,0.030579179424462692
uiyol728wan4mxco2foplknp,A. Justinussen,Hillerød,859,0.9544791554305136,-2.138735510586845,3.0932146660173587,Hillerød,Striker,68.3,75.05,1275,34,Wide LAM,Winger,0.0036009483888444225,0.21834456466004887,0.1908770410634783,0.027467523596570564
e19g5bz7s9wqcvj8mttztxi0a,O. Klitten,Hobro,1021,1.4332011471039399,-0.861767502493461,2.294968649597401,Hobro,Striker,54.4,15.5,1436,30,Deep/Inverting RB,FB,0.0022477655725733603,0.14383508249565885,0.12051611131651079,0.023318971179148065
9jqox80arzpytv1b136jobhpm,A. Bøndergaard,Fredericia,378,-0.9680093362435838,-1.888667935122299,0.9206585988787153,Fredericia,Striker,69.6,50.4,1264,47,Box ST,ST,0.0024356047589384,0.0655532230214275,0.04496825035722777,0.020584972664199737
8h3cyhuw5049gcxrsld3rw1ec,V. Westh,Kolding,834,1.3633305158191649,-0.39154741422976674,1.7548779300489317,Kolding,Midfielder,56.8,53.3,1037,43,Half-Space CM,CM,0.002104170179914786,0.15230377406403456,0.13337065108364057,0.018933122980393985
2tcdx5rp7vujnlid4oqqxdogk,M. Due Grandt,Hillerød,1132,1.5503585610988484,-0.7171249641929383,2.267483525291787,Hillerød,Midfielder,53.4,49.0,1346,36,Central Mid,CM,0.002003077319162356,0.15161479738206599,0.13337065108364057,0.018244146298425412
aejgqvdw1jftxaa538kaa15w4,O. Juul,Roskilde,1080,1.460189101258719,-0.6289467686471191,2.089135869905838,Roskilde,Defender,45.3,87.5,1369,16,Inverting Attacking LB,FB,0.001934385064727628,0.13734275258694334,0.12051611131651079,0.016826641270432555
5nved2kta2hk8103hkyhq33hm,M. Jakobsen,HB Køge,787,-0.7599181247475711,1.3938625332316232,-2.1537806579791945,HB Køge,Defender,34.1,50.8,1143,17,CB,CB,-0.0027366971511806793,-0.16958902818733815,-0.1858669114841256,0.01627788329678745
9r07ooissj5mz15g87x5rmbx1,C. Jakobsen,Hvidovre,1020,3.1004230008118374,-1.2569347456690296,4.357357746480867,Hvidovre,Midfielder,59.2,46.1,1320,25,Half-Space AM,AM,0.004271919359294968,0.29709257362369546,0.28175474995516636,0.015337823668529094
9yxhg70gpwi3e9s84c8qwg0yx,J. Dakir,Hobro,488,-2.7612915704605148,1.1364441033301518,-3.8977356737906663,Hobro,Goalkeeper,10.25,48.1,1080,40,Top-of-Box GK,GK,-0.00798716326596448,-0.3248113061492222,-0.33857827047647715,0.013766964327254938
d9hh01mit4geyadol3gmzco9,F. Đukić,Hvidovre,742,-3.3623798984498343,2.1684183747298893,-5.530798273179723,Hvidovre,Goalkeeper,10.6,47.8,1530,32,Advanced Box GK,GK,-0.007453906028544102,-0.3253410748929249,-0.33857827047647715,0.013237195583552241
dshwz1df0rbe0fztksawvd0wl,M. Olsen,Hvidovre,1170,-1.1268883107732417,1.5227361124159702,-2.649624423189212,Hvidovre,Defender,33.6,29.4,1354,11,RCB,CB,-0.0022646362591360785,-0.17611979179248824,-0.1858669114841256,0.009747119691637357
839pm7rmjp6q1bt52f7ek9vys,J. Meyer,Esbjerg,779,-0.6506145185403118,1.46744665068495,-2.1180611692252618,Esbjerg,Defender,31.1,39.1,1056,12,Narrow RCB,CB,-0.002718948869352069,-0.18051657692260753,-0.1858669114841256,0.005350334561518066
axyrfq1u8nwcj2ss5498u8qhg,L. Kjerrumgaard,OB,478,-2.656436344594641,-3.1402114104182774,0.48377506582363705,OB,Striker,70.80000000000001,55.9,951,47,Box ST,ST,0.0010120817276645126,0.04578312925775745,0.04496825035722777,0.0008148789005296836
4jve632xnmqujh4ioaxpaovai,T. Freriks,Esbjerg,388,-0.4041966602764543,-0.8000880828316226,0.39589142255516835,Esbjerg,Striker,61.9,44.5,911,41,Striker,ST,0.0010203387179256915,0.03911111748624056,0.04496825035722777,-0.005857132870987207
eyvv6b94feknnp1uew6n0ytat,N. Mouritsen,B 93,1195,1.258066972271855,-0.3325195947916858,1.5905865670635406,B 93,Defender,43.8,89.6,1265,24,Attacking LB,FB,0.0013310347841535904,0.11316426168831514,0.12051611131651079,-0.007351849628195642
c7buy99bjqmkmno8w5t0189d6,T. Stagaard,Esbjerg,1042,-0.9523153475987562,1.726223084636987,-2.6785384322357433,Esbjerg,Defender,29.7,69.5,1229,28,LCB,CB,-0.0025705743111667403,-0.19615008860961508,-0.1858669114841256,-0.010283177125489484
15yli690oxmbr4dl1ksti2p9m,M. Maden,Esbjerg,380,0.06930299559766798,0.11062618514277303,-0.041323189545105,Esbjerg,Midfielder,53.85,37.9,674,21,Roaming DM,DM,-0.00010874523564501315,-0.005517933322046662,0.01677103518233834,-0.022288968504385002
7pnxa8wzxx5qxevcckxdd62tx,E. Nielsen,Roskilde,310,-0.23717358535027128,-0.44400245913865033,0.20682887378837905,Roskilde,Striker,66.4,37.35,937,14,Roaming Deep ST,ST,0.0006671899154463841,0.019866167172843237,0.04496825035722777,-0.025102083184384533
kqj7nh6pqmqbt0abyyu0fcpg,O. Addo,B 93,833,1.571729199734028,-0.8457970105850827,2.41752621031911,B 93,Striker,65.1,77.3,1321,34,Wide LAM,Winger,0.002902192329314658,0.16470655482870547,0.1908770410634783,-0.026170486234772833
619s1phj5bkgkug3aszc1y9cl,M. Jensen,HB Køge,718,0.313838018577561,-0.924456138628844,1.238294157206405,HB Køge,Midfielder,52.0,62.6,1047,2,Roaming LCM,CM,0.001724643672989422,0.1064436238286308,0.13337065108364057,-0.02692702725500977
8gqvlydur0v4cpmz1ozqkejh0,M. Bruhn,Hobro,291,-0.33644850209116467,-0.5040788607731268,0.1676303586819621,Hobro,Striker,66.05,40.85,916,14,Roaming Deep ST,ST,0.0005760493425496979,0.016470231748227718,0.04496825035722777,-0.028498018609000052
wha77a8wm7jyn32743y0w79x,T. Trybull,OB,620,0.4729539492129019,0.5651022980026548,-0.09214834878975289,OB,Midfielder,45.3,57.9,571,38,Left Defensive Mid,DM,-0.00014862636901573047,-0.014524258127982066,0.01677103518233834,-0.0312952933103204
23sc7wc7my7wes6cuaxw1v0no,J. Lindekilde,Fredericia,600,0.4852592219464668,-0.6372894783231849,1.1225487002696517,Fredericia,Defender,58.5,43.2,990,43,Half-Space CM,CM,0.0018709145004494195,0.10204988184269562,0.13337065108364057,-0.03132076924094496
dwuxps3jv2852642q000wep6,V. Rasmussen,Hobro,729,0.6642756702651152,-0.5741214489745633,1.2383971192396785,Hobro,Midfielder,64.6,66.05,1113,2,Roaming LCM,CM,0.0016987614804385165,0.10013992877948884,0.13337065108364057,-0.033230722304151736
7j35sfip0xb51mpa91wzikrh0,O. Øhlenschlæger,Vendsyssel,1006,-0.03422449137120808,0.20752772590418805,-0.24175221727539617,Vendsyssel,Midfielder,50.45,53.75,1243,38,Left Defensive Mid,DM,-0.000240310355144529,-0.01750418306901501,0.01677103518233834,-0.03427521825135335
8gqvlydur0v4cpmz1ozqkejh0,M. Bruhn,Hillerød,144,-0.4913403455269139,-0.592345020166826,0.10100467463991213,Hobro,Striker,66.05,40.85,916,14,Roaming Deep ST,ST,0.0007014213516660564,0.009924040084707523,0.04496825035722777,-0.03504421027252025
64vlnkuqfh7rnymg8qku8amwa,L. Schulz,Vendsyssel,739,-3.6183475182212432,2.389619051370088,-6.007966569591331,Vendsyssel,Goalkeeper,10.35,49.0,1440,50,Advanced Box GK,GK,-0.008129860040042397,-0.3754979105994582,-0.33857827047647715,-0.036919640122981046
m031ocyfq011rual3olkegdm,A. Taranis,Roskilde,674,0.8301088899015412,-1.0462866439145824,1.8763955338161236,Roskilde,Striker,64.25,67.2,1097,6,Left Winger,Winger,0.002783969634742023,0.15394311580989162,0.1908770410634783,-0.036933925253586686
8mswl5vzza12hylodrrsq3zvu,A. Kappenberger,Hillerød,768,-3.7766655197980925,2.2365658561344466,-6.013231375932539,Hillerød,Goalkeeper,12.05,49.0,1440,32,Advanced Box GK,GK,-0.007829728354078826,-0.37582696099578367,-0.33857827047647715,-0.037248690519306515
5i6n6yne6fh410vk7p7kkokmi,G. Arndal-Lauritzen,Hillerød,736,-0.8809110834950009,0.9791866605246238,-1.8600977440196247,Hillerød,Defender,38.4,74.4,749,45,Wide LCB,CB,-0.0025273067174179683,-0.22350974227205106,-0.1858669114841256,-0.03764283078792546
ayxi2m0g0pm6rl1ba5pto66z9,G. Marcussen,Fredericia,779,1.8854604492091696,-1.409522606285118,3.2949830554942876,Fredericia,Midfielder,62.2,64.2,1225,51,Left Attacking Mid,AM,0.0042297600198899716,0.24208038775060073,0.28175474995516636,-0.03967436220456563
7wo1hk736v1xhovvu2t2trw89,Y. Bourhane,Esbjerg,1211,0.5100226260242032,0.8724291487510517,-0.3624065227268485,Esbjerg,Midfielder,46.2,50.3,1283,46,Defensive Mid,DM,-0.00029926219878352475,-0.025422125522538083,0.01677103518233834,-0.04219316070487642
6bv0j0ezhh9u5u5hqz64p790q,M. Jacobsen,Hobro,1010,-1.1917043827999259,1.7623881222367341,-2.9540925050366598,Hobro,Defender,29.0,44.9,1165,17,CB,CB,-0.0029248440643927323,-0.22821315489553595,-0.1858669114841256,-0.042346243411410356
6dzg820946z4848whaa6ny2nd,N. Clausen,Hvidovre,1105,0.6264220634110356,-0.33965478415345557,0.9660768475644911,Hvidovre,Defender,42.2,83.2,1229,16,Inverting Attacking LB,FB,0.0008742776901036119,0.07074606694939316,0.12051611131651079,-0.04977004436711763
bop31qof3lon7u6rvmb68ktzp,M. Bay,Hillerød,424,-0.4121065524910743,-0.34832526843616757,-0.06378128405490677,Hillerød,Midfielder,61.6,51.1,693,14,Roaming Deep ST,ST,-0.00015042755673327067,-0.008283283643494385,0.04496825035722777,-0.053251534000722155
dyzzo6n83rg4fpvmqqa69moes,A. Beck,Kolding,347,0.28242996085730254,-1.2369127778037843,1.519342738661087,Kolding,Midfielder,67.6,33.1,600,37,Right Attacking Mid,AM,0.004378509333317253,0.22790141079916304,0.28175474995516636,-0.05385333915600332
5dlh0fa9yo6z283w9p58xmnoq,N. Schmidt,Hillerød,641,0.4888812871674025,-0.11769927382580671,0.6065805609932091,Hillerød,Midfielder,54.6,50.85,698,36,Central Mid,CM,0.0009463035272904978,0.07821239325127338,0.13337065108364057,-0.05515825783236719
5e5fuj7mbkpvf0bug32ixxc5x,S. Makienok,Hvidovre,384,-1.1790831402097723,-1.1024299836821656,-0.07665315652760674,Hvidovre,Striker,61.2,51.65,598,41,Striker,ST,-0.00019961759512397587,-0.011536428239940813,0.04496825035722777,-0.05650467859716858
f1ba9g771s0zeel0titcj3omi,A. Njai,Kolding,494,0.47821961730174506,-0.5328673892084519,1.011087006510197,Kolding,Defender,67.6,79.15,694,6,Left Winger,Winger,0.0020467348309923016,0.13112079335146645,0.1908770410634783,-0.05975624771201185
a7eramyy1bd8msxmg84ctc8ut,A. Simon Okosun,Vendsyssel,905,-1.7475278193596933,1.2545369051971522,-3.0020647245568455,Vendsyssel,Midfielder,37.1,49.8,1099,18,RCB,CB,-0.0033171985906705476,-0.24584697471348144,-0.1858669114841256,-0.05998006322935584
eiy7fhqxdx3ypg4dq4454hpbe,V. Birksø,Fredericia,642,-3.0898165406063245,2.120249509565722,-5.210066050172046,Fredericia,Goalkeeper,9.4,50.0,1170,3,Goalkeeper,GK,-0.008115367679395712,-0.40077431155169585,-0.33857827047647715,-0.0621960410752187
7ztdirfvd9d0x2yw1v051xzbo,W. Madsen,Fredericia,1027,1.4702390412482838,0.5096286592621847,0.960610381986099,Fredericia,Midfielder,47.0,46.1,1269,36,Central Mid,CM,0.0009353557760332026,0.06812839588553894,0.13337065108364057,-0.06524225519810163
4a0jmv6qmwn01iuqp1mhnyzth,N. Thomsen,B 93,637,0.439200280117724,-0.47175602585655724,0.9109563059742813,B 93,Midfielder,57.8,47.5,1209,43,Half-Space CM,CM,0.0014300726938371764,0.06781312451421449,0.13337065108364057,-0.06555752656942608
b0yv1pcxifawqx6r1cfqq3otm,Z. Hyltoft,Hobro,815,-0.14680444264121792,0.4340269421165254,-0.5808313847577433,Hobro,Midfielder,43.3,47.5,1038,46,Defensive Mid,DM,-0.0007126765457150225,-0.05036110272465982,0.01677103518233834,-0.06713213790699817
4ti8pdx03j8dh4mdb626ltmvo,N. Jakobsen,HB Køge,558,0.5048300737971072,0.07744427176813518,0.4273858020289721,HB Køge,Midfielder,43.4,84.7,740,16,Inverting Attacking LB,FB,0.0007659243763960073,0.051979354300820936,0.12051611131651079,-0.06853675701568984
6zhj070huc77sl5o5bx6ey5g4,G. Fraulo,Roskilde,602,-0.13039270857502214,0.3477909876906996,-0.47818369626572177,Roskilde,Midfielder,45.2,30.1,809,21,Roaming DM,DM,-0.0007943250768533584,-0.053197197359598214,0.01677103518233834,-0.06996823254193656
cf6zq49y8v1ekw07e7yi3uac,A. Maarup,Roskilde,687,-0.9222683547932765,-0.500380003652142,-0.4218883511411345,Roskilde,Midfielder,62.6,40.6,1301,14,Roaming Deep ST,ST,-0.0006141024034077649,-0.029185204921369796,0.04496825035722777,-0.07415345527859757
bvw5oc4c040ey5dt5wn0choiy,G. Mortensen,Vendsyssel,652,0.7457612074647822,0.2639240806914582,0.4818371267733242,Vendsyssel,Defender,45.1,86.25,992,16,Inverting Attacking LB,FB,0.0007390139981185954,0.04371506190483788,0.12051611131651079,-0.0768010494116729
6hmsrr08cllpl4iumu92zskbt,L. From,Esbjerg,489,0.6639486827884729,-0.7456069044596324,1.4095555872481054,Esbjerg,Striker,67.0,29.6,1127,5,Wide RAM,Winger,0.002882526763288559,0.11256433261076264,0.1908770410634783,-0.07831270845271567
b2gkyjq8emj9pywryc3rycogl,M. Falkesgaard,B 93,747,-3.3403570249422683,2.056374220688802,-5.39673124563107,B 93,Goalkeeper,11.2,50.3,1165,40,Top-of-Box GK,GK,-0.007224539820121914,-0.4169148601775076,-0.33857827047647715,-0.07833658970103047
3od63zrf6cay4d6ync9i2iuqc,F. Rieper,Fredericia,1452,-1.3527324708315012,2.9562025127104543,-4.308934983541955,Fredericia,Defender,29.7,42.3,1440,18,RCB,CB,-0.0029675860768195285,-0.2693084364713722,-0.1858669114841256,-0.0834415249872466
139g7ilwvcpl519v3scnweg2d,L. Jensen,Vendsyssel,435,0.4928523549133698,-0.39931928011294104,0.8921716350263108,Vendsyssel,Striker,63.8,18.90000000000001,751,5,Wide RAM,Winger,0.0020509692759225536,0.10691803881806655,0.1908770410634783,-0.08395900224541175
80s55a7uw8kypoikefwhtdm5m,M. Fenger,OB,646,-1.521690132770364,-1.0167444896215685,-0.5049456431487955,OB,Striker,66.75,65.5,1085,52,Roaming Advanced ST,ST,-0.0007816496023975163,-0.04188489205842543,0.04496825035722777,-0.0868531424156532
auv81snxkpk2ybxzi8giy5azt,N. Strunck,Esbjerg,712,0.017249800742210837,-0.6105565020707626,0.6278063028129734,Esbjerg,Midfielder,58.4,56.95,1220,43,Half-Space CM,CM,0.00088175042529912,0.04631357971571116,0.13337065108364057,-0.08705707136792942
1n4eldqa7h9jvcx1693zqu06i,T. Arndal,Hillerød,584,0.0717805001511838,-1.0746449836693932,1.146425483820577,Hillerød,Midfielder,61.4,25.9,1007,5,Wide RAM,Winger,0.0019630573353092073,0.10246106608128294,0.1908770410634783,-0.08841597498219536
8rn42gm9xm3yunk883yan9vdg,B. Clemmensen,Vendsyssel,464,-0.9428521598557962,0.8661838444932578,-1.809036004349054,Vendsyssel,Defender,31.6,57.8,585,42,CB,CB,-0.003898784492131582,-0.27831323143831604,-0.1858669114841256,-0.09244631995419045
8r9iqig43yjty7l1oq6yg73mc,M. Brylov,Roskilde,825,-4.820025594623362,2.5425323404827944,-7.362557935106157,Roskilde,Goalkeeper,10.7,50.9,1530,40,Top-of-Box GK,GK,-0.008924312648613522,-0.43309164324153865,-0.33857827047647715,-0.0945133727650615
78iynnu6cnznv6fxpo4br4mlm,V. Mpindi,Vendsyssel,480,-0.15330322265600646,0.3650338030845901,-0.5183370257405966,Vendsyssel,Midfielder,41.85,54.5,566,38,Left Defensive Mid,DM,-0.001079868803626243,-0.08242108183154363,0.01677103518233834,-0.09919211701388198
9lsylzgf7e3i5zb0fshnxo6xg,S. Sharif,Hillerød,498,0.13734759948802935,0.026051928449220232,0.11129567103880908,Hillerød,Defender,57.1,12.1,644,13,Attacking RB,FB,0.00022348528321046,0.015553742847038537,0.12051611131651079,-0.10496236846947225
81gka3mi69fh8gyehyy8xo9as,C. Allen,Hillerød,653,0.140513212397184,0.001535696813135425,0.13897751558404867,Hillerød,Defender,49.8,10.4,867,53,High & Wide RB,FB,0.0002128292734824635,0.014426731721527543,0.12051611131651079,-0.10608937959498324
630daj1ef34rczbhng0eoncvd,M. Kiilerich,Hvidovre,562,-0.703150465319747,1.2845822356119039,-1.9877327009316508,Hvidovre,Defender,30.85,35.8,593,12,Narrow RCB,CB,-0.0035368909269246455,-0.30167949929822696,-0.1858669114841256,-0.11581258781410136
81c40rn7lrb39qu0sam8kv6dw,O. Skolnik,Roskilde,1014,-1.8164925446932354,2.8421872881572043,-4.6586798328504395,Roskilde,Defender,31.8,70.9,1364,35,LCB,CB,-0.004594358809517199,-0.30739089806197917,-0.1858669114841256,-0.12152398657785357
18vvlxsaoloypja4fdddj687o,O. Jebali,Vendsyssel,598,-0.9419970178501558,1.489340811300215,-2.4313378291503707,Vendsyssel,Defender,31.2,64.8,709,15,Narrow LCB,CB,-0.004065782322993931,-0.3086324465776211,-0.1858669114841256,-0.12276553509349553
am3509ake84cde1xhb9264i22,M. Gudmann,HB Køge,1379,-2.0888698871145213,2.8719282439905585,-4.960798131105079,HB Køge,Defender,28.1,31.5,1440,9,RCB,CB,-0.0035973880573640896,-0.31004988319406745,-0.1858669114841256,-0.12418297170994186
bpldj4qdzfdm1n739atcadbmc,B. Kücükylidiz,Hillerød,539,0.027491176184746717,-0.02555273670380294,0.053043912888549705,Hillerød,Midfielder,49.6,50.3,572,36,Central Mid,CM,9.841171222365437e-05,0.008346070209736841,0.13337065108364057,-0.12502458087390372
bfvdr7ckiersz26ya2kq9f1g4,A. Iljazovski,Hvidovre,1210,0.24778418099689012,0.31456847282665856,-0.06678429182976844,Hvidovre,Defender,41.7,19.1,1171,4,Wide RCB / Inverting Deep RB,FB,-5.519362961137888e-05,-0.0051328661525868145,0.12051611131651079,-0.1256489774690976
1se7wkenvs4elrapvdw9mdnje,L. Montano,Esbjerg,796,-0.3898691672234208,-0.3295456910521317,-0.06032347617128904,Esbjerg,Defender,42.9,85.9,1011,16,Inverting Attacking LB,FB,-7.57832615217199e-05,-0.005370042389135523,0.12051611131651079,-0.12588615370564632
74m58jsznzu8l89b8h7rkh1bd,C. Jensen,HB Køge,524,-0.8091164588940094,0.4783599735851426,-1.2874764324791519,HB Køge,Striker,50.55,45.3,1042,21,Roaming DM,DM,-0.0024570160925174653,-0.11120237900491714,0.01677103518233834,-0.12797341418725547
e8vt8711wb40afht2v13omket,M. Wohlgemuth,B 93,1107,-0.31528381141798967,1.0943297598044577,-1.4096135712224473,B 93,Midfielder,41.1,50.7,1121,46,Defensive Mid,DM,-0.0012733636596408738,-0.11317147315791282,0.01677103518233834,-0.12994250834025114
5w0giylttgiapseaw6qky0mxg,F. Christensen,Horsens,920,0.5774607045706359,0.5632417338698922,0.01421897070074389,Horsens,Midfielder,47.150000000000006,46.7,989,36,Central Mid,CM,1.5455402935591184e-05,0.0012939407108867038,0.13337065108364057,-0.13207671037275387
ef7l91pb4w6yk7lijxjxlievp,M. Greve,Vendsyssel,881,-1.469669734226981,2.2683804123714615,-3.7380501465984426,Vendsyssel,Defender,30.4,33.6,1036,9,RCB,CB,-0.004242962708965315,-0.3247340860944593,-0.1858669114841256,-0.1388671746103337
9dh7cnu4uzbraeck0t5iqlj4k,A. Herdonsson,Horsens,795,-0.38087162063493907,-0.25733556380762224,-0.12353605682731689,Horsens,Midfielder,54.7,59.9,897,2,Roaming LCM,CM,-0.0001553912664494552,-0.012394922089697346,0.13337065108364057,-0.1457655731733379
9tt9eo9bsff7dp7aqjal1obo4,F. Høgh,Hvidovre,598,-0.5539465724561918,-0.3627955589040055,-0.19115101355218633,Hvidovre,Striker,62.0,53.7,1315,43,Half-Space CM,CM,-0.00031965052433475974,-0.013082578874294122,0.13337065108364057,-0.1464532299579347
duvhbifjh37mvlm46akiy431m,M. Juhl,Roskilde,1376,0.4916044924075699,0.950004328968753,-0.45839983656118316,Roskilde,Defender,44.1,12.1,1435,8,Deep RB,FB,-0.00033313941610551103,-0.028749815533453994,0.12051611131651079,-0.1492659268499648
2pm5oqzyonn0dysa5nszgq3xm,H. Bonnesen,HB Køge,1240,-2.118716341280515,3.2343853269830456,-5.353101668263561,HB Køge,Defender,29.3,70.5,1437,35,LCB,CB,-0.004317017474406097,-0.3352673278661938,-0.1858669114841256,-0.1494004163820682
99tm7b6ux9s4qocz0y4pcahas,V. Montell,Roskilde,710,-1.4889492696357123,1.1008095724012488,-2.589758842036961,Roskilde,Defender,31.05,24.3,694,33,Wide RCB,CB,-0.0036475476648407897,-0.33584768844859725,-0.1858669114841256,-0.14998077696447165
3mgrufy83uhzs9liw8pwxi784,G. Larsen,HB Køge,398,-0.6920224832753756,0.4496658058996378,-1.1416882891750135,HB Køge,Midfielder,46.3,45.1,732,21,Roaming DM,DM,-0.0028685635406407377,-0.14037151096414102,0.01677103518233834,-0.15714254614647935
3mcj3wypzq3lno1ehc0vif1sl,J. Arias,HB Køge,653,-1.6342594604636183,0.01524605473312948,-1.6495055151967477,HB Køge,Striker,56.7,50.6,1309,14,Roaming Deep ST,ST,-0.002526042136595326,-0.1134113799600514,0.04496825035722777,-0.15837963031727917
y4dl1rer075c9wz6zhx7skbt,O. Buch,Fredericia,527,-1.2427600270656949,-1.5716654183276049,0.3289053912619098,Fredericia,Striker,68.69999999999999,24.05,1013,5,Wide RAM,Winger,0.0006241089018252558,0.02922160435693177,0.1908770410634783,-0.16165543670654653
5u9zrgsm6wycfcbk04m64wd1w,N. Morberg,B 93,693,-0.6248240210982896,0.8141264176608859,-1.4389504387591754,B 93,Midfielder,42.5,51.3,876,38,Left Defensive Mid,DM,-0.0020764075595370497,-0.14783737384512075,0.01677103518233834,-0.16460840902745907
eas91my7qw7etoha5plxfk9yi,J. Mortensen,Esbjerg,957,-0.06211898473750893,0.6859431583302753,-0.7480621430677842,Esbjerg,Defender,43.5,14.3,1349,4,Wide RCB / Inverting Deep RB,FB,-0.0007816741306873397,-0.04990777826249116,0.12051611131651079,-0.17042388957900195
35og29e19w0ykeqcvudhpgr8,N. Vesterbæk,Roskilde,463,-1.0188804362407806,1.1254848887128714,-2.144365324953652,Roskilde,Defender,31.3,28.6,541,9,RCB,CB,-0.004631458585213071,-0.35673360304219714,-0.1858669114841256,-0.17086669155807155
1icurh5jrnw1e6jdgqxjnhdnu,G. Çulhacı,HB Køge,724,0.4965824959165853,1.1180351484346673,-0.6214526525180819,HB Køge,Defender,39.9,84.1,995,20,Deep/Inverting LB,FB,-0.0008583600172901684,-0.056211797715203383,0.12051611131651079,-0.17672790903171418
6wfu6s6xo5zjeke21fgbouql0,J. Jessen,Fredericia,841,0.14577024711027542,-0.9375962559071165,1.083366503017392,Fredericia,Midfielder,53.9,68.1,949,51,Left Attacking Mid,AM,0.0012881884696996338,0.10274287172978429,0.28175474995516636,-0.17901187822538206
9b89pmcjk6re94bjp0ixeatjo,F. Christensen,Hobro,278,-1.583594603209396,-0.6652939708051508,-0.9183006324042452,Hobro,Striker,62.25,50.4,611,47,Box ST,ST,-0.003303239684907357,-0.13526523226903775,0.04496825035722777,-0.1802334826262655
egwhlgopjtjkop7ozy7ltk1cl,F. Børsting,Vendsyssel,670,-0.7368036074184043,1.0986837915687786,-1.835487398987183,Vendsyssel,Midfielder,50.45,38.55,990,21,Roaming DM,DM,-0.0027395334313241536,-0.16686249081701662,0.01677103518233834,-0.18363352599935495
duahzgqspyuy2gu31u3s8ky96,M. Lassen,Vendsyssel,716,-0.2368805942687005,0.4966664093039222,-0.7335470035726227,Vendsyssel,Defender,45.75,12.7,1021,53,High & Wide RB,FB,-0.0010245069882299199,-0.06466134213666606,0.12051611131651079,-0.18517745345317685
4rhxehi019n7z1z1m7a39w1sk,K. Nyegaard,Roskilde,813,-0.716296080864393,1.2096887034402997,-1.9259847843046927,Roskilde,Midfielder,47.1,55.35,1007,38,Left Defensive Mid,DM,-0.0023689849745445173,-0.1721336947243519,0.01677103518233834,-0.18890472990669022
b1kyjkhaaiw32cb4bubbpm7tg,J. Kudsk,Fredericia,750,-1.5610159193611068,1.830681581295628,-3.391697500656735,Fredericia,Defender,30.0,54.2,803,18,RCB,CB,-0.00452226333420898,-0.3801404421657611,-0.1858669114841256,-0.1942735306816355
8xe0fufxfgf5cuwgysz3r2j85,E. Christensen,B 93,801,-1.6377694298153609,1.6438535388745366,-3.2816229686898977,B 93,Defender,28.700000000000003,69.4,749,28,LCB,CB,-0.0040969075763918825,-0.3943205169320304,-0.1858669114841256,-0.2084536054479048
8i0o1b8rjsab9se3v6vteqmfo,E. Nnamani,B 93,449,-2.4380968789890796,-0.5860261927122825,-1.852070686276797,B 93,Striker,64.9,53.4,1019,41,Striker,ST,-0.004124879034024047,-0.1635783726839173,0.04496825035722777,-0.20854662304114507
2uellcocrvapu7o70g5zdcmad,J. Egeris,B 93,1830,-2.9358885612894885,3.711908836353161,-6.64779739764265,B 93,Defender,29.8,35.4,1514,9,RCB,CB,-0.0036326761735752185,-0.3951795018413729,-0.1858669114841256,-0.2093125903572473
9l89n30nejpn2u22ygvchwnze,L. Steffensen,Vendsyssel,393,-1.5390222510815028,-0.17592805211087542,-1.3630941989706273,Vendsyssel,Striker,60.75,47.95,711,47,Box ST,ST,-0.0034684330762611384,-0.1725435694899528,0.04496825035722777,-0.21751181984718057
dqqswfn9s1tdxjoslts8ks6xg,B. Bayrak,HB Køge,1071,-5.439054132969139,3.8919649889564054,-9.331019121925545,HB Køge,Goalkeeper,10.45,52.2,1440,7,Deep GK,GK,-0.008712436154925812,-0.5831886951203465,-0.33857827047647715,-0.2446104246438694
9618hk1lq7i6see347k7plkyy,M. Sarr,Kolding,413,-0.7167503541221046,0.008706831263391647,-0.7254571853854964,Kolding,Striker,65.8,15.7,824,23,Box-Entering RW,Winger,-0.0017565549282941803,-0.07923682850084306,0.1908770410634783,-0.2701138695643214
615e0bjcd0tyge047sy43y5sl,M. Spelmann,Hvidovre,504,-0.08604393983174204,-0.16331678913547543,0.07727284930373345,Hvidovre,Midfielder,46.9,33.650000000000006,606,25,Half-Space AM,AM,0.00015331914544391558,0.011476165738178236,0.28175474995516636,-0.27027858421698814
6g671k5lvgoo2bgub2516q1w4,L. Henriksen,B 93,993,-0.756512742686273,1.5932330673104895,-2.3497458099967625,B 93,Defender,40.5,11.95,1310,8,Deep RB,FB,-0.002366309979855753,-0.1614329182440524,0.12051611131651079,-0.28194902956056317
11ngumxajbizagbzpm5kompxx,M. Chacón,HB Køge,428,-0.6322896684178567,1.0663719624530892,-1.698661630870946,HB Køge,Midfielder,42.95,48.75,548,46,Defensive Mid,DM,-0.00396883558614707,-0.27897727514303855,0.01677103518233834,-0.2957483103253769
4m7gr5z6b40dj02yrmlwgeluc,S. Larsen,HB Køge,712,-0.9576505856043449,1.4783657515437028,-2.4360163371480477,HB Køge,Defender,35.3,15.0,1038,4,Wide RCB / Inverting Deep RB,FB,-0.0034213712600393927,-0.2112152893480966,0.12051611131651079,-0.3317314006646074
