playerId,playerName,Team,Actions,P_goal_diff,P_concede_diff,VAEP_value,x,y,Minutes,Cluster,Desc,Group,VAEP/Act,VAEP/90,GroupAvg,VAEP/90 vs Group Avg
c2jqa9vozhqu7x79h5rr2n1ed,K. De Bruyne,Manchester City,1261,8.940767697085423,-4.419306109851448,13.360073806936871,71.6,47.1,1227.2166666666667,14,Roaming Deep ST,ST,0.010594824589164846,0.9797835013846931,0.05518723729398871,0.9245962640907044
85gmjxvy1g5aj1lcizegwuaui,J. Doku,Manchester City,1457,7.352166388179951,-6.798516555240947,14.150682943420897,75.5,80.2,1593.2,29,Box-Entering LW,Winger,0.009712205177365063,0.7993732518879493,0.2383424395275784,0.5610308123603709
eziqega9e25bg939pfh4vjp3p,A. Robertson,Liverpool,1913,5.411123685553563,-2.477161219253026,7.888284904806589,49.65,86.6,1700.2333333333331,16,Inverting Attacking LB,FB,0.004123515371043695,0.4175577713446742,0.00025830459073532415,0.41729946675393886
19z8jmren3eytg7fbuzqv73kl,T. Alexander-Arnold,Liverpool,2650,8.739546520504271,-0.8991986259645731,9.638745146468844,46.9,21.8,2155.6,30,Deep/Inverting RB,FB,0.0036372623194222053,0.40243415438030994,0.00025830459073532415,0.4021758497895746
8tc7dcuwdeqbjgt7vw5p38xgq,B. Saka,Arsenal,2477,10.710567839548798,-9.577660525743676,20.288228365292472,71.9,15.8,2941.2166666666667,23,Box-Entering RW,Winger,0.008190645282717995,0.620811303556801,0.2383424395275784,0.38246886402922264
b1lcxeihx8z6pfv1jef4j5jh1,M. Ødegaard,Arsenal,2750,11.844725530594381,-6.492398229575229,18.33712376016961,66.0,30.2,3121.5,37,Right Attacking Mid,AM,0.00666804500369804,0.5287013097598158,0.14638380067839862,0.38231750908141715
7qgt7sht6py670pt6t4wjhqay,D. McNeil,Everton,2062,8.20217605895923,-4.011177753118932,12.21335381207816,60.8,82.05,2897.6666666666665,16,Inverting Attacking LB,FB,0.005923061984518992,0.3793403346671003,0.00025830459073532415,0.379082030076365
4wic6z72nwmhkheme209fcmp5,E. Eze,Crystal Palace,1686,5.880885393980412,-5.870335370657327,11.751220764637738,64.1,69.9,2057.7,51,Left Attacking Mid,AM,0.00696988182955975,0.5139767064282434,0.14638380067839862,0.3675929057498448
afcwu800ox2u5zx6xaiygg1qt,Willian,Fulham,1593,5.409015526437149,-2.9932056835804697,8.402221210017618,64.25,82.25,2061.833333333333,0,High & Wide LB,FB,0.005274464036420351,0.36676092906066726,0.00025830459073532415,0.3665026244699319
eafkbew1mqhrh5dcimra9y5pm,A. Doughty,Luton Town,2431,7.26668357376491,-3.3240590216727646,10.590742595437675,48.35,85.2,2931.1666666666665,24,Attacking LB,FB,0.004356537472413688,0.32518343103066727,0.00025830459073532415,0.32492512643993193
ah7iqgru0htz9lh1bff94cjbp,Andreas Pereira,Fulham,1837,7.64385814372773,-5.806660293790371,13.4505184375181,60.4,49.7,2625.0,25,Half-Space AM,AM,0.007322002415633152,0.46116063214347774,0.14638380067839862,0.3147768314650791
8585juruxxi6z8ih6kfqvrj6x,J. Kiwior,Arsenal,830,0.7599347351908813,-0.18237526878283425,0.9423100039737156,44.3,83.4,932.1333333333332,48,Wide LCB / Inverting Deep LB,CB,0.0011353132577996573,0.0909825851354968,-0.20811098856277607,0.2990935736982729
m2c4lckkcr7yilnqxrrsgh2i,M. Olise,Crystal Palace,1225,4.206483837754679,-3.418410221884462,7.624894059639141,65.0,19.4,1277.25,27,Wide Progressing RW,Winger,0.006224403313991136,0.5372796753709318,0.2383424395275784,0.2989372358433534
dz2rfsmhib89jwilpuub10qcq,H. Elliott,Liverpool,1325,5.547324878349493,-2.4652332651660886,8.012558143515582,62.5,22.6,1345.7666666666669,5,Wide RAM,Winger,0.0060472136932193075,0.5358508653677474,0.2383424395275784,0.297508425840169
9ikkuxd19avliz1khcrm82gyy,J. Álvarez,Manchester City,1819,3.615548152054163,-6.749015350183042,10.364563502237205,70.3,49.8,2654.866666666667,14,Roaming Deep ST,ST,0.005697945850597694,0.3513587808055703,0.05518723729398871,0.2961715435115816
6jgocc12bori2wygyu07c082x,D. Rice,Arsenal,3093,7.557313654618962,-2.8345743364295592,10.39188799104852,52.7,51.55,3229.766666666667,38,Left Defensive Mid,DM,0.0033598085971705527,0.28957816948418363,-0.002181374586156239,0.2917595440703399
3l7amac6wdv9yztupg7ur3kl,O. Zinchenko,Arsenal,1964,4.158425422787698,-1.4300777478364963,5.588503170624194,54.7,77.0,1732.05,16,Inverting Attacking LB,FB,0.002845470046142665,0.29038727828652605,0.00025830459073532415,0.2901289736957907
dtol82tjlq48bs0s70sisguz9,M. Jensen,Brentford,1794,6.0174178846712785,-0.8707525878017713,6.88817047247305,47.7,47.7,2217.2,21,Roaming DM,DM,0.0038395599066181996,0.2796028064777984,-0.002181374586156239,0.28178418106395464
7jn9kl5wq29d41ekc2fz2rs2d,N. Aké,Manchester City,2299,1.702261903605573,0.0688038764497154,1.6334580271558579,42.3,72.9,2031.15,48,Wide LCB / Inverting Deep LB,CB,0.0007105080587889769,0.07237831890506718,-0.20811098856277607,0.2804893074678433
7usl4495egoptlrd762f0arbp,B. Chilwell,Chelsea,711,1.6472826053341643,-0.701321314647052,2.348603919981216,56.0,89.35,757.7666666666667,24,Attacking LB,FB,0.0033032403937851137,0.278943851843104,0.00025830459073532415,0.27868554725236866
7sr1pnf0p9xmgu7xx6bbd4w5x,J. Guðmunds­son,Burnley,825,1.9792370566849806,-1.669181943629029,3.64841900031401,56.55,21.3,1192.15,30,Deep/Inverting RB,FB,0.004422326060986678,0.27543321732018694,0.00025830459073532415,0.2751749127294516
avh60ensgiwz1qalvn1bbqkfd,D. Szoboszlai,Liverpool,2185,5.582801077811605,-3.922160822035317,9.504961899846922,58.1,34.150000000000006,2112.866666666667,37,Right Attacking Mid,AM,0.0043500969793349754,0.4048748482249501,0.14638380067839862,0.2584910475465515
dqfk7czrayirrvonirtk2mk15,Rodri,Manchester City,4539,10.225794151905772,-3.762673601090031,13.988467752995803,55.5,48.4,2977.9,36,Central Mid,CM,0.0030818391172055086,0.4227684266663159,0.16987027698393858,0.25289814968237734
dxze3b3fsfl814bjcs7q6wcet,V. van Dijk,Liverpool,3669,1.8585940695898966,0.5325860704318982,1.326007999157998,37.0,67.7,3240.0,22,LCB,CB,0.00036140855796075173,0.03683355553216661,-0.20811098856277607,0.24494454409494268
3vtjjrqof5z2tjj84ehadqc45,Bruno Fernandes,Manchester United,3095,9.60879693765658,-4.683484667811886,14.292281605468466,59.6,54.35,3118.583333333333,43,Half-Space CM,CM,0.004617861584965579,0.41246463762675206,0.16987027698393858,0.24259436064281348
55yy0p6johtu9nxk90zsfctt5,M. Gibbs-White,Nottingham Forest,2441,8.057928223437035,-5.416821578645049,13.474749802082084,60.6,46.9,3165.0666666666666,25,Half-Space AM,AM,0.005520176076231906,0.38316017003982666,0.14638380067839862,0.23677636936142804
7y6f63pj7horkzhdzbge02rqh,C. Hudson-Odoi,Nottingham Forest,1199,2.8653020096632287,-2.011872822213972,4.8771748318772,66.8,83.9,1855.0833333333333,0,High & Wide LB,FB,0.0040677021116573816,0.23661779877037764,0.00025830459073532415,0.2363594941796423
3kwkd3b95n8qzqtq4idxav45x,K. Tsimikas,Liverpool,686,0.9294935417652191,-0.5914921415415642,1.5209856833067832,52.2,89.3,671.1166666666667,24,Attacking LB,FB,0.002217180296365573,0.20397155710275486,0.00025830459073532415,0.20371325251201952
65rqu55qbzswixgqw2efna06i,W. Saliba,Arsenal,3568,2.714790581538576,2.8829297724224046,-0.16813919088382867,36.9,36.6,3420.0,12,Narrow RCB,CB,-4.712421269165602e-05,-0.004424715549574438,-0.20811098856277607,0.20368627301320164
2zfjgh5747ge9r9q0thbk123t,I. Konaté,Liverpool,1934,1.3873655475361482,1.536792599051123,-0.14942705151497493,40.4,29.9,1577.2333333333331,19,RCB,CB,-7.726321174507493e-05,-0.008526598032217435,-0.20811098856277607,0.19958439053055863
dydwiixiims98cx2iihfuf8wl,T. Partey,Arsenal,835,1.391079343336461,-0.3235017098193818,1.7145810531558427,52.8,32.7,784.35,31,Right Defensive Mid,DM,0.0020533904828213684,0.1967390766673371,-0.002181374586156239,0.19892045125349334
eo4uva2gnx08xdazfaqzyz2dx,Y. Tielemans,Aston Villa,1367,2.0388293252054392,-1.3723653021126707,3.41119462731811,54.0,43.9,1625.0833333333333,21,Roaming DM,DM,0.002495387437686986,0.18891801433278083,-0.002181374586156239,0.19109938891893707
c4hif6j7tldh0w7oeq8v9pcve,J. Quansah,Liverpool,1474,0.6638542137034236,0.8910145487041367,-0.22716033500071303,36.6,30.6,1189.1166666666666,19,RCB,CB,-0.0001541114891456669,-0.017192955681442114,-0.20811098856277607,0.19091803288133397
5tbz2hexz7vind39ot6govqzu,C. Bradley,Liverpool,816,0.6386153502767352,-0.9681793540813631,1.6067947043580983,58.15,13.55,757.2,13,Attacking RB,FB,0.001969111157301591,0.19098193791894985,0.00025830459073532415,0.19072363332821451
asq9gj1a93bltsfd61i6xvqsq,A. Wharton,Crystal Palace,962,2.2893571543078433,-0.3833076011647711,2.6726647554726144,52.5,37.8,1300.4,31,Right Defensive Mid,DM,0.002778237791551574,0.184973721925973,-0.002181374586156239,0.18715509651212925
dl10343h8yopcgerzur5samwa,C. Palmer,Chelsea,2061,6.532829184657012,-5.85423823664964,12.387067421306652,64.85,28.6,2628.516666666667,5,Wide RAM,Winger,0.006010221941439423,0.4241312532103399,0.2383424395275784,0.1857888136827615
d66tmyj9pt69gub8pcjgo3bh1,Gabriel Jesus,Arsenal,1063,-0.2647436038112359,-4.195876851472462,3.931133247661226,71.0,57.0,1479.1833333333334,52,Roaming Advanced ST,ST,0.003698149809653082,0.23918738422519883,0.05518723729398871,0.18400014693121014
8qys6qtdwgsycxducl062zld5,E. Konsa,Aston Villa,2745,0.056595505372565684,0.9812346174318518,-0.9246391120592861,36.5,26.3,3072.55,33,Wide RCB,CB,-0.00033684484956622443,-0.02708418742911775,-0.20811098856277607,0.18102680113365832
4jyrztlaueae7eg18kuvxa489,L. Bailey,Aston Villa,1369,5.536345917684383,-4.159396869603178,9.69574278728756,67.0,15.9,2085.4833333333336,27,Wide Progressing RW,Winger,0.007082354117814142,0.4184242745594772,0.2383424395275784,0.18008183503189884
693z0rzfh3m0h0wsma9v8c9ux,P. Foden,Manchester City,2507,0.7463983317941344,-6.5433320932331585,7.289730425027293,67.7,37.1,2873.366666666667,14,Roaming Deep ST,ST,0.002907750468698561,0.22832997468212307,0.05518723729398871,0.17314273738813435
dpw4s6nbkfcrjlqxxgf9j5yhh,C. Kelleher,Liverpool,562,-0.7238092072629532,0.6091728260631241,-1.3329820333260771,13.2,47.1,900.0,32,Advanced Box GK,GK,-0.00237185415182576,-0.1332982033326077,-0.3051845141961626,0.1718863108635549
btvuam6p4391am219taqtcted,J. McGinn,Aston Villa,2035,4.002580589689755,-1.6593625805391525,5.661943170228907,54.4,46.9,3031.4666666666667,21,Roaming DM,DM,0.0027822816561321414,0.16809516361297117,-0.002181374586156239,0.17027653819912741
e9wu8dcamrtj3ftbx3nmhusid,K. Walker,Manchester City,2951,3.776256473371626,-1.3838471784858066,5.160103651857433,55.2,15.3,2770.733333333333,30,Deep/Inverting RB,FB,0.0017485949345501298,0.16761242342598914,0.00025830459073532415,0.1673541188352538
72nph557ee2a9tdky8rvk12vp,J. Grealish,Manchester City,849,2.561748702260828,-1.9711928424277714,4.532941544688599,71.0,82.2,1006.0,29,Box-Entering LW,Winger,0.005339153762884098,0.4055315497236321,0.2383424395275784,0.1671891101960537
b6gclblu9lz3sstpla966ik7p,Sergio Reguilón,Brentford,910,1.981697364174286,-0.16037197427640804,2.142069338450694,45.5,87.8,1203.45,24,Attacking LB,FB,0.0023539223499458176,0.1601946407915264,0.00025830459073532415,0.15993633620079106
2xgvd7xovqcd6q30m59dbi11x,S. Ghoddos,Brentford,655,1.0638917585262477,-0.23768969318483213,1.30158145171108,46.45,60.95,734.1166666666667,1,Attacking RB,FB,0.001987147254520733,0.1595690929970221,0.00025830459073532415,0.15931078840628676
b3974hgsmyff5xtq7qf1onhlh,Bernardo Silva,Manchester City,2503,6.785245416158299,-4.567952740268606,11.353198156426904,65.2,32.650000000000006,2581.4166666666665,5,Wide RAM,Winger,0.0045358362590598895,0.3958244506873182,0.2383424395275784,0.1574820111597398
23637o19ff0sw18pqv8g96ndh,Ederson,Manchester City,1587,-2.389161771671147,2.2692558826922506,-4.658417654363397,11.8,51.2,2786.0,10,Mobile Box GK,GK,-0.002935360840808694,-0.15048728962408678,-0.3051845141961626,0.15469722457207583
v78uhwxgzojcec8lsdvucusp,B. Mbeumo,Brentford,1369,3.8347242387937728,-4.702581969797406,8.537306208591179,67.4,16.6,1958.7,27,Wide Progressing RW,Winger,0.006236162314529715,0.39227934792117536,0.2383424395275784,0.15393690839359697
9id859f7xnqwj0jazjzkbjzdh,Jorginho,Arsenal,993,2.869506341137173,-0.31239871606358144,3.1819050572007543,55.2,44.650000000000006,898.55,36,Central Mid,CM,0.0032043354050360065,0.3187039732325056,0.16987027698393858,0.14883369624856702
57s7gfvt5btbfzm600wn7df55,Pau Torres,Aston Villa,2277,-0.29172426155044967,1.4147299970242366,-1.7064542585746865,33.7,72.5,2464.016666666667,22,LCB,CB,-0.0007494309435988961,-0.06232948232427612,-0.20811098856277607,0.14578150623849995
7j84ozqdpgupzxevbxemi5tyh,Douglas Luiz,Aston Villa,2816,6.7726741559500185,-3.214360873382637,9.987035029332656,46.4,59.9,2997.016666666667,2,Roaming LCM,CM,0.0035465323257573354,0.2999092940112464,0.16987027698393858,0.1300390170273078
e3il1t1s5lrn4g8t85fcm40oa,N. Madueke,Chelsea,854,1.8576281765755838,-2.4114809123046523,4.269109088880236,67.25,15.4,1047.0666666666666,27,Wide Progressing RW,Winger,0.0049989567785482854,0.3669487628924181,0.2383424395275784,0.12860632336483974
7gjpyajgsq0pd71bq30m69xpl,G. Hamer,Sheffield United,1798,6.997650575944404,-2.6141571868065108,9.611807762750916,54.4,48.4,2917.2166666666667,43,Half-Space CM,CM,0.005345833015990498,0.2965370068435949,0.16987027698393858,0.12666672985965632
3gsprcdyogabeb8lr2y0bmytx,C. Lenglet,Aston Villa,1139,0.412990397595927,1.4619274666135111,-1.0489370690175843,32.650000000000006,70.3,1153.3,22,LCB,CB,-0.0009209280676185991,-0.08185583647930512,-0.20811098856277607,0.12625515208347093
4iijb6llnz28unsz4rirr3umt,David Raya,Arsenal,1445,-2.853879106271702,2.8741212940050347,-5.728000400276737,12.2,50.3,2880.0,10,Mobile Box GK,GK,-0.003964014117838572,-0.17900001250864803,-0.3051845141961626,0.12618450168751458
e8dina16u5kt5ho4u5igtmimt,J. Pickford,Everton,2149,-4.014322651669622,2.8817838720671447,-6.896106523736767,12.7,52.7,3420.0,10,Mobile Box GK,GK,-0.0032089839570668996,-0.181476487466757,-0.3051845141961626,0.12370802672940559
dxeju5zcb6j8etdgwq0kweor9,R. Barkley,Luton Town,2336,4.713757489300681,-3.4097636996499023,8.123521188950583,48.2,57.1,2620.0333333333333,2,Roaming LCM,CM,0.0034775347555439143,0.27904870434430323,0.16987027698393858,0.10917842736036465
e8gz0tmmdh1ql8qrn1ncrvnpx,L. Digne,Aston Villa,1920,1.8087224914563986,-0.8306874540449417,2.6394099455013404,46.5,89.1,2411.85,24,Attacking LB,FB,0.0013746926799486148,0.0984915708253501,0.00025830459073532415,0.09823326623461477
32bvxwhceid2xdcfx6cd8a8d1,K. Ajer,Brentford,1293,-0.8956184439385398,1.563515820650046,-2.459134264588586,36.7,28.2,1835.4,11,RCB,CB,-0.0019018826485603913,-0.12058520421323565,-0.20811098856277607,0.08752578434954042
7ocm7nugzwos59il1pm4eub8q,Gabriel Martinelli,Arsenal,1562,2.6727029306309262,-4.629411229711588,7.302114160342514,73.25,82.4,2024.6166666666663,29,Box-Entering LW,Winger,0.0046748490143037865,0.32459985401227875,0.2383424395275784,0.08625741448470037
5frs9u0spep2j3gszu06awo9h,S. Johnstone,Crystal Palace,803,-3.7835382687558523,0.6667087514375281,-4.45024702019338,10.4,48.4,1796.1666666666667,50,Advanced Box GK,GK,-0.005542026177077684,-0.22298723122431338,-0.3051845141961626,0.08219728297184922
1zxwich342p8fholev7ddkwh6,E. Fernández,Chelsea,2486,1.6845976000348106,-0.2616936922734969,1.9462912923083076,50.1,55.8,2217.35,38,Left Defensive Mid,DM,0.0007829007611859644,0.07899800045448291,-0.002181374586156239,0.08117937504063914
c6pqhaqusk8s1c2m21i5wtrkl,Thiago Silva,Chelsea,2846,0.6405248303520271,4.234753834717051,-3.594229004365023,32.8,51.9,2527.9333333333334,17,CB,CB,-0.0012629054829111114,-0.12796247675025135,-0.20811098856277607,0.08014851181252472
b36foqukxn8obd969q6sea7yt,I. Toney,Brentford,903,0.10637269311538378,-2.0231273842532134,2.129500077368597,64.4,54.4,1449.3833333333334,14,Roaming Deep ST,ST,0.0023582503625344375,0.13223210351287817,0.05518723729398871,0.07704486621888947
dbebh5mvzowjrp7h4qvzxvaol,W. Hughes,Crystal Palace,1426,1.918086853605909,0.3796470067971495,1.5384398468087597,47.8,63.8,1900.5333333333333,38,Left Defensive Mid,DM,0.0010788498224465356,0.07285301645825121,-0.002181374586156239,0.07503439104440744
cnmlhoum9aahwqruxgmz2gcfd,B. White,Arsenal,2769,2.798670724710322,0.3496587019550545,2.4490120227552676,47.6,16.5,2989.35,30,Deep/Inverting RB,FB,0.0008844391559246182,0.0737321096719936,0.00025830459073532415,0.07347380508125828
5d6d4oc2rpau0mbbbt2dmtzv9,S. Ortega,Manchester City,349,-0.718460713828217,0.9233966829323818,-1.6418573967605987,10.5,48.4,634.0,32,Advanced Box GK,GK,-0.004704462454901429,-0.23307123928778217,-0.3051845141961626,0.07211327490838043
do3duah478rhz9cg2icde4h9m,A. Onana,Everton,1681,1.2666075851692495,-0.3412362298325994,1.607843815001849,52.0,54.4,2090.1833333333334,38,Left Defensive Mid,DM,0.0009564805562176377,0.06923122055489538,-0.002181374586156239,0.07141259514105161
2t5s4f41jefzuzth0bhcixtcl,Rúben Dias,Manchester City,3167,3.188531268059005,1.2294824717888007,1.9590487962702043,41.6,41.8,2558.7166666666667,31,Right Defensive Mid,DM,0.0006185818744143367,0.06890735264331145,-0.002181374586156239,0.07108872722946769
9prtaifv6stlujgywgq4wd08a,J. Gvardiol,Manchester City,2549,-0.043985618177594575,-1.872681530812822,1.8286959126352273,55.1,83.1,2332.9333333333334,16,Inverting Attacking LB,FB,0.0007174169920106816,0.07054750763152418,0.00025830459073532415,0.07028920304078885
7gaf68yeu28zp80kkb0tqgpd6,C. Archer,Sheffield United,807,0.2813384967771892,-2.203831076539027,2.4851695733162162,67.3,65.3,1834.75,52,Roaming Advanced ST,ST,0.0030795161998961786,0.1219050342545085,0.05518723729398871,0.06671779696051978
3zl1q2gk6tdmzirsyfgm38no5,E. Martínez,Aston Villa,1934,-4.744103959769721,3.2954101530866717,-8.039514112856393,12.1,50.4,3015.0,40,Top-of-Box GK,GK,-0.004156935942531744,-0.23998549590616097,-0.3051845141961626,0.06519901829000163
573hlc6devy50gjotyav9ql4a,L. Colwill,Chelsea,1654,-1.4649090998140502,1.4480569140239952,-2.9129660138380453,36.9,83.4,1798.15,48,Wide LCB / Inverting Deep LB,CB,-0.0017611644581850335,-0.14579814878926903,-0.20811098856277607,0.062312839773507045
7paw998ux29k7hx4t1g0wu85x,A. Young,Everton,1616,1.8118449625767667,0.2886584681490126,1.5231864944277542,44.8,27.1,2339.133333333333,1,Attacking RB,FB,0.0009425659000171746,0.05860580179204458,0.00025830459073532415,0.05834749720130926
ay02byqc6zdrh5xy3d4fy5qay,M. Mudryk,Chelsea,1002,2.6547418742202242,-2.5325364922123788,5.1872783664326025,64.8,79.0,1576.9666666666667,44,Wide Progressing LW,Winger,0.005176924517397807,0.2960462404482873,0.2383424395275784,0.057703800920708925
5wkso3mls5ulkilr0xzfix1p1,J. Andersen,Crystal Palace,3095,0.011593731279536838,5.725674111850703,-5.714080380571166,32.8,40.3,3417.7,18,RCB,CB,-0.0018462295252249324,-0.15047173076964185,-0.20811098856277607,0.057639257793134224
1vz038uyzmq8saskeeo0qhm8l,H. Maguire,Manchester United,1552,-0.6995972602196613,2.0884557972589426,-2.7880530574786038,34.9,49.6,1650.9666666666667,18,RCB,CB,-0.0017964259390970386,-0.15198657867496276,-0.20811098856277607,0.05612440988781331
amcwh6w0brmkttg4uc5qm6z9w,N. Jackson,Chelsea,1426,-1.351201878329905,-4.77891633541082,3.427714457080915,64.65,51.6,2822.9166666666665,41,Striker,ST,0.002403726828247486,0.10928211405601146,0.05518723729398871,0.05409487676202275
ceerfv28fygp7m2euv5n5uu39,I. Gueye,Everton,1477,1.0072171810937198,-0.04827655311784736,1.0554937342115671,47.4,47.8,1889.2166666666667,38,Left Defensive Mid,DM,0.0007146199960809526,0.050282446558471874,-0.002181374586156239,0.052463821144628116
5ch0r2awkzjfd4hv6kbw6c9gp,L. Díaz,Liverpool,1943,1.588863792945949,-6.912111957280379,8.500975750226328,68.9,76.1,2636.1666666666665,34,Wide LAM,Winger,0.004375180519931203,0.2902274075439222,0.2383424395275784,0.05188496801634379
cgvp2cli2gi4cnyl62kt80r11,T. Cairney,Fulham,1645,2.5282738093093378,-1.1280750228237872,3.656348832133125,54.3,69.3,1491.65,2,Roaming LCM,CM,0.0022227044572237843,0.22060898662017311,0.16987027698393858,0.05073870963623453
9psfk94nduz6icnuwty5v9all,C. Gakpo,Liverpool,1124,-1.464254784619844,-3.396705291476342,1.9324505068564979,65.2,60.2,1645.0166666666669,52,Roaming Advanced ST,ST,0.0017192620167762436,0.1057257042687013,0.05518723729398871,0.05053846697471259
a9k2946gt4hcqw8jpi6ow3jdh,H. Reed,Fulham,1070,0.6135565551645165,-0.1177356868798769,0.7312922420443935,45.8,28.6,1402.9,21,Roaming DM,DM,0.0006834506934994332,0.046914464169930434,-0.002181374586156239,0.049095838756086675
5wbpdr8hezdpypdiit8flbj10,O. Arblaster,Sheffield United,700,0.7329996448601672,0.2507568562835987,0.48224278857656855,45.6,54.9,944.9333333333334,38,Left Defensive Mid,DM,0.000688918269395098,0.04593112491733932,-0.002181374586156239,0.04811249950349556
53d0pvr7ylvfhp6p749iniqc5,Alisson Becker,Liverpool,1507,-3.5496487751647563,3.687507915898696,-7.237156691063452,13.1,48.1,2520.0,49,High Buildup GK,GK,-0.004802360113512576,-0.25846988182369474,-0.3051845141961626,0.04671463237246787
3kti58d195gmtzwrjh5nprx05,W. Endo,Liverpool,1875,1.8398340102039685,1.0372100530783968,0.8026239571255719,46.6,51.7,1727.0,38,Left Defensive Mid,DM,0.0004280661104669717,0.041827536850782554,-0.002181374586156239,0.044008911436938795
6yovfcug6e9hykfauqy0fq67d,A. Ramsdale,Arsenal,261,-0.44834187909264905,1.1212353865852875,-1.5695772656779368,11.9,49.3,540.0,10,Mobile Box GK,GK,-0.0060137059987660415,-0.2615962109463228,-0.3051845141961626,0.04358830324983981
4ho3e7wi6z5tq8g87l8tjtwtm,L. Koleosho,Burnley,591,1.1583237798936532,-1.8829496855870962,3.0412734654807494,68.8,71.8,978.2333333333332,44,Wide Progressing LW,Winger,0.005145978790999576,0.2798050348178016,0.2383424395275784,0.041462595290223225
661b6x35l9b9uieqbcq7el1hx,T. Adarabioyo,Fulham,1580,-1.0867022393104608,1.8987490644884133,-2.985451303798874,32.7,34.4,1612.0166666666669,9,RCB,CB,-0.001889526141644857,-0.16667980108263888,-0.20811098856277607,0.04143118748013719
8jt4vsixxoqp4uvskyfl7k222,M. Gusto,Chelsea,1963,1.247026843908937,0.42278614161433287,0.8242407022946041,45.3,11.8,1783.9333333333334,8,Deep RB,FB,0.0004198882844088661,0.04158320371081563,0.00025830459073532415,0.041324899120080305
45zetxtrvjb3muvcrr9b5it3p,M. Jørgensen,Brentford,865,-0.8496135257577498,1.2403591318716496,-2.0899726576293993,35.9,24.3,1086.4,33,Wide RCB,CB,-0.002416153361421271,-0.17313838290376096,-0.20811098856277607,0.03497260565901511
8libvn3hxypz8x7gm4mr7kj55,Gabriel Magalhães,Arsenal,2863,-3.8842126954144605,2.0282110527990063,-5.912423748213467,36.9,71.1,3044.6833333333334,22,LCB,CB,-0.0020651148264804286,-0.17476961610869612,-0.20811098856277607,0.03334137245407995
2vgr8c97x4b2e51tyvvixusid,M. Sels,Nottingham Forest,525,-2.8259308890076995,1.5787493978704643,-4.404680286878164,9.0,48.5,1440.0,40,Top-of-Box GK,GK,-0.008389867213101265,-0.27529251792988524,-0.3051845141961626,0.029891996266277365
csinkvzxcphggdjeflmo173zd,N. Collins,Brentford,2241,-1.9629508530808089,3.333224799059306,-5.296175652140115,31.1,39.5,2650.833333333333,18,RCB,CB,-0.002363309081722497,-0.17981357133955753,-0.20811098856277607,0.028297417223218546
6gxyeuqjnyj9bl4n8kz14sv6d,J. Lerma,Crystal Palace,1957,0.7417206788468708,0.054067436253776795,0.6876532425930939,43.5,63.6,2401.866666666667,38,Left Defensive Mid,DM,0.0003513813196694399,0.025766955631749657,-0.002181374586156239,0.027948330217905895
35jaxclh329duzefna708jk5x,J. Tarkowski,Everton,2599,-2.3798410593943524,4.516249876008994,-6.896090935403347,33.3,34.75,3420.866666666667,11,RCB,CB,-0.0026533631917673517,-0.18143010080865507,-0.20811098856277607,0.026680887754121002
a3ms8havadt1y9x381l325txx,V. Lindelöf,Manchester United,1196,-1.0006378151428943,1.8004754368843419,-2.8011132520272364,34.349999999999994,70.8,1337.65,42,CB,CB,-0.002342067936477622,-0.1884649891095961,-0.20811098856277607,0.019645999453179963
8kb5h8df97ju107n9ibigo1cl,A. Iwobi,Fulham,1565,2.574474400934744,-1.4774244037061284,4.051898804640873,61.0,41.7,2199.866666666667,25,Half-Space AM,AM,0.002589072718620366,0.1657695431924716,0.14638380067839862,0.01938574251407299
5ga7g20wsa7oqjbh4ijoeknl6,R. Gravenberch,Liverpool,904,0.7744674288422154,-1.2676591202986933,2.042126549140909,59.4,68.4,1111.6,51,Left Attacking Mid,AM,0.002258989545509855,0.16533950109992968,0.14638380067839862,0.018955700421531052
8ju1opnca42o8i00wq3onzmqd,C. Nørgaard,Brentford,2356,0.6223642200650055,0.17326293874853282,0.4491012813164729,45.0,46.1,2509.383333333333,21,Roaming DM,DM,0.00019062023824977629,0.016107190472486294,-0.002181374586156239,0.01828856505864253
9ipux4xiejibplsbbhqz8d5gp,M. Guéhi,Crystal Palace,1777,-0.799163249887415,3.498453541101983,-4.297616790989398,32.4,69.6,2023.9666666666667,22,LCB,CB,-0.0024184675244734934,-0.19110270814195515,-0.20811098856277607,0.01700828042082092
38de1wbyp2ruksgffna791n8p,N. Domínguez,Nottingham Forest,1339,0.27436920130058895,0.039595792202212515,0.2347734090983764,44.4,57.85,1498.0666666666666,38,Left Defensive Mid,DM,0.00017533488356861568,0.014104583787228347,-0.002181374586156239,0.016285958373384587
7iwcasfmibuqxc6zu604hxwph,O. Norwood,Sheffield United,1293,1.3200627457489278,1.1063005149198584,0.21376223082906953,41.1,44.5,1435.7666666666669,46,Defensive Mid,DM,0.00016532268432255958,0.013399531568232714,-0.002181374586156239,0.015580906154388952
almf0gtdjmsdm5zhyot1hvydx,M. Akanji,Manchester City,2852,1.3654601648376434,1.0026079035180955,0.3628522613195479,44.4,41.3,2509.266666666667,21,Roaming DM,DM,0.00012722730060292704,0.013014441212077623,-0.002181374586156239,0.015195815798233862
5nsag404623qznyyizl8yuwkq,C. Richards,Crystal Palace,1457,-2.241314149948303,2.2564969406856603,-4.497811090633964,34.650000000000006,68.0,2092.3,42,CB,CB,-0.003087035751979385,-0.1934727324748156,-0.20811098856277607,0.01463825608796046
8kttsnok9bbh7kpy3zz3j2xg5,A. Onana,Manchester United,2038,-6.958037516432345,4.088054056559806,-11.046091572992152,10.5,49.8,3420.0,40,Top-of-Box GK,GK,-0.00542006455985876,-0.29068662034189874,-0.3051845141961626,0.014497893854263866
3kdl679ra6mlobdg09xqf7fft,C. Jones,Liverpool,1118,0.6144355328635391,-1.5725332572167001,2.1869687900802393,57.3,71.6,1232.95,51,Left Attacking Mid,AM,0.001956143819391985,0.15963923201039906,0.14638380067839862,0.013255431332000439
d9a62lhx21b0ym73rxd6mw8h5,E. Pinnock,Brentford,2151,-2.251490042964351,3.2695920780790404,-5.521082121043392,30.9,56.3,2520.2,42,CB,CB,-0.0025667513347482065,-0.19716585623914978,-0.20811098856277607,0.010945132323626289
ehopba709zukxj4vgcync942d,M. Kovačić,Manchester City,1876,1.9647271677959852,-1.1353580450916532,3.1000852128876386,55.5,63.6,1547.9333333333334,2,Roaming LCM,CM,0.001652497448234349,0.18024527487825973,0.16987027698393858,0.010374997894321142
5g5wwp5luxo1rz1kp6chvz0x6,B. Badiashile,Chelsea,1511,-0.3699114169686388,2.6057793759559393,-2.975690792924578,32.4,67.2,1337.0,22,LCB,CB,-0.0019693519476668285,-0.2003082807503456,-0.20811098856277607,0.007802707812430476
19m0uqmf1otcekssb7tbrl1m2,C. Doucouré,Crystal Palace,689,0.6056186465783117,0.5536367189063399,0.05198192767197172,41.95,41.2,929.3,31,Right Defensive Mid,DM,7.54454683192623e-05,0.005034298386395626,-0.002181374586156239,0.007215672972551865
6z3a27dxffwacyxof0imvcfvu,Beto,Everton,608,-1.8386921715535243,-2.4959607281450324,0.6572685565915083,67.75,53.4,953.9,14,Roaming Deep ST,ST,0.0010810338101834018,0.06201296791407459,0.05518723729398871,0.0068257306200858806
xu7mykgl15kaib3olilmsez9,N. Maupay,Brentford,754,-0.4653447203500309,-1.4168480603225255,0.9515033399724946,63.9,57.2,1396.6166666666668,41,Striker,ST,0.0012619407691942899,0.061316252799640446,0.05518723729398871,0.006129015505651737
dsvi49wsvjqdbiddyme3xow7o,Danilo,Nottingham Forest,1237,0.40662740087429233,0.3284815368785639,0.07814586399572848,43.3,58.1,1793.6166666666666,38,Left Defensive Mid,DM,6.31736976521653e-05,0.003921198933039704,-0.002181374586156239,0.006102573519195943
9dnrpl2c7n769i8nbfnboq2tx,J. Bruun Larsen,Burnley,897,1.2010751902103867,-2.1875708669528304,3.3886460571632173,65.4,69.8,1248.4,6,Left Winger,Winger,0.0037777548017427173,0.2442952139896584,0.2383424395275784,0.005952774462080007
1vklxifs8qpj71s4reu3pkw5x,H. Toffolo,Nottingham Forest,897,0.27187625229503015,0.1717655162967344,0.10011073599829577,37.5,88.0,1457.2333333333331,20,Deep/Inverting LB,FB,0.00011160617168148915,0.006182926257414704,0.00025830459073532415,0.00592462166667938
2f79rc4i712sxstahjkq6pxp1,B. Leno,Fulham,2128,-7.23854651346996,4.141663238510849,-11.380209751980809,10.0,49.6,3420.0,40,Top-of-Box GK,GK,-0.00534784292856241,-0.29947920399949496,-0.3051845141961626,0.005705310196667646
3djmsd2atvq16ysmocq7twsfd,A. Disasi,Chelsea,2867,-2.6688586453343133,3.134285801695306,-5.803144447029619,33.7,25.9,2579.7,33,Wide RCB,CB,-0.002024117351597356,-0.202458813130467,-0.20811098856277607,0.005652175432309059
bz2p1aiij462e1emd7sh5psd1,Diogo Jota,Liverpool,808,-0.9297222615458739,-1.71568310438488,0.785960842839006,64.4,52.5,1173.4333333333334,14,Roaming Deep ST,ST,0.0009727238153948094,0.06028163155598432,0.05518723729398871,0.005094394261995615
66939rcic8zhw13nlcniiq4t1,B. Mee,Brentford,1005,-1.2681606558704317,1.7370848155885383,-3.00524547145897,35.0,75.35,1292.0833333333333,45,Wide LCB,CB,-0.0029902940014517113,-0.20933022310065708,-0.20811098856277607,-0.0012192345378810032
3yb66hal4fvr04bawz0y3efhl,D. Muñoz,Crystal Palace,1213,-0.4674808425167918,-0.4244833621097574,-0.04299748040703425,46.2,11.6,1443.9833333333331,13,Attacking RB,FB,-3.544722209978092e-05,-0.0026799292950978773,0.00025830459073532415,-0.0029382338858332012
dw5enxkcunwwewbmz8xq5ceeh,D. O'Shea,Burnley,2561,-2.7160159378909863,4.15572579779918,-6.871741735690167,35.0,33.0,2916.633333333333,11,RCB,CB,-0.002683225980355395,-0.21204473978403698,-0.20811098856277607,-0.003933751221260912
2im16cd31tgg3yac3c8c18jbp,E. Nketiah,Arsenal,530,-1.7757142125741463,-2.382524244714763,0.6068100321406169,68.25,54.3,1076.0833333333333,47,Box ST,ST,0.0011449245889445603,0.05075155538696401,0.05518723729398871,-0.004435681907024695
d0azo0spzov2hg6ul40l58e3u,R. Lewis,Manchester City,723,0.2446853972503873,-1.0186949833723657,1.263380380622753,57.2,28.9,809.8833333333333,37,Right Attacking Mid,AM,0.0017474140810826459,0.1403958194670604,0.14638380067839862,-0.005987981211338228
5ilkkfbsss0bxd6ttdlqg0uz9,Mohamed Salah,Liverpool,1617,1.2429176638726596,-5.308541224755966,6.551458888628625,72.7,21.6,2537.9666666666667,23,Box-Entering RW,Winger,0.00405161341288103,0.23232428846316983,0.2383424395275784,-0.006018151064408561
blth4klpu88kgh73abpjlgusp,B. Kamara,Aston Villa,1489,1.109387881017437,1.2675850158267556,-0.1581971348093187,45.0,33.2,1656.3,31,Right Defensive Mid,DM,-0.00010624387831384736,-0.008596113103205147,-0.002181374586156239,-0.006414738517048908
6kih58n0fzlod6c792xpey57t,J. Harrison,Everton,1295,2.6703461423160584,-2.995121218654073,5.665467360970132,62.3,17.65,2217.1,5,Wide RAM,Winger,0.004374878271019407,0.22998153555875325,0.2383424395275784,-0.008360903968825134
3uc9z96xvain84leorf4ls962,M. Caicedo,Chelsea,2978,1.3712402244211226,1.7215809149864667,-0.35034069056534406,43.8,42.25,2875.45,31,Right Defensive Mid,DM,-0.00011764294511932305,-0.010965470500575898,-0.002181374586156239,-0.00878409591441966
1sq7flab4olx5b85rryme76xh,C. Morris,Luton Town,1640,-2.5390081048445534,-3.917557914107142,1.3785498092625885,62.9,44.8,2864.766666666667,47,Box ST,ST,0.0008405791519893833,0.04330875679239716,0.05518723729398871,-0.01187848050159155
v22q59d00b5v78rgx7v8z3vu,Antony,Manchester United,1089,1.8403190406224315,-1.4435859720577868,3.283905012680218,64.85,18.2,1315.8166666666666,27,Wide Progressing RW,Winger,0.0030155234276218715,0.22461446083513634,0.2383424395275784,-0.01372797869244205
9rf5uk6c2wce30b9wkmu3iuad,M. Niakhaté,Nottingham Forest,1094,-1.9087421147824462,1.8213438741666081,-3.730085988949054,30.3,43.6,1492.3333333333333,42,CB,CB,-0.003409584999039355,-0.22495492897392108,-0.20811098856277607,-0.01684394041114501
374kcix9j7e1cob4uxmfncwyd,D. Calvert-Lewin,Everton,1195,-2.763111145602332,-3.664282906695853,0.9011717610935215,68.2,46.6,2182.0,47,Box ST,ST,0.0007541186285301435,0.037170237625305656,0.05518723729398871,-0.018016999668683052
am6ppbdrbz4ml3xsbty53o73d,A. Mac Allister,Liverpool,2913,4.859314583984518,0.40975791857537514,4.449556665409143,53.9,47.9,2642.616666666667,36,Central Mid,CM,0.0015274825490590948,0.15153923190530452,0.16987027698393858,-0.018331045078634062
15948izygnu32cu1pw6h5wp9l,J. Garner,Everton,2070,3.1668474418583,-1.8699842429814792,5.03683168483978,54.7,45.8,3004.35,43,Half-Space CM,CM,0.0024332520216617296,0.15088616560506604,0.16987027698393858,-0.018984111378872542
2f9bvd76ycue07tgxtjniwvdh,B. Osborn,Sheffield United,909,-0.07156113873497955,0.2551447133230563,-0.3267058520580359,46.9,83.8,1364.6833333333334,16,Inverting Attacking LB,FB,-0.0003594123785016896,-0.021546043662307415,0.00025830459073532415,-0.021804348253042737
920yurg08gqayxwc80q9f8ixh,M. Flekken,Brentford,2092,-7.748032750495426,4.189074181494672,-11.9371069319901,9.7,49.1,3285.0,26,Box GK,GK,-0.00570607405926869,-0.3270440255339753,-0.3051845141961626,-0.02185951133781272
7uxt9a7t22ij4reg1uire5uqd,L. Shaw,Manchester United,886,0.23038074782804646,0.4668791142316184,-0.2364983664035719,37.0,84.5,962.95,20,Deep/Inverting LB,FB,-0.00026692817878506985,-0.02210379871885505,0.00025830459073532415,-0.022362103309590372
hwcrfg4h2ystqbd11qlmj015,M. Turner,Nottingham Forest,834,-3.6234871279437453,2.3239062676910387,-5.9473933956347835,11.55,48.5,1620.0,50,Advanced Box GK,GK,-0.007131167141048901,-0.3304107442019324,-0.3051845141961626,-0.02522623000576979
1ph4g125dfsijfjzjpcvpcmlm,J. Branthwaite,Everton,2223,-2.2902625656074127,5.802619742616819,-8.092882308224231,31.6,69.5,3116.1833333333334,35,LCB,CB,-0.003640522855701409,-0.23373445328104814,-0.20811098856277607,-0.025623464718272065
bq2q90k6q53nlf53et7j46cid,M. Nakamba,Luton Town,744,0.38817357660036583,0.73784347242703,-0.3496698958266642,43.8,47.15,1131.6,21,Roaming DM,DM,-0.00046998641912186046,-0.027810437101802563,-0.002181374586156239,-0.025629062515646325
awda32rw2clw0sjemf7rkcel1,C. Eriksen,Manchester United,1054,1.795401473410156,-0.028519184443315033,1.8239206578534712,54.5,59.3,1144.6166666666668,2,Roaming LCM,CM,0.0017304750074511113,0.14341295560972006,0.16987027698393858,-0.026457321374218523
46korqn38twbyjfoit5qavg0l,J. Robinson,Sheffield United,1926,-2.762523933659491,4.868916624029653,-7.631440557689144,30.8,68.6,2887.583333333333,35,LCB,CB,-0.003962326353940365,-0.23785621778027405,-0.20811098856277607,-0.029745229217497976
3trkre1c81pzretsjsi8jk6sq,Matheus Nunes,Manchester City,643,0.3482893685365599,-0.6746648365630576,1.0229542050996177,63.1,51.2,658.2,43,Half-Space CM,CM,0.0015909085615857196,0.13987523314944633,0.16987027698393858,-0.029995043834492252
e9l5r0txzrjbenli05rn3k4wl,R. Sterling,Chelsea,1345,1.3719521994461048,-3.1470348132193764,4.518987012665481,70.2,49.05,1982.7,54,Right Winger,Winger,0.003359841645104447,0.20512877951273178,0.2383424395275784,-0.0332136600148466
dz7v5ebeqsaz2srz1a8mp9xw5,P. Mpanzu,Luton Town,624,0.3912547028199353,0.8316423986451592,-0.440387695825224,46.9,47.85,1098.7,38,Left Defensive Mid,DM,-0.0007057495125404231,-0.0360743538948486,-0.002181374586156239,-0.03389297930869236
b1el7j39v2pgvl9zodd9usded,T. Ream,Fulham,1397,-1.1668627006806769,2.950308380975023,-4.1171710816557,33.75,67.8,1530.75,28,LCB,CB,-0.0029471518122088044,-0.2420678734927408,-0.20811098856277607,-0.03395688492996474
p87gxg8kc9ta6iipqt5fxmtx,T. Castagne,Fulham,2258,-0.3166855474674946,0.6821104816698502,-0.9987960291373448,39.4,10.85,2632.2833333333333,8,Deep RB,FB,-0.00044233659394922264,-0.03414968346455651,0.00025830459073532415,-0.034407988055291834
375gnysvjk9bvq02ex1lkmynd,A. Sambi Lokonga,Luton Town,1085,-0.059883967973054134,0.5102866004871246,-0.5701705684601788,45.95,46.9,1310.8,21,Roaming DM,DM,-0.0005255028280738975,-0.03914811654059818,-0.002181374586156239,-0.03696674195444194
5e2zgfe3ltc6qbnoqdfshqsph,T. Chalobah,Chelsea,998,-0.9422298464329665,1.6743747783992595,-2.616604624832226,31.8,31.3,950.3666666666668,11,RCB,CB,-0.0026218483214751763,-0.24779321970632423,-0.20811098856277607,-0.03968223114354816
kvchpptoxgvcyiv358w9gtzp,J. Matip,Liverpool,794,-0.9318004723834727,1.223170890835432,-2.154971363218905,35.3,30.5,780.9,19,RCB,CB,-0.0027140697269759507,-0.2483639681005269,-0.20811098856277607,-0.04025297953775084
cd9o30ebm183hfyfp79flgixh,A. Bell,Luton Town,1312,-1.444953449599534,3.313874257425104,-4.758827707024638,35.1,82.4,1720.6,48,Wide LCB / Inverting Deep LB,CB,-0.003627155264500486,-0.2489215934163765,-0.20811098856277607,-0.04081060485360044
9bkzl4dx3mci3w86rjpfkwowk,W. Odobert,Burnley,1114,2.7178545510196703,-1.850711521264931,4.568566072284601,63.650000000000006,70.8,2099.733333333333,6,Left Winger,Winger,0.004101046743522982,0.19582055491440856,0.2383424395275784,-0.04252188461316983
5z8ycnd0smdkumi5fgtzf7c9h,D. Henderson,Crystal Palace,715,-3.62209373206221,2.6422828588559812,-6.264376590918191,8.8,49.4,1620.0,26,Box GK,GK,-0.008761365861424043,-0.3480209217176773,-0.3051845141961626,-0.042836407521514686
3gem1jrrkgye0omb88fk1lsk5,J. Stones,Manchester City,1009,-0.3829492522085314,0.1590829108806584,-0.5420321630891899,45.7,34.1,1057.6333333333334,31,Right Defensive Mid,DM,-0.0005371973866097026,-0.046124581308607665,-0.002181374586156239,-0.043943206722451424
d9yxninyn4bac8f0ufxsnlqll,Robert Sánchez,Chelsea,838,-3.0610448338606475,2.5200197622605454,-5.581064596121193,9.3,49.3,1433.35,26,Box GK,GK,-0.006659981618283046,-0.3504348649324362,-0.3051845141961626,-0.04525035073627359
3f3jcsa7gk6in9fskp9w5a5t5,Diogo Dalot,Manchester United,2649,0.09838690961300137,1.711583476800984,-1.6131965671879827,42.0,31.25,3174.4166666666665,1,Attacking RB,FB,-0.0006089832265715299,-0.0457368097173502,0.00025830459073532415,-0.045995114308085526
3dph74ixutmbpscaon0b25sl,R. Varane,Manchester United,1084,-1.5973653043024247,2.275663589725044,-3.873028894027469,33.3,38.9,1369.55,11,RCB,CB,-0.003572904883789178,-0.254516155279086,-0.20811098856277607,-0.046405166716309926
1e9txzr9hqz94xtun6byo0vs9,M. Cash,Aston Villa,1814,-0.15572581495785937,0.9493288010220056,-1.1050546159798649,42.5,14.7,2147.3166666666666,4,Wide RCB / Inverting Deep RB,FB,-0.0006091811554464526,-0.046315905325959306,0.00025830459073532415,-0.04657420991669463
604osk9a3lxpfpkavuziqmn6x,M. Rashford,Manchester United,1302,1.2489129667241767,-3.554863999735116,4.803776966459293,68.35,75.4,2275.583333333333,44,Wide Progressing LW,Winger,0.0036895368405985354,0.18999081275043164,0.2383424395275784,-0.048351626777146745
c83h08n0vnjvfgglyefy03h0p,C. Gallagher,Chelsea,3075,1.2110389168604905,-2.9867091000837087,4.197748016944199,54.0,48.1,3184.55,43,Half-Space CM,CM,0.0013651213063233167,0.11863444490586672,0.16987027698393858,-0.05123583207807186
d4t6vzdlry8s22l0qhm1bdn11,J. Brownhill,Burnley,1676,1.592525597025612,-1.4229137157166318,3.015439312742244,51.9,64.0,2303.1,2,Roaming LCM,CM,0.0017991881340944176,0.11783662808684034,0.16987027698393858,-0.052033648897098245
d364lpc0km51psy3zwc4a6zca,R. Højlund,Manchester United,879,-2.460387010397234,-2.534203908727754,0.07381689833052035,64.9,51.85,2166.6833333333334,41,Striker,ST,8.397826886293555e-05,0.003066216805907723,0.05518723729398871,-0.05212102048808098
21545vwheo9a30u5hgnsrecmi,L. Foster,Burnley,1016,-1.217009083226092,-1.279360880556754,0.06235179733066199,63.3,46.5,1905.233333333333,14,Roaming Deep ST,ST,6.136987926246259e-05,0.002945393438997628,0.05518723729398871,-0.05224184385499108
3ab7jz7ric12fgatgbwpvsp2h,C. Ogbene,Luton Town,1407,2.484421453660121,-1.612053249576266,4.096474703236386,62.55,23.8,1995.3833333333328,54,Right Winger,Winger,0.00291149588005429,0.1847678674730544,0.2383424395275784,-0.05357457205452398
e5eiuko5p1yms97xndrvcr0bu,A. Garnacho,Manchester United,1673,0.7669579262997446,-4.525923711374019,5.292881637673764,69.5,74.3,2582.2833333333333,44,Wide Progressing LW,Winger,0.0031637068963979464,0.18447214573302906,0.2383424395275784,-0.05387029379454933
c9pmcoyzgtgcnlc63cl4283bp,O. Édouard,Crystal Palace,859,-2.529528909139372,-2.5492059509076594,0.01967704176828775,66.5,59.5,1554.25,14,Roaming Deep ST,ST,2.2906917076004364e-05,0.00113941371024346,0.05518723729398871,-0.05404782358374525
bcfzovs0pj9urgv9r0ykjnlrd,Đ. Petrović,Chelsea,1086,-4.067202345284037,3.8640985835583335,-7.93130092884237,8.45,49.1,1986.65,26,Box GK,GK,-0.007303223691383398,-0.3593069154585927,-0.3051845141961626,-0.05412240126243012
4txq9os03xwnktfi0n2qdmok,Murillo,Nottingham Forest,2222,-2.658740218257824,5.506681399984612,-8.165421618242435,31.0,68.2,2790.95,35,LCB,CB,-0.0036748072089299887,-0.26331103948183204,-0.20811098856277607,-0.05520005091905597
bty8qu3hdcfdb3mlr9i70qga1,G. Osho,Luton Town,1242,-2.2281162131777923,3.2314675609435497,-5.459583774121342,31.0,61.0,1847.0333333333333,42,CB,CB,-0.004395800140194318,-0.26602797621641233,-0.20811098856277607,-0.05791698765363626
cfpqqzqrpzv6dq89yw7nfd1p1,W. Boly,Nottingham Forest,1152,-2.2231870831937512,2.2479744349172477,-4.471161518110999,28.8,32.9,1508.3333333333333,9,RCB,CB,-0.0038812165955824643,-0.2667875380972309,-0.20811098856277607,-0.05867654953445481
4jqgl7x5ewke1u0sy2cbkqfhl,C. Bassey,Fulham,2237,-2.5096283225309217,4.3871346110710645,-6.896762933601986,31.4,66.2,2308.0666666666666,42,CB,CB,-0.0030830410968269942,-0.26893012796749605,-0.20811098856277607,-0.060819139404719974
4njl5iqybub0cxbhjh2xbft9l,M. Holgate,Sheffield United,375,-1.1184151828985902,1.2495791985966995,-2.3679943814952895,30.5,25.3,790.2333333333333,11,RCB,CB,-0.006314651683987439,-0.26969185599347373,-0.20811098856277607,-0.061580867430697656
5m0j33eoa5c8pqlr0tdf7undh,O. Watkins,Aston Villa,1331,-5.542853983120738,-5.312098018712926,-0.23075596440781235,69.2,58.2,3235.0166666666664,41,Striker,ST,-0.0001733703714559071,-0.006419761916745338,0.05518723729398871,-0.061606999210734044
3m7wjcmet9b8sc5tu0ct8j0et,Álex Moreno,Aston Villa,809,-0.6491303838913736,0.09877844209344558,-0.7479088259848192,40.1,87.85,1029.5833333333333,24,Attacking LB,FB,-0.0009244855698205429,-0.06537770393068432,0.00025830459073532415,-0.06563600852141964
6dqnwhx0eglxhelidxg0dphm2,T. Mitchell,Crystal Palace,2516,-1.0311381075517025,1.3145199731588875,-2.34565808071059,38.0,90.6,3209.766666666667,24,Attacking LB,FB,-0.0009322965344636685,-0.06577089526672336,0.00025830459073532415,-0.06602919985745868
5wmda9gxa0vtnacgb6nq13gtl,J. Cullen,Burnley,1883,2.6984298242695415,0.3756347950362686,2.322795029233273,47.2,51.2,2058.616666666667,36,Central Mid,CM,0.0012335608227473569,0.10154952887343179,0.16987027698393858,-0.0683207481105068
bxjc2heo4ve54cyvw98qcck45,Y. Wissa,Brentford,1115,-3.8665219534462425,-3.4846333859979084,-0.3818885674483338,63.8,55.0,2502.5666666666666,41,Striker,ST,-0.0003425009573527658,-0.013733888302815795,0.05518723729398871,-0.06892112559680451
9c927a1i8iqblent14xat7aad,J. Ayew,Crystal Palace,1924,1.1399148751681618,-3.6277171316144132,4.767632006782575,62.4,32.1,2573.616666666667,54,Right Winger,Winger,0.002477979213504457,0.16672524940016906,0.2383424395275784,-0.07161719012740933
9mrmzuytv82k3u2nco9tq9y0a,Y. Yarmoliuk,Brentford,542,0.1700422841815325,-0.5527395598255832,0.7227818440071156,58.2,40.35,673.4,43,Half-Space CM,CM,0.0013335458376515048,0.09659989005144107,0.16987027698393858,-0.07327038693249752
ezrn62nekq3wpw1qs1yu1ezmd,N. Clyne,Crystal Palace,840,-0.30689070479354086,0.7963762824355158,-1.1032669872290568,38.0,20.6,1334.2666666666669,4,Wide RCB / Inverting Deep RB,FB,-0.0013134130800345914,-0.07441842873784484,0.00025830459073532415,-0.07467673332858016
15zwbu0ltk0jfy6of656iko2x,E. Adebayo,Luton Town,710,-2.3921935714519647,-2.0564536413256955,-0.3357399301262693,66.95,56.150000000000006,1418.7,52,Roaming Advanced ST,ST,-0.0004728731410229145,-0.02129879023850302,0.05518723729398871,-0.07648602753249173
95uxoznu15m2xywirv43rcmol,O. Mangala,Nottingham Forest,1006,-0.8107308353184534,0.577082663238871,-1.3878134985573243,40.8,53.95,1566.85,46,Defensive Mid,DM,-0.0013795362808720916,-0.0797161278170592,-0.002181374586156239,-0.07753475323090296
7zokstl625tj96c64ow4uvjyt,O. Aina,Nottingham Forest,1272,0.12770923524730024,1.5943486278546224,-1.466639392607322,40.5,81.3,1696.9666666666667,16,Inverting Attacking LB,FB,-0.0011530183904145614,-0.0777844066872217,0.00025830459073532415,-0.07804271127795702
8qwpdf5jof7o6yy47v6iv11hx,L. Trossard,Arsenal,1157,-0.6632811716623691,-3.5783793344634107,2.9150981628010415,67.1,75.0,1649.7166666666667,34,Wide LAM,Winger,0.0025195316878142103,0.15903266297369875,0.2383424395275784,-0.07930977655387964
5e300bc3sbmy6iqpvmic34qju,D. Núñez,Liverpool,1050,-4.5026885935686725,-3.94458008902779,-0.5581085045408822,73.2,51.85,2046.9166666666667,47,Box ST,ST,-0.0005315319090865545,-0.024539233192368715,0.05518723729398871,-0.07972647048635742
34f7qo18vadmtj5qq0w3x5xat,A. Townsend,Luton Town,746,1.4463854534344793,-0.6306670549475664,2.077052508382046,62.35,17.75,1208.0666666666666,5,Wide RAM,Winger,0.0027842526922011337,0.15473874986566757,0.2383424395275784,-0.08360368966191081
d3hg7lo01o84dsvzud3b6vsnp,O. McBurnie,Sheffield United,936,-1.580383507096616,-2.4702726467392524,0.8898891396426367,62.25,34.6,1326.7333333333331,37,Right Attacking Mid,AM,0.0009507362603019623,0.060366330260668295,0.14638380067839862,-0.08601747041773034
9ydkbbygq6uocors9kcdnzbop,M. Diaby,Aston Villa,1028,1.0358668996000464,-2.650632471019915,3.6864993706199614,67.65,28.4,2179.733333333333,5,Wide RAM,Winger,0.0035860888819260325,0.1522135475390552,0.2383424395275784,-0.08612889198852319
6k66e9gxbu8s7zoxb7mrtwcmh,S. Berge,Burnley,2391,-0.6922697492841209,2.348232588902309,-3.04050233818643,48.2,49.9,3040.15,38,Left Defensive Mid,DM,-0.0012716446416505354,-0.09001043055006452,-0.002181374586156239,-0.08782905596390829
ag4dpuocam5wfpvpyxtxhpa6t,T. Kaminski,Luton Town,2032,-9.320740574969397,5.594516460848789,-14.915257035818186,12.2,49.3,3405.45,10,Mobile Box GK,GK,-0.007340185549123123,-0.3941837740162495,-0.3051845141961626,-0.08899925982008688
3yoyz12xslt53z9ggoo2hiuol,T. Lockyer,Luton Town,784,-1.6281342488554431,2.252632859420448,-3.880767108275891,31.4,46.5,1170.0833333333333,17,CB,CB,-0.004949958046270269,-0.29849928615753596,-0.20811098856277607,-0.09038829759475989
3gnmodjkq8tdc25b4enove5zp,R. Burke,Luton Town,1148,0.8211627400168695,2.5021615555329078,-1.680998815516038,37.1,23.700000000000003,1661.8333333333333,4,Wide RCB / Inverting Deep RB,FB,-0.0014642846825052595,-0.09103794608150241,0.00025830459073532415,-0.09129625067223773
djgqihf08sxqh0zt2xe2xzv1l,J. Mateta,Crystal Palace,1108,-3.7709749007727296,-2.8335395291461767,-0.9374353716265528,65.1,51.8,2284.383333333333,52,Roaming Advanced ST,ST,-0.0008460608047171054,-0.03693302354963327,0.05518723729398871,-0.09212026084362199
9o1vesnpfiucpoq35ihhpstex,V. Mykolenko,Everton,1850,-1.346137359777628,1.1924715033943625,-2.5386088631719907,41.85,87.3,2470.083333333333,20,Deep/Inverting LB,FB,-0.001372221007119995,-0.09249679741661045,0.00025830459073532415,-0.09275510200734577
7o49rb7fgi2ml87up7hh2z0t1,J. Evans,Manchester United,1201,-1.7337682072870493,2.9168008262577025,-4.650569033544752,31.2,66.4,1384.8166666666666,35,LCB,CB,-0.0038722473218524163,-0.30224304999628904,-0.20811098856277607,-0.09413206143351296
a559ewan4122b6orx6d0f6s16,N. Patterson,Everton,846,0.0012407218823408464,1.049041188330012,-1.047800466447671,44.95,9.5,1003.5666666666668,8,Deep RB,FB,-0.001238534830316396,-0.0939668933938523,0.00025830459073532415,-0.09422519798458762
ed20ebhqi5c32vbbsze8r6yuh,K. Havertz,Arsenal,1800,-3.3061950553166537,-4.82005205111987,1.5138569958032158,64.4,58.4,2635.45,51,Left Attacking Mid,AM,0.0008410316643351199,0.05169786170190648,0.14638380067839862,-0.09468593897649213
1dwwsz1i6v8zwh802ujwf7emt,D. Origi,Nottingham Forest,318,0.33769423039387725,-0.5977933081951758,0.935487538589053,64.4,19.2,602.3000000000001,5,Wide RAM,Winger,0.002941784712544192,0.13978727955008263,0.2383424395275784,-0.09855515997749575
5wqrzi7ar39jpu6mn8a67ngiy,Z. Amdouni,Burnley,1104,-1.861292070652547,-0.8724543069887565,-0.9888377636637905,60.1,54.8,1967.8,14,Roaming Deep ST,ST,-0.000895686380130245,-0.04522583531341658,0.05518723729398871,-0.10041307260740528
cot71zatz9vm1hyzp5ecqhvpx,Diego Carlos,Aston Villa,1743,-2.1268599917535758,4.1298042360841745,-6.25666422783775,30.7,39.7,1813.4,12,Narrow RCB,CB,-0.003589595081949369,-0.31052155095698547,-0.20811098856277607,-0.1024105623942094
9nq9bocnqq6bu8ho4m26qmkt1,S. Coleman,Everton,481,-0.15508712123493457,0.5981603859066088,-0.7532475071415433,37.4,12.2,661.75,8,Deep RB,FB,-0.001566003133350402,-0.1024439375031944,0.00025830459073532415,-0.10270224209392972
bmwajy8xpa1fqbm2sykpwpadx,J. Clark,Luton Town,917,0.7513630117976056,-0.2009529607945258,0.9523159725921313,55.4,48.5,1304.4833333333331,43,Half-Space CM,CM,0.0010385125110055958,0.0657029762996526,0.16987027698393858,-0.10416730068428598
cgm6zre07l5qauif32jtfqsk4,K. Mainoo,Manchester United,1385,-0.6087106497042639,1.7093380859253269,-2.3180487356295907,44.8,51.0,1935.5166666666669,38,Left Defensive Mid,DM,-0.0016736813975664914,-0.10778743980849032,-0.002181374586156239,-0.10560606522233408
dlpk0a4jgiswcm2r75uh1czpx,H. Wilson,Fulham,1050,1.3871634923876741,-0.9791657676054162,2.36632925999309,61.3,22.4,1613.15,5,Wide RAM,Winger,0.0022536469142791335,0.13202097349866912,0.2383424395275784,-0.10632146602890927
9k0kubwlwu9axyiuwjp3zg2qx,C. Roberts,Burnley,649,-0.038630773409745967,0.9487405543421806,-0.9873713277519266,40.4,27.85,833.5333333333333,4,Wide RCB / Inverting Deep RB,FB,-0.0015213733863666049,-0.10661051687315852,0.00025830459073532415,-0.10686882146389384
b77x3vpsogztatllq0zf32nhm,T. Mengi,Luton Town,1644,-3.3316256835944014,5.440259733097881,-8.771885416692282,32.3,39.5,2470.333333333333,18,RCB,CB,-0.005335696725481923,-0.319580227028325,-0.20811098856277607,-0.11146923846554893
9k8gysrsy1a261nhcszo4aoyx,V. Janelt,Brentford,2104,1.7540067466306084,0.602056290237058,1.1519504563935505,45.4,68.4,3063.366666666667,51,Left Attacking Mid,AM,0.0005475049697687978,0.033843660376520236,0.14638380067839862,-0.1125401403018784
3mgjcyaseuexxlssgatjgsand,N. Williams,Nottingham Forest,1405,-0.6244632091763158,1.53231427799108,-2.1567774871673957,42.3,12.4,1725.2833333333333,13,Attacking RB,FB,-0.0015350729446031285,-0.11250904132368536,0.00025830459073532415,-0.11276734591442068
1qqhtdvpixhe5zt9mq9omsoh5,H. Delcroix,Burnley,489,-1.0629099581327275,1.0280427437434092,-2.090952701876137,35.0,74.8,581.5,45,Wide LCB,CB,-0.004275976895452223,-0.3236212264296687,-0.20811098856277607,-0.1155102378668926
68n1ydedtlw2s6toghw9qiprd,M. Roerslev,Brentford,1196,-0.5078233377681569,2.040355912883382,-2.5481792506515393,38.8,12.65,1983.9166666666667,8,Deep RB,FB,-0.002130584657735401,-0.11559766416195498,0.00025830459073532415,-0.1158559687526903
2922aevmtpw4qvcwohmxmqtbd,T. Tomiyasu,Arsenal,983,-0.12223871055337678,-0.5062485854672371,0.3840098749138603,53.3,63.6,1169.8333333333333,25,Half-Space AM,AM,0.0003906509409093187,0.02954342961297686,0.14638380067839862,-0.11684037106542176
9niqvxfgy02wzphokpoh6u66t,C. Taylor,Burnley,1835,-1.3802333073856432,1.6509906072492115,-3.0312239146348547,40.8,87.8,2329.7833333333333,24,Attacking LB,FB,-0.001651893141490384,-0.11709679111096322,0.00025830459073532415,-0.11735509570169854
bgc1psqiv7vagmphfl920nbah,A. Robinson,Fulham,3113,-0.5400561292023374,3.7188886526862666,-4.258944781888604,38.7,88.4,3268.25,24,Attacking LB,FB,-0.001368115895242083,-0.1172814290124606,0.00025830459073532415,-0.11753973360319592
1qk1rbq1vcld8ejr5zjwjjxbe,Vitinho,Burnley,1660,-1.3548673104008186,1.6951282676558403,-3.049995578056659,48.0,22.3,2320.083333333333,30,Deep/Inverting RB,FB,-0.0018373467337690717,-0.11831454417230675,0.00025830459073532415,-0.11857284876304207
ece7xph4emgawvh7mr56319ex,R. Yates,Nottingham Forest,1498,-1.9220272338263968,0.7570187437977246,-2.6790459776241216,45.3,32.95,1989.5166666666669,21,Roaming DM,DM,-0.0017884152053565564,-0.12119231873043079,-0.002181374586156239,-0.11901094414427456
3krglbuxncb1fvl3p1sezhoq2,A. Al Dakhil,Burnley,890,-1.7257090332919272,2.1432967274869674,-3.8690057607788946,34.0,33.2,1055.9166666666667,11,RCB,CB,-0.00434719748402123,-0.3297708327394212,-0.20811098856277607,-0.12165984417664513
6n54br4iwdggqvid7oirzfn8q,L. Assignon,Burnley,895,-0.49582604713570233,1.2568117886154018,-1.752637835751104,45.4,15.2,1286.5666666666666,30,Deep/Inverting RB,FB,-0.0019582545650850326,-0.12260336701111436,0.00025830459073532415,-0.12286167160184969
9xfrrmf19uv4i69ge0kg1hh7u,A. Hickey,Brentford,451,-0.6400460173578983,0.3644819854353651,-1.0045280027932635,39.9,32.4,715.4166666666667,1,Attacking RB,FB,-0.0022273348177234225,-0.12637044181907098,0.00025830459073532415,-0.12662874640980631
1y74tse0vpdxanxf152cc8jjd,G. Montiel,Nottingham Forest,575,-0.1942272013429739,0.9334202647329181,-1.127647466075892,37.150000000000006,14.05,801.15,4,Wide RCB / Inverting Deep RB,FB,-0.001961126027958073,-0.12667823996359018,0.00025830459073532415,-0.12693654455432551
b17tkj4ea4jld8yupekcolall,Lisandro Martínez,Manchester United,583,-0.836249193464319,1.6073333735677244,-2.4435825670320437,35.45,67.85,648.5333333333333,35,LCB,CB,-0.004191393768494071,-0.3391073669298169,-0.20811098856277607,-0.13099637836704084
cdrzpuj49ploquvdolgh5c3bp,S. Lukić,Fulham,820,-0.9307875209579337,0.7348484278502325,-1.6656359488081662,44.4,43.3,1113.3166666666666,46,Defensive Mid,DM,-0.002031263352205081,-0.13464923312570695,-0.002181374586156239,-0.1324678585395507
55eiicx10oqok1601fqyovt1x,T. Awoniyi,Nottingham Forest,452,-1.2691935166465464,-0.37141377452237384,-0.8977797421241724,61.8,52.8,1040.9,14,Roaming Deep ST,ST,-0.001986238367531355,-0.07762530194175762,0.05518723729398871,-0.13281253923574632
2qy2d8xkwkbeyw5v8ljlzb845,K. Tete,Fulham,774,-0.5022800545390782,0.7871665153813069,-1.289446569920385,44.1,12.0,867.6333333333333,13,Attacking RB,FB,-0.0016659516407240115,-0.1337548787423658,0.00025830459073532415,-0.13401318333310114
1c4nu9s3t3p83pufjf3n3xqay,J. Trafford,Burnley,2050,-8.067456071448841,4.29334463616503,-12.360800707613873,12.5,49.4,2520.0,49,High Buildup GK,GK,-0.006029658881762864,-0.4414571681290668,-0.3051845141961626,-0.13627265393290422
29dp5gmu5xbd04mozwxq5tjh1,J. Gomez,Liverpool,1858,1.1269605872629298,0.9454472898369785,0.18151329742595115,52.05,64.3,1782.6666666666667,25,Half-Space AM,AM,9.769284037995218e-05,0.009163909929881602,0.14638380067839862,-0.137219890748517
8pb6iiphpyxdlpbs4dpunr8wl,S. Aurier,Nottingham Forest,725,-0.421899169182745,0.8531862638170603,-1.2750854329998051,43.4,15.8,833.3333333333334,4,Wide RCB / Inverting Deep RB,FB,-0.0017587385282755933,-0.13770922676397895,0.00025830459073532415,-0.1379675313547143
ek0k9s7axizns3vtzyy3z5nu,M. Damsgaard,Brentford,731,0.6122557285130306,0.555719985639246,0.05653574287378448,55.2,37.2,838.8166666666667,25,Half-Space AM,AM,7.734027752911694e-05,0.006065946303690441,0.14638380067839862,-0.14031785437470817
cfhk5255hz4wbs2zsrq219a6t,I. Grbić,Sheffield United,461,-2.6408995916104194,1.1946249838091019,-3.8355245754195217,9.45,50.3,771.9333333333334,26,Box GK,GK,-0.008320009924988117,-0.44718526442839224,-0.3051845141961626,-0.14200075023222963
4kfx8fzf54bli2a2o0i3fvhed,S. Amrabat,Manchester United,925,0.06473435664411185,1.5580994212140449,-1.493365064569933,42.85,58.4,931.8333333333331,38,Left Defensive Mid,DM,-0.0016144487184539817,-0.14423486583218817,-0.002181374586156239,-0.14205349124603192
6ebb2xcovp1tx5nv5yyncb7x1,J. Schlupp,Crystal Palace,734,-0.5286549682078199,-0.5831086901931789,0.05445372198535903,57.3,69.35,1350.0333333333333,51,Left Attacking Mid,AM,7.418763213264172e-05,0.0036301584988140878,0.14638380067839862,-0.14275364217958453
2p70qo9oxplufwnhlrl2b8v3e,I. Kaboré,Luton Town,1268,-0.7244719027153,2.023422102626328,-2.747894005341628,42.3,12.8,1729.3833333333332,53,High & Wide RB,FB,-0.0021671088370202114,-0.14300499820595775,0.00025830459073532415,-0.14326330279669308
e1t5rgvs2hwnldts6vn8agzc9,A. Wan-Bissaka,Manchester United,1453,-0.8781809179353919,1.9544204351950833,-2.8326013531304755,41.2,22.3,1780.55,1,Attacking RB,FB,-0.0019494847578323989,-0.14317717659248141,0.00025830459073532415,-0.14343548118321675
6ita8t40qk3b85mrqpq71gjys,D. Fofana,Burnley,450,-1.6328149612767735,-0.7209614235636631,-0.9118535377131105,64.45,51.65,881.15,52,Roaming Advanced ST,ST,-0.002026341194918023,-0.09313603630957265,0.05518723729398871,-0.14832327360356135
7c2wnewpcf1idj6ghj6gu0wyd,Marc Cucurella,Chelsea,1713,-1.2260372835445295,1.71460268146476,-2.94063996500929,37.5,79.5,1785.95,20,Deep/Inverting LB,FB,-0.001716660808528482,-0.1481886933289488,0.00025830459073532415,-0.14844699791968413
6zjzpbshmem98ecmuc852di0a,J. McAtee,Sheffield United,1078,0.5908343819890179,-1.276159216765212,1.86699359875423,62.75,30.75,1909.5,5,Wide RAM,Winger,0.0017319050081208071,0.08799655610781917,0.2383424395275784,-0.1503458834197592
2k18wcecasfnrys3vm9sm2lt5,A. Murić,Burnley,801,-2.238455535190936,2.3232694907361475,-4.561725025927084,13.2,49.25,900.0,49,High Buildup GK,GK,-0.005695037485551915,-0.45617250259270836,-0.3051845141961626,-0.15098798839654576
1abb1gcw7arw1nkbuxnccjca1,I. Sangaré,Nottingham Forest,749,-0.7459309935480276,1.0305785833491603,-1.776509576897188,42.0,44.6,1037.6666666666667,21,Roaming DM,DM,-0.002371841891718542,-0.1540821027183555,-0.002181374586156239,-0.15190072813219926
cjdycctu96jilvbvnl7ndh9sl,C. Wood,Nottingham Forest,923,-4.119125982417839,-2.1602786860644168,-1.958847296353422,60.7,52.9,1809.85,47,Box ST,ST,-0.0021222614261683878,-0.09740931937553277,0.05518723729398871,-0.1525965566695215
70hdfmna3nvwjlufm9rs92uzu,A. Omobamidele,Nottingham Forest,456,-1.2451742702360549,1.910272431925874,-3.155446702161929,29.9,35.650000000000006,779.1166666666667,9,RCB,CB,-0.006919839259127037,-0.3645027957232425,-0.20811098856277607,-0.15639180716046644
3izhfm7i4afomephw07mp4nsa,M. Esteve,Burnley,1190,-2.5639645390339756,2.8254310940670315,-5.389395633101007,34.8,70.8,1311.4666666666667,22,LCB,CB,-0.004528903893362191,-0.36984974098649653,-0.20811098856277607,-0.16173875242372046
34b0oqo4725okjxxngin9piw9,F. Onyeka,Brentford,812,-0.3126061676205869,-0.0928502730247637,-0.21975589459582326,52.3,30.0,1157.3666666666666,37,Right Attacking Mid,AM,-0.0002706353381721961,-0.017088819890231352,0.14638380067839862,-0.16347262056863
8g7clz1z04oqjxhg8xnqc7105,A. Doucouré,Everton,1618,-2.3741184612054966,-1.8356965737373807,-0.5384218874681157,59.8,51.95,2650.6833333333334,25,Half-Space AM,AM,-0.00033277001697658575,-0.01828131231775344,0.14638380067839862,-0.16466511299615205
5wengf05apke7rv3kms186j56,A. Elanga,Nottingham Forest,1305,0.9169921768943732,-0.9307783385447865,1.8477705154391597,64.1,36.25,2432.5,54,Right Winger,Winger,0.0014159161037847966,0.06836561002652596,0.2383424395275784,-0.16997682950105242
7j36oy8n0tu8ps0haqb4es48a,K. Lewis-Potter,Brentford,793,-0.20435908664099287,-1.2088280853058893,1.0044689986648963,66.75,75.6,1439.0333333333333,44,Wide Progressing LW,Winger,0.001266669607395834,0.06282148424625836,0.2383424395275784,-0.17552095528132003
chn2v9j6dqmuz2haoiuulbd91,I. Diop,Fulham,1421,-2.2567167793213314,3.818373053760064,-6.075089833081395,31.7,31.1,1424.8166666666666,9,RCB,CB,-0.004275221557411256,-0.3837392541571376,-0.20811098856277607,-0.17562826559436154
bhsh1n3qfg8awmctxlh8k7yzt,J. Ramsey,Aston Villa,552,-0.4629337008487069,-1.0449944664982491,0.5820607656495423,62.75,77.80000000000001,850.9,44,Wide Progressing LW,Winger,0.0010544579087854028,0.06156477718704761,0.2383424395275784,-0.17677766234053077
4rktv6j9sioe0gmu7jt77fsh5,A. Danjuma,Everton,292,-0.39691815885075454,-0.728919197335392,0.3320010384846375,68.15,75.1,593.4666666666667,34,Wide LAM,Winger,0.0011369898578241012,0.05034839383894188,0.2383424395275784,-0.1879940456886365
ecp0v1dxqfjbgy3urnkz5d3o5,João Palhinha,Fulham,2331,-3.076592501755885,2.889669465210457,-5.966261966966342,40.5,51.2,2713.65,38,Left Defensive Mid,DM,-0.0025595289433575042,-0.19787503068817675,-0.002181374586156239,-0.1956936561020205
aki4rp2wba5l3t05fzymgot0p,B. Brereton,Sheffield United,532,-0.5421940688168183,-1.0649228072224228,0.5227287384056045,64.4,69.55000000000001,1106.4,34,Wide LAM,Winger,0.0009825728165518883,0.04252131820002206,0.2383424395275784,-0.19582112132755633
eu4xivu8i6yla9fcnuncx1ucp,N. Zaniolo,Aston Villa,578,-0.6613384718079426,-1.0361302210968801,0.3747917492889374,61.6,72.65,832.95,44,Wide Progressing LW,Winger,0.000648428631987781,0.04049613714629253,0.2383424395275784,-0.19784630238128587
447abno2j0ux8fsxzs6fel7th,A. Ahmedhodžić,Sheffield United,1675,-5.802769598403011,6.178869303544132,-11.981638901947143,30.6,28.5,2649.983333333333,11,RCB,CB,-0.007153217254893817,-0.40692614463307675,-0.20811098856277607,-0.19881515607030067
3bvr4z5z4cyb8fadfwtgxrx0p,A. Trusty,Sheffield United,1592,-4.933984532465635,6.7532541789578415,-11.687238711423477,30.1,70.6,2571.866666666667,35,LCB,CB,-0.007341230346371531,-0.4089836761994321,-0.20811098856277607,-0.20087268763665603
bf7ph89zhr5y6rtct5k9bvqc4,W. Osula,Sheffield United,354,-1.508926317075018,-0.24643862739754624,-1.2624876896774717,65.1,48.3,779.3166666666667,52,Roaming Advanced ST,ST,-0.0035663494058685644,-0.14579938673321385,0.05518723729398871,-0.20098662402720258
apzgvyoya5b4yd6vpev9o7krt,T. Chong,Luton Town,1140,-1.2274513512768315,0.023818593213948688,-1.2512699444907802,57.45,74.4,1983.8166666666664,51,Left Attacking Mid,AM,-0.0010976052144655967,-0.05676648296003675,0.14638380067839862,-0.20315028363843537
ch8dgambei1xbzmikkglg3c9h,B. De Cordova-Reid,Fulham,865,-0.2985664510472657,-0.7816163872799905,0.48304993623272474,60.5,26.2,1424.3666666666668,5,Wide RAM,Winger,0.0005584392326389881,0.030521982350713926,0.2383424395275784,-0.20782045717686445
9wqqm1lr6y75yl27asdcygf3e,Rodrigo Muniz,Fulham,792,-5.2937730542748005,-2.5403149671448064,-2.753458087129994,62.2,49.2,1596.8,47,Box ST,ST,-0.0034765884938510027,-0.15519240220547312,0.05518723729398871,-0.2103796394994618
dwumn5qew7ae53givnx2p892h,J. Bogle,Sheffield United,1815,-3.05985240938516,3.572570279523733,-6.632422688908893,38.9,14.0,2796.4666666666667,8,Deep RB,FB,-0.003654227376809307,-0.21345437409175877,0.00025830459073532415,-0.2137126786824941
8ro3lpzufz8ea9pa2j1jivqad,B. Godfrey,Everton,812,-1.3891447375422663,1.2627758994108553,-2.6519206369531214,42.0,14.0,1117.2,13,Attacking RB,FB,-0.0032659121144742874,-0.21363485260094964,0.00025830459073532415,-0.21389315719168497
9fvo9v5e9r0ptibied6ejv3zd,S. McTominay,Manchester United,1235,-3.898383658644456,0.8354506201225876,-4.733834278767043,47.6,44.0,1899.5166666666669,21,Roaming DM,DM,-0.0038330641933336383,-0.22429131187180976,-0.002181374586156239,-0.2221099372856535
cjbvvgkjx0ume03o3mjgw3ox5,J. Beyer,Burnley,1187,-2.3934177776837817,3.5324243780418474,-5.925842155725629,30.65,67.3,1236.3333333333333,28,LCB,CB,-0.004992284882666916,-0.4313770240080669,-0.20811098856277607,-0.2232660354452908
1edp9euwcg0bg1ovgcdk9lxat,W. Foderingham,Sheffield United,1572,-9.69876065167801,6.013476328260531,-15.71223697993854,10.6,51.5,2648.0666666666666,39,Mobile GK,GK,-0.009995061692072862,-0.5340127369128932,-0.3051845141961626,-0.2288282227167306
adi6l78sdvet408eho4fi4xk9,Vinicius Souza,Sheffield United,1851,-3.125577167813434,3.7237689115121615,-6.849346079325596,39.85,44.6,2667.3166666666666,21,Roaming DM,DM,-0.003700349043395784,-0.2311090973347635,-0.002181374586156239,-0.22892772274860726
a5yoqh6zfi39647gx6w88gl,G. Baldock,Sheffield United,640,-0.9506843144200229,1.5422012155473261,-2.492885529967349,36.3,15.8,968.9166666666666,4,Wide RCB / Inverting Deep RB,FB,-0.0038951336405739826,-0.23155726949038763,0.00025830459073532415,-0.23181557408112297
bzbs68yvjb8lsqs6qwserqicq,A. Brooks,Sheffield United,558,-0.7802026754475421,0.24099299452699574,-1.0211956699745377,52.1,73.80000000000001,942.4833333333332,51,Left Attacking Mid,AM,-0.0018300997669794582,-0.0975164303146387,0.14638380067839862,-0.24390023099303731
36h4l2r44fx8ekx2j4f24dzhl,J. Brown,Luton Town,672,-0.7958265401361556,-0.6493558798109698,-0.1464706603251857,59.6,46.9,1018.4166666666666,54,Right Winger,Winger,-0.00021796229215057393,-0.012943974564372846,0.2383424395275784,-0.25128641409195124
2eayhzdix8knmn810sbngsdt5,M. Rogers,Aston Villa,408,-0.29668349649579956,-0.15968507596097592,-0.13699842053482364,53.2,66.85,636.0666666666666,6,Left Winger,Winger,-0.00033578044248731284,-0.01938453702148747,0.2383424395275784,-0.25772697654906584
70jmsf551d1sspqnm8t5lrch5,L. Thomas,Sheffield United,551,-1.1483047550156307,1.603877369001117,-2.752182124016748,39.6,87.7,918.25,20,Deep/Inverting LB,FB,-0.00499488588750771,-0.26974831599401833,0.00025830459073532415,-0.27000662058475366
5wa8lzp50ccfhxg3j4f65gt79,R. Jiménez,Fulham,828,-2.561582265530851,-0.8500136372691752,-1.7115686282616758,61.150000000000006,39.95,1466.9833333333331,43,Half-Space CM,CM,-0.0020671118698812507,-0.10500540329489144,0.16987027698393858,-0.27487568027883
6nb8hub5usi3iasywa2fjf1lh,Casemiro,Manchester United,2137,-2.4517369119903716,4.2350310457402,-6.686767957730572,38.6,44.5,1983.3833333333328,46,Defensive Mid,DM,-0.0031290444350634402,-0.30342551844697274,-0.002181374586156239,-0.3012441438608165
1rz6bw398na1i3t29rop7ikt1,J. Ward,Crystal Palace,1446,-3.176457205307274,3.7411333631409116,-6.917590568448185,35.9,16.7,1976.55,4,Wide RCB / Inverting Deep RB,FB,-0.004783949217460709,-0.31498477203224645,0.00025830459073532415,-0.3152430766229818
atzboo800gv7gic2rgvgo0kq1,E. Haaland,Manchester City,854,-11.892278936013113,-4.140297093915031,-7.751981842098083,73.1,49.6,2564.483333333333,47,Box ST,ST,-0.009077262110185108,-0.2720541626144945,0.05518723729398871,-0.3272413999084832
e5oet393vired282yco4i7gfd,D. Hashioka,Luton Town,445,-1.205102765256789,1.0521007552091892,-2.257203520465978,35.25,27.4,593.8666666666667,4,Wide RCB / Inverting Deep RB,FB,-0.005072367461721299,-0.3420773184361327,0.00025830459073532415,-0.34233562302686804
blczo3w34ik1wuu9r042gfvf9,J. Rodríguez,Burnley,443,-1.7751721391637512,-0.11074758592649694,-1.6644245532372544,57.4,46.1,815.0833333333333,43,Half-Space CM,CM,-0.003757166034395608,-0.18378269272019576,0.16987027698393858,-0.35365296970413435
