playerId,playerName,contestantId,Actions,P_goal_diff,P_concede_diff,VAEP_value,Team,x,y,Minutes,Cluster,Desc,Group,VAEP/Act,VAEP/90,GroupAvg,VAEP/90 vs Group Avg
ykp13dluyk1dwzunv5qj2yhg,L. Coulibaly,9w3sjm5ml4sjr2v81oxzdrt8v,1454,6.761209332824228,-12.560516696648097,19.321726029472327,Randers,63.2,22.0,2165.766666666667,5,Wide RAM,Winger,0.013288669896473402,0.8029282975940049,0.12938346670839837,0.6735448308856065
9auqrrixu34cgkpe8trlkaoh6,F. Bundgaard,9w3sjm5ml4sjr2v81oxzdrt8v,690,2.694721936499128,-1.940179708471076,4.634901644970204,Randers,63.3,38.2,1171.2666666666669,25,Half-Space AM,AM,0.006717248760826382,0.3561453253292603,-0.2468017773222294,0.6029471026514897
6v4ykv7aw86ql22oksh682kus,W. Kumado,anga7587r1zv4ey71ge9zxol3,1047,2.5821618612455626,-6.623296772528911,9.205458633774473,Lyngby,51.6,13.5,1713.9,53,High & Wide RB,FB,0.008792224101026239,0.48339534222516045,-0.0682446718457163,0.5516400140708767
8xrco8qhcvplvc3wmcschoi22,T. Mølgaard,5rz9enoyknpg8ji78za5b82p0,1370,0.5728459416624451,-2.128028501642554,2.700874443304999,AGF,37.6,21.0,1546.0,33,Wide RCB,CB,0.0019714411994927,0.15723072438386154,-0.39294797559291017,0.5501786999767717
bxx5rebv553opcpvc2x70g6sq,O. Villadsen,77tfx9me4aaqhzv78bmgsy9bg,1989,10.81726207293593,-2.407876172041385,13.225138244977316,Nordsjælland,56.05,12.8,2547.133333333333,13,Attacking RB,FB,0.006649139389128866,0.4672949101138372,-0.0682446718457163,0.5355395819595535
6c2isptqoy4cq5c8rlr9s1roq,M. Elvius,c165yjiny1qnmfdvefxvflnkc,783,-2.227897100263632,-8.116809678726032,5.8889125784624,Vejle,42.3,14.95,1330.2666666666669,13,Attacking RB,FB,0.007520961147461558,0.3984179603550285,-0.0682446718457163,0.46666263220074483
3r9qvhedhr1o6zm6c5l4alkpg,I. Osman,77tfx9me4aaqhzv78bmgsy9bg,1179,12.733707937703082,-0.09057887535867275,12.824286813061756,Nordsjælland,76.4,71.5,2037.8666666666668,34,Wide LAM,Winger,0.01087725768707528,0.5663696413776946,0.12938346670839837,0.43698617466929623
22zuxw8lez5w4vjd8spzzysyc,T. Lauritsen,c165yjiny1qnmfdvefxvflnkc,525,2.3912695353340316,-2.242372867700581,4.633642403034614,Vejle,56.9,41.35,917.8,43,Half-Space CM,CM,0.00882598552958974,0.45437765991840845,0.018162696522784995,0.43621496339562343
1u46uhxe7outj2f8tsga2nx0p,E. Agyiri,9w3sjm5ml4sjr2v81oxzdrt8v,418,-0.5206545572359705,-4.576492195133968,4.055837637897997,Randers,63.4,40.0,667.8666666666667,54,Right Winger,Winger,0.009702960856215304,0.5465542834060987,0.12938346670839837,0.4171708166977003
447ufj1r24b3dqvnwfi8wgj4l,K. Mensah,9qsmopgutr7ut5g6workk8w4i,501,0.2114956218149334,-2.695054383329653,2.906550005144587,Brøndby,53.25,21.4,774.4333333333334,1,Attacking RB,FB,0.005801497016256661,0.33778181956227715,-0.0682446718457163,0.40602649140799346
6cbixj2kogb7ibypc15x6crxm,T. Francois,c165yjiny1qnmfdvefxvflnkc,726,1.1795417308610847,-2.7482113891306184,3.9277531199917033,Vejle,47.65,59.85,1198.0833333333333,38,Left Defensive Mid,DM,0.005410128264451382,0.29505274880649923,-0.08643056893659207,0.3814833177430913
f4p22zbcs9l5dwhvqg6wstmcq,A. Schjelderup,77tfx9me4aaqhzv78bmgsy9bg,1362,9.202142928031577,-1.8647583196378428,11.06690124766942,Nordsjælland,69.0,77.3,1974.7833333333333,34,Wide LAM,Winger,0.008125478155410735,0.5043698189456638,0.12938346670839837,0.3749863522372654
rq6npjy37kolscu8lrj4r2dx,R. Falk,b3r6d8ydtmtjckam6pku9y400,1996,7.582750807632619,-1.3470957639118848,8.929846571544504,København,57.2,57.2,2070.5333333333333,2,Roaming LCM,CM,0.0044738710278279074,0.38815419124171163,0.018162696522784995,0.3699914947189266
2tthm6h5o033dz440e476rhbe,M. Divković,9qsmopgutr7ut5g6workk8w4i,1643,1.4867322624729555,-5.552957135507367,7.0396893979803234,Brøndby,54.05,91.5,2237.9166666666665,24,Attacking LB,FB,0.004284655750444506,0.28310797057601006,-0.0682446718457163,0.35135264242172637
3l3v5wj4c7vtqqwu05b526590,J. Jensen-Abbew,5rz9enoyknpg8ji78za5b82p0,467,0.09635918088400215,0.37348979426040685,-0.27713061337640466,AGF,32.8,61.7,571.1166666666667,42,CB,CB,-0.0005934274376368408,-0.043671909190550244,-0.39294797559291017,0.3492760664023599
7w7ufa4v85hmj1qxnmqc4zgiy,I. Said,cftj6g399tknheudaxsdpfdgb,1164,9.472278896556151,0.8673808803940276,8.604898016162123,Viborg,65.35,33.849999999999994,1629.2833333333333,5,Wide RAM,Winger,0.007392524068867803,0.47532605631592073,0.12938346670839837,0.34594258960752233
ejv587h08dn1hgxhfgib3reqy,R. Al Hajj,dbl7ir1qugqz8nvp1vzn8im50,1907,10.207167361551528,0.9873420335624491,9.21982532798908,OB,57.4,59.0,2287.9166666666665,2,Roaming LCM,CM,0.004834727492390708,0.36268116387645993,0.018162696522784995,0.3445184673536749
ddsv1cx4vopu1xis5xwkx2qz8,L. Hey,77tfx9me4aaqhzv78bmgsy9bg,1011,0.6152996960529722,1.244063723066377,-0.6287640270134047,Nordsjælland,38.75,47.6,833.7166666666667,42,CB,CB,-0.0006219228753841788,-0.06787529228299753,-0.39294797559291017,0.3250726833099126
2513579m13glsous1p82fbjzd,A. Poulsen,ahnt9ejgwj58ul8auzdvi3czf,594,-1.4552780207441136,-3.5279865593503295,2.072708538606216,Silkeborg,43.6,87.4,763.6,24,Attacking LB,FB,0.003489408314151879,0.24429513943761058,-0.0682446718457163,0.31253981128332686
195o7hchielt14ic49r3k06sq,Serginho,cftj6g399tknheudaxsdpfdgb,1000,10.468149041885926,2.1789418989316083,8.289207142954318,Viborg,68.6,32.6,1695.0333333333333,54,Right Winger,Winger,0.008289207142954318,0.44012623716301863,0.12938346670839837,0.3107427704546203
bnar4f48vnx4oaz2lzch48es5,J. Rasmussen,9qsmopgutr7ut5g6workk8w4i,2780,-2.636852550548598,-0.17896578372413063,-2.457886766824467,Brøndby,38.6,75.9,2610.0,45,Wide LCB,CB,-0.0008841319305123982,-0.0847547160973954,-0.39294797559291017,0.3081932594955148
7hw1plnv7nvxnqpnfnxcxszpx,A. Cornelius,b3r6d8ydtmtjckam6pku9y400,426,1.9802411964984394,1.1048592779759185,0.875381918522521,København,70.4,55.9,710.1833333333333,41,Striker,ST,0.0020548871326819744,0.11093525990992029,-0.19443850697360063,0.3053737668835209
191f96bw3vkg1nt8545rvbw4q,M. Kikkenborg,anga7587r1zv4ey71ge9zxol3,598,-1.2634480096516583,-4.003408672703345,2.739960663051687,Lyngby,11.2,48.7,1530.0,32,Advanced Box GK,GK,0.004581874018481082,0.1611741566500992,-0.13550373128338872,0.2966778879334879
aswmi1pnkzkvkexp8ngief6j9,F. Beijmo,5rz9enoyknpg8ji78za5b82p0,1721,1.2253237412711788,-4.306389990625972,5.531713731897151,AGF,44.4,17.4,2226.5,1,Attacking RB,FB,0.0032142438883771937,0.22360396850246736,-0.0682446718457163,0.29184864034818364
31j3z9eqoxl2qlgncgdiz1zpw,E. Jelert,b3r6d8ydtmtjckam6pku9y400,1863,2.396369247476069,-2.928997509791704,5.325366757267773,København,55.4,17.3,2187.4666666666667,30,Deep/Inverting RB,FB,0.0028584899394888744,0.21910414245737822,-0.0682446718457163,0.2873488143030945
ckhhpn9ppgvlrtubf7li3se09,N. Trott,c165yjiny1qnmfdvefxvflnkc,1349,-1.7892534129108797,-6.338721027124917,4.549467614214037,Vejle,10.2,51.9,2790.0,10,Mobile Box GK,GK,0.003372474139521154,0.146757019813356,-0.13550373128338872,0.28226075109674476
9r07ooissj5mz15g87x5rmbx1,C. Jakobsen,8gxd9ry2580pu1b1dd5ny9ymy,1631,-1.5953546772176952,-2.3752641403586514,0.7799094631409564,Hvidovre,57.2,53.650000000000006,2218.9333333333334,25,Half-Space AM,AM,0.0004781787021097219,0.03163315031968186,-0.2468017773222294,0.27843492764191125
akxcr1xe62dyl5jmh3ataq13o,Renato Júnior,cftj6g399tknheudaxsdpfdgb,442,2.7675392926658255,0.1776723157399933,2.589866976925832,Viborg,65.85,53.7,791.8333333333333,43,Half-Space CM,CM,0.005859427549605955,0.2943650110587138,0.018162696522784995,0.2762023145359288
55u45p7vwom7civ3xy3hdf71m,O. Sonne,ahnt9ejgwj58ul8auzdvi3czf,2082,5.1773845167057635,-0.8311967731820967,6.008581289887861,Silkeborg,48.95,10.1,2654.7333333333336,53,High & Wide RB,FB,0.0028859660374101156,0.20370118132012283,-0.0682446718457163,0.27194585316583914
4fkuou6jd53frctbllvnfiuj8,M. Fuseini,9w3sjm5ml4sjr2v81oxzdrt8v,547,2.4143644951896395,1.461899329124488,0.9524651660651514,Randers,74.9,62.15,1142.0,47,Box ST,ST,0.0017412525887845547,0.07506292902439897,-0.19443850697360063,0.2695014359979996
6my7s0ezr6jldotm1w6nk7b9x,F. Tingager,5rz9enoyknpg8ji78za5b82p0,2449,-3.4517264503356957,0.46565334435431316,-3.917379794690009,AGF,33.4,44.8,2700.0,12,Narrow RCB,CB,-0.00159958341963659,-0.13057932648966694,-0.39294797559291017,0.2623686491032432
5r1v2w303bvj0vv1893qr5d5h,M. Brink,ahnt9ejgwj58ul8auzdvi3czf,3529,9.841705544446393,4.325676324284116,5.516029220162277,Silkeborg,41.9,47.8,2829.9666666666667,46,Defensive Mid,DM,0.001563057302397925,0.1754234901993916,-0.08643056893659207,0.2618540591359837
9km5yidmp0mbjrqqxlapdztre,A. Gigović,59as3grjvj19voay31j3yfgni,993,2.9276083517410205,-0.8082409141848992,3.7358492659259195,Midtjylland,54.4,56.0,1315.0666666666666,2,Roaming LCM,CM,0.0037621845578307347,0.25567253923755406,0.018162696522784995,0.23750984271476908
ssluj1c3ft94nkfs58dc8cq2,E. Achouri,b3r6d8ydtmtjckam6pku9y400,1504,10.71791670510269,2.1372708073232602,8.58064589777943,København,70.6,83.6,2106.883333333333,29,Box-Entering LW,Winger,0.005705216687353344,0.3665405286482318,0.12938346670839837,0.2371570619398334
7zaveckhldl5rieo5ddsqtt2i,P. Rödin,ahnt9ejgwj58ul8auzdvi3czf,1420,-0.8278805186509216,1.2089575531416308,-2.0368380717925523,Silkeborg,33.0,29.7,1170.0,9,RCB,CB,-0.0014343930083046143,-0.15667985167635018,-0.39294797559291017,0.23626812391656
n2annzbap7hll02zo2v0ccgk,T. Adamsen,ahnt9ejgwj58ul8auzdvi3czf,1200,-3.5234688312455105,-3.293434590458136,-0.23003424078737425,Silkeborg,62.05,39.7,1884.5666666666664,37,Right Attacking Mid,AM,-0.0001916952006561452,-0.010985592622988672,-0.2468017773222294,0.23581618469924073
wrckom9vy4352nos44600ydw,T. Slotsager,dbl7ir1qugqz8nvp1vzn8im50,1926,-4.456095497808507,0.18841514079004265,-4.6445106385985495,OB,30.9,32.8,2574.5,11,RCB,CB,-0.0024114800823460797,-0.16236393764764787,-0.39294797559291017,0.2305840379452623
60gs7lod7de72ypcs6qfup8q2,A. Guðjohnsen,anga7587r1zv4ey71ge9zxol3,1119,-0.5125204695869483,-1.2801049735319774,0.7675845039450288,Lyngby,65.4,51.2,2348.4166666666665,47,Box ST,ST,0.0006859557676005619,0.029416673086853945,-0.19443850697360063,0.22385518006045457
e6p5i2ujvk0t9mo0h2gvrlka1,O. Brynhildsen,59as3grjvj19voay31j3yfgni,578,0.06778979678800465,-0.3489984411508617,0.41678823793886643,Midtjylland,68.6,54.6,1290.75,52,Roaming Advanced ST,ST,0.0007210869168492499,0.02906135302304705,-0.19443850697360063,0.22349985999664768
8domjmewnw5h6b19vef8w0afp,M. Greve,9qsmopgutr7ut5g6workk8w4i,1076,-1.4447747644816467,-3.482843988443473,2.0380692239618265,Brøndby,53.6,34.3,1345.45,21,Roaming DM,DM,0.001894116379146679,0.1363307667743613,-0.08643056893659207,0.22276133571095336
a2psnkhu3h7m0ng8e7qdietey,S. Tengstedt,ahnt9ejgwj58ul8auzdvi3czf,464,0.11913214556429878,0.3844183235822437,-0.26528617801794474,Silkeborg,62.9,24.7,898.6333333333333,37,Right Attacking Mid,AM,-0.0005717374526248809,-0.0265689632645295,-0.2468017773222294,0.2202328140576999
3nto7ft0b2a47lqd7ethkkrxm,O. Antman,77tfx9me4aaqhzv78bmgsy9bg,511,2.2663539561485497,-0.9598136921848134,3.2261676483333632,Nordsjælland,68.3,63.0,838.6333333333333,6,Left Winger,Winger,0.006313439624918519,0.34622412061290514,0.12938346670839837,0.21684065390450677
8rtqlort1o8uaf4lmceasuwnp,S. Ingason,59as3grjvj19voay31j3yfgni,1661,1.2868689637808017,5.4987269055878185,-4.211857941807017,Midtjylland,34.25,34.05,2100.25,9,RCB,CB,-0.002535736268396759,-0.18048671099280156,-0.39294797559291017,0.2124612646001086
4zrsiizdbzwwkmit3ta0f0dbe,A. Şimşir,59as3grjvj19voay31j3yfgni,1077,5.433687122447207,-0.032399121523840474,5.466086243971048,Midtjylland,66.25,76.0,1467.4,34,Wide LAM,Winger,0.005075288991616572,0.33525130295583633,0.12938346670839837,0.20586783624743796
ajhd3cqclubmexhscpd4w4ez9,Paulinho,59as3grjvj19voay31j3yfgni,1609,2.523784953018957,-0.36630874023369925,2.8900936932526564,Midtjylland,51.2,88.1,1988.9166666666667,24,Attacking LB,FB,0.001796204905688413,0.1307789495417467,-0.0682446718457163,0.199023621387463
86cey56ppsd1ablfgsj11jzs9,J. Felix,ahnt9ejgwj58ul8auzdvi3czf,1090,-1.4838285071372264,0.601872500365883,-2.0857010075031095,Silkeborg,35.75,73.2,932.8,22,LCB,CB,-0.0019134871628468894,-0.20123616067246983,-0.39294797559291017,0.19171181492044034
8cox96ikk1k4c24f0y5ef45x,W. Dammers,9w3sjm5ml4sjr2v81oxzdrt8v,2411,-3.857840681149018,1.70850352533622,-5.566344206485238,Randers,33.3,67.3,2487.3,28,LCB,CB,-0.002308728414137386,-0.20141156216928852,-0.39294797559291017,0.19153641342362165
evidya5hi6bdcm009g755mcbt,H. Bernat,dbl7ir1qugqz8nvp1vzn8im50,307,-3.027919428689743,-3.385834990972483,0.3579155622827402,OB,8.9,48.9,675.0,26,Box GK,GK,0.0011658487370773297,0.04772207497103202,-0.13550373128338872,0.18322580625442075
73lwz4he5erpp25zi8crjvztg,I. Jensen,cftj6g399tknheudaxsdpfdgb,919,7.558193438636504,1.7614238871360224,5.796769551500481,Viborg,68.0,81.85,1686.1666666666667,29,Box-Entering LW,Winger,0.00630769265669258,0.30940551129882965,0.12938346670839837,0.18002204459043128
5e5fuj7mbkpvf0bug32ixxc5x,S. Makienok,8gxd9ry2580pu1b1dd5ny9ymy,506,-1.561891984637172,-1.3945762846210317,-0.16731570001614027,Hvidovre,60.8,50.3,908.6666666666666,47,Box ST,ST,-0.00033066343876707565,-0.01657198789594933,-0.19443850697360063,0.1778665190776513
6k51ka2qv5ge2ibrb4o5bin6d,P. Carlgren,9w3sjm5ml4sjr2v81oxzdrt8v,1275,-8.226076861826305,-9.285504601837346,1.05942774001104,Randers,10.8,49.0,2880.0,50,Advanced Box GK,GK,0.0008309237176557175,0.033107116875345,-0.13550373128338872,0.16861084815873373
w0wt7gjkdddn63a4258j8frp,D. Vavro,b3r6d8ydtmtjckam6pku9y400,2265,0.9389576043421356,6.253752923852345,-5.31479531951021,København,38.7,31.15,2092.1666666666665,19,RCB,CB,-0.002346487999783757,-0.2286297675882668,-0.39294797559291017,0.16431820800464336
ou0gnms7vf5ff66o508nowoa,Cho Gue-Sung,59as3grjvj19voay31j3yfgni,1288,-0.12113234624506183,0.7497713210372409,-0.8709036672823027,Midtjylland,66.6,51.0,2443.65,41,Striker,ST,-0.0006761674435421606,-0.03207551411020696,-0.19443850697360063,0.16236299286339367
auk14ut8cwaqop549u2zmfgt1,N. Bürgy,cftj6g399tknheudaxsdpfdgb,1992,1.9302845822563461,7.368011237938641,-5.437726655682296,Viborg,33.5,31.9,2104.2166666666667,19,RCB,CB,-0.0027297824576718354,-0.2325784253893721,-0.39294797559291017,0.16036955020353807
alqg6ch3anqkq9613hu6m1d04,F. Carlsen,ahnt9ejgwj58ul8auzdvi3czf,375,0.9370597190580265,-0.8712717211846026,1.8083314402426292,Silkeborg,47.9,67.7,563.95,6,Left Winger,Winger,0.004822217173980344,0.2885891118394124,0.12938346670839837,0.159205645131014
e42jh6bbwn4aybdnysonrvutx,L. Owusu,dbl7ir1qugqz8nvp1vzn8im50,1809,2.962990167749232,0.6668602761348504,2.296129891614381,OB,53.7,10.3,2288.4166666666665,13,Attacking RB,FB,0.0012692813110085025,0.09030334958463027,-0.0682446718457163,0.15854802143034658
80i3boeh7f1ghu4ka7r66izje,C. Rasmussen,77tfx9me4aaqhzv78bmgsy9bg,497,-2.7681438530553395,-1.8482206634996725,-0.9199231895556669,Nordsjælland,67.7,32.2,937.35,37,Right Attacking Mid,AM,-0.0018509520916613015,-0.08832675847870061,-0.2468017773222294,0.1584750188435288
1sdsqfn743j5tqem8ra7sppn8,Franculino Djú,59as3grjvj19voay31j3yfgni,752,2.4209773855353287,3.0672278444059238,-0.6462504588705953,Midtjylland,67.3,49.7,1469.4333333333334,41,Striker,ST,-0.0008593756102002597,-0.039581612842833,-0.19443850697360063,0.15485689413076764
1h31bvtbae4q0edlp0u672hn9,J. Hansen,5rz9enoyknpg8ji78za5b82p0,490,-2.4926298226249775,-2.652823870533921,0.16019404790894365,AGF,11.6,49.9,1090.2166666666667,10,Mobile Box GK,GK,0.00032692662838559926,0.013224402774804635,-0.13550373128338872,0.14872813405819335
506kxojakimt5s0v2c4q6b33e,F. Alves,9qsmopgutr7ut5g6workk8w4i,1464,-0.006775259231849476,3.8749131260525136,-3.881688385284363,Brøndby,34.45,41.4,1428.7166666666667,12,Narrow RCB,CB,-0.0026514264926805757,-0.2445215085862086,-0.39294797559291017,0.14842646700670156
7cpkykvmy8ujrahzdz7ksk2c5,P. Ankersen,b3r6d8ydtmtjckam6pku9y400,1011,-1.2335356499846182,-2.1686822348631267,0.9351465848785083,København,52.45,11.4,1095.1833333333334,13,Attacking RB,FB,0.000924971894044024,0.07684849657354088,-0.0682446718457163,0.14509316841925718
e9lrzsiy94y46h62rnawi3sgl,H. Dalsgaard,59as3grjvj19voay31j3yfgni,1087,3.2555412514638946,1.9765052415696054,1.2790360098942888,Midtjylland,43.2,13.5,1603.2333333333331,13,Attacking RB,FB,0.0011766660624602473,0.07180067835238331,-0.0682446718457163,0.1400453501980996
drlp4xtkta08jiu0px6m4ocq2,O. Sørensen,59as3grjvj19voay31j3yfgni,1673,-1.5072946928763493,1.5732163380816695,-3.080511030958019,Midtjylland,58.1,37.0,2590.516666666667,25,Half-Space AM,AM,-0.0018413096419354566,-0.10702343526821098,-0.2468017773222294,0.13977834205401843
4bstdc3zla1sn85ev3bcmw1lg,T. Storm,anga7587r1zv4ey71ge9zxol3,756,3.173409185009264,2.197816820109831,0.9755923648994327,Lyngby,51.1,10.4,1228.85,13,Attacking RB,FB,0.0012904660911368156,0.07145161154001622,-0.0682446718457163,0.13969628338573253
f218jdmezq860bqxbp6x5krft,B. Peacock-Farrell,5rz9enoyknpg8ji78za5b82p0,852,-4.477288524116631,-4.495564427765637,0.018275903649006518,AGF,11.35,51.2,1856.0833333333333,10,Mobile Box GK,GK,2.1450591137331593e-05,0.000886183986931578,-0.13550373128338872,0.1363899152703203
9yiz575rldkwu7icgqwk1qmdx,A. Jacobsen,c165yjiny1qnmfdvefxvflnkc,274,0.7775094280756014,1.1561158469447526,-0.37860641886915136,Vejle,63.6,44.9,580.3166666666666,14,Roaming Deep ST,ST,-0.0013817752513472677,-0.058717213644660024,-0.19443850697360063,0.13572129332894062
6n01t1hawduyh0ohpmxdp4lw5,Muniesa,anga7587r1zv4ey71ge9zxol3,664,-0.13115022621720773,1.8890379504699297,-2.0201881766871375,Lyngby,37.3,79.5,706.5333333333333,48,Wide LCB / Inverting Deep LB,CB,-0.003042452073324002,-0.2573366709310847,-0.39294797559291017,0.13561130466182547
1cumsropo1r0msfzxxteml1w,J. Adjei-Broni,8gxd9ry2580pu1b1dd5ny9ymy,514,0.22122528104491473,-2.3793461511746368,2.6005714322195512,Hvidovre,65.1,73.1,885.6,6,Left Winger,Winger,0.005059477494590567,0.26428571465645845,0.12938346670839837,0.13490224794806008
bidudbkachfl6126lhlr254wk,A. Gabriel,59as3grjvj19voay31j3yfgni,712,3.6501551485922397,2.9740914273676666,0.6760637212245735,Midtjylland,46.0,10.6,920.6833333333332,13,Attacking RB,FB,0.0009495276983491201,0.06608758158999108,-0.0682446718457163,0.13433225343570737
a87w6l9zsbahdi4knm1347zs9,M. Bech,59as3grjvj19voay31j3yfgni,1648,-3.8963587560261344,2.0136462027264255,-5.91000495875256,Midtjylland,34.6,65.0,2032.8166666666664,28,LCB,CB,-0.003586168057495485,-0.2616568700019171,-0.39294797559291017,0.13129110559099305
8inyievyp1az6q3dtlkpynf56,M. Mattsson,b3r6d8ydtmtjckam6pku9y400,703,2.2274915450833683,0.6789262129335679,1.5485653321498003,København,58.5,49.9,952.3166666666666,43,Half-Space CM,CM,0.00220279563605946,0.14634930246607258,0.018162696522784995,0.1281866059432876
6anvl82jyio52wo87cbxdp4np,S. Klaiber,9qsmopgutr7ut5g6workk8w4i,1655,1.987975367819402,0.8005074438663468,1.187467923953055,Brøndby,51.3,13.9,1881.2833333333333,13,Attacking RB,FB,0.0007175032773130242,0.05680809012771864,-0.0682446718457163,0.12505276197343493
6m5ftd7c68b2d4d2931xs5srt,O. Olsen,9w3sjm5ml4sjr2v81oxzdrt8v,1705,0.7320264943837399,-0.5307878273352472,1.2628143217189876,Randers,45.7,19.5,2099.7166666666667,1,Attacking RB,FB,0.000740653561125506,0.05412791676085292,-0.0682446718457163,0.12237258860656922
alic8z5h7h9qlr1p4ujvc3ris,A. Nagalo,77tfx9me4aaqhzv78bmgsy9bg,3252,2.138943220640794,9.928918227701049,-7.789975007060255,Nordsjælland,36.6,59.7,2528.7833333333333,15,Narrow LCB,CB,-0.002395441269083719,-0.2772470624089673,-0.39294797559291017,0.11570091318394288
6tckvu2rw7ns18dq7dim0sout,M. Elyounoussi,b3r6d8ydtmtjckam6pku9y400,1405,0.6910428702536583,2.617954542565647,-1.9269116723119886,København,65.7,50.7,2137.383333333333,52,Roaming Advanced ST,ST,-0.0013714673824284616,-0.08113755160503684,-0.19443850697360063,0.11330095536856379
4fhpb0b8muboggvquj2pvsiqx,Juninho,59as3grjvj19voay31j3yfgni,1171,-2.601409883204616,1.8818559372248074,-4.483265820429423,Midtjylland,34.9,64.7,1435.95,15,Narrow LCB,CB,-0.0038285788389662025,-0.2809944105565292,-0.39294797559291017,0.11195356503638099
2mawaijd9czgtd5jh9myk434l,A. Rømer,59as3grjvj19voay31j3yfgni,1070,5.149681878208266,4.805143729806358,0.3445381484019081,Midtjylland,51.1,50.0,1280.9666666666667,38,Left Defensive Mid,DM,0.00032199826953449356,0.02420705718819516,-0.08643056893659207,0.11063762612478723
vrzye4jqrafujmjw3wakjpxw,T. Jørgensen,8gxd9ry2580pu1b1dd5ny9ymy,1043,3.3048067250114292,2.9788008581601666,0.3260058668512631,Hvidovre,52.2,36.3,1224.8,21,Roaming DM,DM,0.00031256554827542,0.023955362521728998,-0.08643056893659207,0.11038593145832107
al9l7egkwbc0pv68zk42gegut,L. Lerager,b3r6d8ydtmtjckam6pku9y400,920,-0.8859736949277154,1.0759846783925948,-1.9619583733203103,København,58.8,37.9,1292.0,37,Right Attacking Mid,AM,-0.002132563449261207,-0.13666892693407734,-0.2468017773222294,0.11013285038815207
94didhw8o1blxonn4amoahcr9,J. Radošević,9qsmopgutr7ut5g6workk8w4i,1320,0.36798786907867226,-0.0377602472729446,0.4057481163516165,Brøndby,50.7,42.4,1628.15,21,Roaming DM,DM,0.0003073849366300125,0.022428726144179272,-0.08643056893659207,0.10885929508077134
2li7q5vij7m76257e0zd03c9h,S. Köhler,dbl7ir1qugqz8nvp1vzn8im50,1974,1.8039044324141096,1.4605701275896847,0.34333430482442434,OB,46.7,42.45,1841.6833333333327,21,Roaming DM,DM,0.00017392821926262632,0.016778176179870697,-0.08643056893659207,0.10320874511646276
41ii5y9ebz5e3xhaif9kc8qmt,J. Lössl,59as3grjvj19voay31j3yfgni,1004,-6.057665470472287,-5.0471223254209905,-1.010543145051297,Midtjylland,12.0,49.6,2303.483333333333,10,Mobile Box GK,GK,-0.0010065170767443196,-0.03948319561878752,-0.13550373128338872,0.0960205356646012
e0q7vplzzxb23i607ztmnm5lh,L. Musonda,ahnt9ejgwj58ul8auzdvi3czf,978,0.12589812557908756,-0.20678711125654237,0.3326852368356301,Silkeborg,53.2,87.9,1352.1166666666666,24,Attacking LB,FB,0.0003401689538196627,0.02214429572044329,-0.0682446718457163,0.09038896756615958
7m68sk6x5j4izvmi83h2e6kbu,M. Knudsen,5rz9enoyknpg8ji78za5b82p0,1120,-0.8443240340740839,-0.924686669958917,0.08036263588483301,AGF,52.45,41.35,1868.15,21,Roaming DM,DM,7.17523534686009e-05,0.003871550587284196,-0.08643056893659207,0.09030211952387626
2anc9ug5nr25khmtcc4id2pxx,H. Barry,c165yjiny1qnmfdvefxvflnkc,1493,2.7013896408073026,2.7282669610753363,-0.02687732026803408,Vejle,47.8,58.0,2308.4,38,Left Defensive Mid,DM,-1.800222389017688e-05,-0.0010478941362515452,-0.08643056893659207,0.08538267480034052
a79ojcztkvgui9sw4zbkmvr3d,K. Grabara,b3r6d8ydtmtjckam6pku9y400,1222,-4.305868837151304,-2.239114315340151,-2.0667545218111534,København,12.1,49.6,2790.0,10,Mobile Box GK,GK,-0.001691288479387196,-0.0666695007035856,-0.13550373128338872,0.06883423057980312
etz3rjq7chhaomst5u28nnff9,D. Wass,9qsmopgutr7ut5g6workk8w4i,2763,5.649221468335673,3.2925930980070364,2.356628370328637,Brøndby,51.4,50.5,2536.4,36,Central Mid,CM,0.0008529237677628074,0.08362109814287072,0.018162696522784995,0.06545840162008573
etfoa7t308eq1xdmo9m2gfcgl,J. Tverskov,77tfx9me4aaqhzv78bmgsy9bg,3291,5.639421874268424,6.505368229938299,-0.8659463556698758,Nordsjælland,43.7,49.4,2702.4166666666665,46,Defensive Mid,DM,-0.00026312560184438646,-0.028839065778268398,-0.08643056893659207,0.05759150315832367
43q9ytkbmtk5y3tgv77v7pmg9,M. Emil Madsen,5rz9enoyknpg8ji78za5b82p0,1228,2.4116065443558297,2.9478307374368917,-0.5362241930810621,AGF,48.3,54.3,1533.7,38,Left Defensive Mid,DM,-0.00043666465234614175,-0.03146650412551059,-0.08643056893659207,0.05496406481108148
61sojkdsmaz9hbwaskt4rws15,M. Anderson,5rz9enoyknpg8ji78za5b82p0,1559,2.5676398375757,3.030670232076565,-0.46303039450086414,AGF,62.95,79.9,2426.05,0,High & Wide LB,FB,-0.0002970047431051085,-0.01717719564933854,-0.0682446718457163,0.051067476196377755
56sjqxlsf5iitgww0hogez8ph,J. Vanlerberghe,9qsmopgutr7ut5g6workk8w4i,967,-1.2100080821003183,2.614401351226852,-3.82440943332717,Brøndby,38.3,18.6,1005.85,33,Wide RCB,CB,-0.003954921854526546,-0.3421950082014667,-0.39294797559291017,0.05075296739144347
cugmerpydsw8kqbo2rle9npm2,A. Lind,ahnt9ejgwj58ul8auzdvi3czf,632,-1.8896390492225494,1.1215629762464288,-3.011202025468978,Silkeborg,59.0,53.0,1882.2833333333333,47,Box ST,ST,-0.0047645601668812945,-0.14397842104476372,-0.19443850697360063,0.05046008592883691
3ylgelxr6ssp42hidfnchqp2i,K. Kirkegaard,c165yjiny1qnmfdvefxvflnkc,521,-0.6763727666554488,1.5686497402045336,-2.2450225068599825,Vejle,63.1,44.2,1025.2,25,Half-Space AM,AM,-0.0043090643125911375,-0.19708547172980728,-0.2468017773222294,0.04971630559242213
630daj1ef34rczbhng0eoncvd,M. Kiilerich,8gxd9ry2580pu1b1dd5ny9ymy,1298,-7.522650684204952,-1.2517386981749326,-6.270911986030019,Hvidovre,28.95,31.5,1618.0333333333333,9,RCB,CB,-0.004831211083228058,-0.3488074485956419,-0.39294797559291017,0.04414052699726828
7yfhemra2r0dqxo9k151ad7f9,K. Olsson,59as3grjvj19voay31j3yfgni,1042,3.0184940190348617,3.568413853327169,-0.5499198342923066,Midtjylland,51.75,57.75,1145.1,38,Left Defensive Mid,DM,-0.0005277541595895458,-0.04322136502166413,-0.08643056893659207,0.043209203914927934
53nd6a4o02ebb0w2s12prijje,Y. Suzuki,9qsmopgutr7ut5g6workk8w4i,933,-4.293496430506225,-0.608694077476035,-3.684802353030189,Brøndby,62.8,33.0,1521.2333333333331,37,Right Attacking Mid,AM,-0.0039494130257558295,-0.2180021989434343,-0.2468017773222294,0.0287995783787951
8og8nxbkcb63van4llvpkbe8l,N. Poulsen,5rz9enoyknpg8ji78za5b82p0,1508,-1.458428777118845,-0.19337716856453752,-1.265051608554308,AGF,46.35,50.95,1904.25,46,Defensive Mid,DM,-0.0008388936396248727,-0.059789757001385176,-0.08643056893659207,0.02664081193520689
7xc0qldxpidl07vij2wgu1sk5,K. Diks,b3r6d8ydtmtjckam6pku9y400,2974,1.0085704206333006,2.7909961831160963,-1.7824257624827957,København,41.6,59.0,2660.4166666666665,46,Defensive Mid,DM,-0.000599336167613583,-0.06029819337451588,-0.08643056893659207,0.02613237556207619
bp2ellllifbtxgf0p8qlbm1nt,S. Radić,cftj6g399tknheudaxsdpfdgb,617,-0.8150563177569795,2.1522901266741554,-2.967346444431135,Viborg,32.4,37.3,718.8666666666667,9,RCB,CB,-0.004809313524199571,-0.37150307891885676,-0.39294797559291017,0.021444896674053415
5q5ph311bi310zt1e45u7i7dh,A. Bjelland,anga7587r1zv4ey71ge9zxol3,1228,-2.3506439483223156,4.550685119633619,-6.901329067955935,Lyngby,31.9,56.45,1641.9666666666667,15,Narrow LCB,CB,-0.005619974811039034,-0.3782778473676084,-0.39294797559291017,0.014670128225301782
d9hh01mit4geyadol3gmzco9,F. Đukić,8gxd9ry2580pu1b1dd5ny9ymy,1183,-7.644206525285369,-4.554670204099231,-3.0895363211861366,Hvidovre,10.2,47.9,2250.0,50,Advanced Box GK,GK,-0.00261161142957408,-0.12358145284744546,-0.13550373128338872,0.011922278435943262
9zhmwx3g0m6xi2oh57g4z35nu,R. Østrøm,ahnt9ejgwj58ul8auzdvi3czf,1015,-2.801441034594937,2.1504063655796495,-4.951847400174587,Silkeborg,37.1,76.6,1169.4666666666667,48,Wide LCB / Inverting Deep LB,CB,-0.004878667389334568,-0.3810850524589951,-0.39294797559291017,0.011862923133915071
eq7tnnzwq0g9q4eac0o9t9xey,S. Kuzmić,cftj6g399tknheudaxsdpfdgb,755,-2.4134940294509883,-1.5708014844538571,-0.8426925449971315,Viborg,42.75,12.0,1306.7833333333333,13,Attacking RB,FB,-0.0011161490662213664,-0.05803741685033875,-0.0682446718457163,0.010207254995377543
dshwz1df0rbe0fztksawvd0wl,M. Olsen,8gxd9ry2580pu1b1dd5ny9ymy,2246,-10.027733706657884,0.6960499139580817,-10.723783620615967,Hvidovre,30.8,34.55,2510.883333333333,11,RCB,CB,-0.004774614256730172,-0.3843828636092625,-0.39294797559291017,0.008565111983647677
deyq3zqd0vwc821ngqldxqor9,F. Gytkjær,anga7587r1zv4ey71ge9zxol3,803,-4.81828465700067,-0.7150432178376187,-4.103241439163051,Lyngby,64.5,43.4,1873.7166666666667,47,Box ST,ST,-0.00510988971253182,-0.19709048656841105,-0.19443850697360063,-0.002651979594810422
9lgnm175tw163z53b8bmiu5pm,L. Lund,cftj6g399tknheudaxsdpfdgb,686,-4.3341871585755625,-2.021385520091307,-2.312801638484255,Viborg,9.0,49.0,1487.1333333333332,3,Goalkeeper,GK,-0.003371430959889585,-0.13996871887540882,-0.13550373128338872,-0.004464987592020103
66psa7xh8odnlp39ue5vzpes4,R. Bardghji,b3r6d8ydtmtjckam6pku9y400,738,0.3670828641708483,-1.2242982164815621,1.5913810806524105,København,68.95,19.7,1171.4833333333331,27,Wide Progressing RW,Winger,0.0021563429277132932,0.12225892864492335,0.12938346670839837,-0.007124538063475017
9pnirb3qt48zeui3su8cvu1ka,J. Amon,anga7587r1zv4ey71ge9zxol3,548,2.4843599449815206,1.235843149650362,1.2485167953311587,Lyngby,70.9,77.5,932.1333333333332,34,Wide LAM,Winger,0.0022783153199473698,0.12054768085374513,0.12938346670839837,-0.008835785854653236
chjcbjc5nv8uyiusfafts5zv9,T. Salquist,ahnt9ejgwj58ul8auzdvi3czf,1423,-2.993447468524934,3.1098868460758853,-6.103334314600819,Silkeborg,32.3,28.6,1360.0166666666669,9,RCB,CB,-0.004289061359522712,-0.4038921741013519,-0.39294797559291017,-0.01094419850844175
d854rlweyk5wq6d2veyviukq2,C. Winther,anga7587r1zv4ey71ge9zxol3,1163,1.1129125249807998,1.0524822880324818,0.06043023694831858,Lyngby,48.75,44.8,1702.7666666666669,36,Central Mid,CM,5.196065085839947e-05,0.003194049679158627,0.018162696522784995,-0.014968646843626369
e81dfbtza1g8v3lozf39x3f85,Diogo Gonçalves,b3r6d8ydtmtjckam6pku9y400,793,-3.687056386231742,-0.7772097420790487,-2.9098466441526933,København,66.5,60.8,1246.6,14,Roaming Deep ST,ST,-0.003669415692500244,-0.21008037700444604,-0.19443850697360063,-0.01564187003084541
a6ymx4wkrn260rtpb360nsiqd,M. Kallesøe,9w3sjm5ml4sjr2v81oxzdrt8v,850,-1.0988126878713118,0.08152440292814045,-1.1803370907994521,Randers,46.7,9.4,1224.5666666666666,53,High & Wide RB,FB,-0.0013886318715287673,-0.08674933024358333,-0.0682446718457163,-0.018504658397867038
babnrlnt04mal0268p9dxas8a,G. Onugkha,c165yjiny1qnmfdvefxvflnkc,1008,1.0451727891364235,6.893037698721217,-5.847864909584794,Vejle,67.25,58.5,2463.4166666666665,41,Striker,ST,-0.005801453283318248,-0.21364954170534076,-0.19443850697360063,-0.01921103473174013
dz789stcx4dsr9tqt4fjdshuy,N. Mantl,cftj6g399tknheudaxsdpfdgb,648,-2.478091932815811,-0.1555706344267992,-2.3225212983890113,Viborg,10.0,50.7,1350.0,40,Top-of-Box GK,GK,-0.003584137806155882,-0.1548347532259341,-0.13550373128338872,-0.01933102194254538
4n3t1p3zn5yzjv4w0clo3xvjd,D. Anyembe,cftj6g399tknheudaxsdpfdgb,1716,-0.09077645332563411,1.7810287814440184,-1.8718052347696523,Viborg,39.5,15.9,1915.15,4,Wide RCB / Inverting Deep RB,FB,-0.0010907955913576062,-0.08796306875663457,-0.0682446718457163,-0.01971839691091827
7hukebiijqntuvetwzralzuju,O. Provstgaard,c165yjiny1qnmfdvefxvflnkc,2213,-10.55193023074881,2.7805057261334523,-13.332435956882263,Vejle,35.6,76.5,2880.0,45,Wide LCB,CB,-0.0060245982633900875,-0.4166386236525707,-0.39294797559291017,-0.023690648059660535
b3k8rywe4xsn83qpdj67jeimt,B. Kadrii,dbl7ir1qugqz8nvp1vzn8im50,890,-7.366843609113962,-1.8692735130191824,-5.49757009609478,OB,64.0,55.3,2254.4166666666665,41,Striker,ST,-0.0061770450517918876,-0.21947198845903826,-0.19443850697360063,-0.02503348148543763
wnin2353js3p5rh4d7e2ymwa,M. Søndergaard,cftj6g399tknheudaxsdpfdgb,1089,-1.2634587426258652,0.9237209814998146,-2.18717972412568,Viborg,47.1,60.4,1746.8166666666666,38,Left Defensive Mid,DM,-0.002008429498737998,-0.11268851444321262,-0.08643056893659207,-0.026257945506620556
7rtrg77m3xozgfhu3p2ihfey2,M. Juwara,c165yjiny1qnmfdvefxvflnkc,840,1.0213856532200358,4.839803114564838,-3.8184174613448025,Vejle,66.2,57.5,1517.8166666666666,52,Roaming Advanced ST,ST,-0.004545735073029526,-0.2264157319314139,-0.19443850697360063,-0.03197722495781327
2rgil8e1uix2orli95p1si0ut,E. Ofori,c165yjiny1qnmfdvefxvflnkc,736,-1.2812385789349576,0.18365081619966642,-1.464889395134624,Vejle,45.0,60.9,1106.45,38,Left Defensive Mid,DM,-0.001990338852085087,-0.11915590000643153,-0.08643056893659207,-0.032725331069839464
2g019dl7zougqjo7usig0rf11,M. Hansen,dbl7ir1qugqz8nvp1vzn8im50,335,-2.3575031251566694,-0.7558620903366086,-1.6016410348200607,OB,8.649999999999999,48.8,855.0,26,Box GK,GK,-0.004781018014388241,-0.16859379313895376,-0.13550373128338872,-0.03309006185556504
b2492j7qzdo7g3ysxz6gq4g5x,N. Larsen,ahnt9ejgwj58ul8auzdvi3czf,1291,-12.138841731621731,-6.748523235270251,-5.3903184963514805,Silkeborg,9.2,49.4,2847.1,26,Box GK,GK,-0.00417530479965258,-0.17039396743059015,-0.13550373128338872,-0.03489023614720144
55gunqozsj8gs6oua7ee5xxhx,K. Hansen,77tfx9me4aaqhzv78bmgsy9bg,2790,1.1552868570736052,12.904637322525167,-11.749350465451563,Nordsjælland,34.9,36.95,2470.9666666666667,12,Narrow RCB,CB,-0.004211236725968302,-0.4279465021343768,-0.39294797559291017,-0.034998526541466624
9yuyz4ci6wqikd6ckjstbt2i1,S. Odey,9w3sjm5ml4sjr2v81oxzdrt8v,1185,-2.5127456964374066,2.742794748706963,-5.255540445144369,Randers,63.4,49.9,2057.0,14,Roaming Deep ST,ST,-0.004435055227969932,-0.22994586293777017,-0.19443850697360063,-0.03550735596416954
1cad4bkf8h0mx6mfdm86g9d2i,M. Diomandé,77tfx9me4aaqhzv78bmgsy9bg,904,-0.8903836011423684,-0.7059261286629217,-0.1844574724794466,Nordsjælland,56.6,54.2,946.8666666666668,2,Roaming LCM,CM,-0.000204045876636556,-0.017532745747183897,0.018162696522784995,-0.03569544226996889
43m33adgmas68tl6m34gkuzth,T. Thomsen,8gxd9ry2580pu1b1dd5ny9ymy,894,-3.433605924440416,0.9878423128893801,-4.421448237329796,Hvidovre,61.6,47.35,1705.7333333333331,47,Box ST,ST,-0.0049456915406373555,-0.23328988979892226,-0.19443850697360063,-0.038851382825321634
615e0bjcd0tyge047sy43y5sl,M. Spelmann,8gxd9ry2580pu1b1dd5ny9ymy,1181,-3.050530003511009,-0.6909560025182869,-2.359574000992722,Hvidovre,46.5,33.8,1624.9,21,Roaming DM,DM,-0.001997945809477326,-0.13069214110981905,-0.08643056893659207,-0.04426157217322699
bitixkzgt5p65rlo2bnllcf6x,J. Mbom,cftj6g399tknheudaxsdpfdgb,1333,-3.859725801267501,-1.3541697630686713,-2.5055560381988298,Viborg,45.35,38.5,1716.0666666666666,21,Roaming DM,DM,-0.0018796369378835931,-0.1314051766274978,-0.08643056893659207,-0.04497460769090572
5al9uyujlrlb17o4r5sapkkk4,M. Enggård,9w3sjm5ml4sjr2v81oxzdrt8v,2177,-0.2669223167036304,3.664067704328757,-3.9309900210323874,Randers,45.7,38.6,2677.55,21,Roaming DM,DM,-0.0018056913279891535,-0.1321316509095684,-0.08643056893659207,-0.04570108197297634
4rgz5z372h6sbwhpxl69cb6c5,M. Ingvartsen,77tfx9me4aaqhzv78bmgsy9bg,783,-5.080593392139819,0.008572248103722337,-5.089165640243541,Nordsjælland,63.85,42.2,1906.45,47,Box ST,ST,-0.006499572976045391,-0.24025015480181422,-0.19443850697360063,-0.04581164782821359
lioz4hr2umpne2bwar18qa96,A. Klynge,ahnt9ejgwj58ul8auzdvi3czf,1939,-3.3511189527820964,4.441965847431752,-7.7930848002138475,Silkeborg,54.4,70.7,2342.3,51,Left Attacking Mid,AM,-0.004019125735025192,-0.2994397096952765,-0.2468017773222294,-0.05263793237304709
2sgey1g99rmupumezjo9rkxcl,K. Finnsson,anga7587r1zv4ey71ge9zxol3,1781,-0.16803260215100307,3.4118643332703398,-3.5798969354213424,Lyngby,55.1,86.8,2624.583333333333,16,Inverting Attacking LB,FB,-0.0020100488127014838,-0.12275880902540244,-0.0682446718457163,-0.054514137179686145
49wkw0wkn4ta18b6657vjvglx,A. Hansen,77tfx9me4aaqhzv78bmgsy9bg,1458,-6.983220483165515,-1.4129079832269003,-5.570312499938614,Nordsjælland,12.0,49.1,2610.0,49,High Buildup GK,GK,-0.003820516117927719,-0.19207974137719358,-0.13550373128338872,-0.05657601009380486
8mcb1hiuk9rzf48cx3vj5i3th,C. Sørensen,b3r6d8ydtmtjckam6pku9y400,1131,-0.8434653347349423,0.4793750070480832,-1.3228403417830252,København,55.5,87.1,947.5666666666666,0,High & Wide LB,FB,-0.001169620107677299,-0.1256435403951936,-0.0682446718457163,-0.0573988685494773
aahyom322jdc6f21960ycuzth,J. Larsson,b3r6d8ydtmtjckam6pku9y400,484,-1.3607789657045,-2.055537284071611,0.6947583183671109,København,69.0,36.7,903.8833333333332,5,Wide RAM,Winger,0.0014354510710064274,0.0691773444062176,0.12938346670839837,-0.06020612230218077
cgkvw4q8ddcjl0po181upzwx6,E. Kahl,5rz9enoyknpg8ji78za5b82p0,1364,-1.965679740564764,0.8123966500863198,-2.7780763906510835,AGF,45.9,87.3,1823.65,20,Deep/Inverting LB,FB,-0.002036712896371762,-0.13710244573169056,-0.0682446718457163,-0.06885777388597426
5m27f84vvraap8bmfujt1qiok,A. Ementa,cftj6g399tknheudaxsdpfdgb,1074,0.7755899405762101,7.1341311100222065,-6.358541169445997,Viborg,64.95,49.650000000000006,2162.366666666667,47,Box ST,ST,-0.0059204293942700156,-0.26464924477045504,-0.19443850697360063,-0.07021073779685441
ejeagwkwh1ijuwgfpiya8cel1,D. Kolinger,c165yjiny1qnmfdvefxvflnkc,715,-4.690028930364137,1.1832197664986437,-5.873248696862781,Vejle,27.75,23.65,1139.5166666666669,33,Wide RCB,CB,-0.008214333841766128,-0.4638742005098508,-0.39294797559291017,-0.07092622491694062
4cubrfqgrc5ivbd6fdj3k3zf8,M. Dorgeles,77tfx9me4aaqhzv78bmgsy9bg,753,-0.920251188741276,0.14685743509601004,-1.0671086238372862,Nordsjælland,47.6,48.95,609.1999999999999,21,Roaming DM,DM,-0.0014171429267427439,-0.1576490087743857,-0.08643056893659207,-0.07121843983779363
c20x3m0dybfk4qdfh9rugkbu1,Charles,59as3grjvj19voay31j3yfgni,760,-1.8014918951699779,2.0753284591341723,-3.8768203543041504,Midtjylland,56.150000000000006,74.15,1088.2333333333331,51,Left Attacking Mid,AM,-0.005101079413558093,-0.32062409889488186,-0.2468017773222294,-0.07382232157265245
cl3w811fge6189cbclaslb26t,D. Jensen,anga7587r1zv4ey71ge9zxol3,327,-2.0731016975943706,-0.3895453719671216,-1.683556325627249,Lyngby,9.7,49.6,720.0,3,Goalkeeper,GK,-0.005148490292438071,-0.2104445407034061,-0.13550373128338872,-0.07494080942001738
euur9yvhgrieu4kl0vdkh244q,O. Óskarsson,b3r6d8ydtmtjckam6pku9y400,773,-0.22574334136744942,4.398931117264723,-4.624674458632173,København,67.0,51.2,1537.3,41,Striker,ST,-0.005982761266018335,-0.2707478704721886,-0.19443850697360063,-0.076309363498588
cqwjwlsum5q92s2k80w3temi2,H. Heggheim,9qsmopgutr7ut5g6workk8w4i,783,0.8053889281733579,2.3024475344656024,-1.4970586062922449,Brøndby,38.3,25.8,931.1833333333334,4,Wide RCB / Inverting Deep RB,FB,-0.0019119522430296868,-0.1446925323330193,-0.0682446718457163,-0.076447860487303
arhoud4vfjvmjaf2pkbm6s48a,E. Martínez,59as3grjvj19voay31j3yfgni,716,0.9512201401692,2.5743367468903386,-1.6231166067211387,Midtjylland,46.7,50.0,887.1166666666667,38,Left Defensive Mid,DM,-0.002266922635085389,-0.1646688649800693,-0.08643056893659207,-0.07823829604347723
53tbs0tyag4c741oqro5t7b2t,O. Omoijuanfo,9qsmopgutr7ut5g6workk8w4i,935,-5.191028705199039,1.237830437460652,-6.428859142659691,Brøndby,63.6,50.0,2121.2,47,Box ST,ST,-0.006875785179315178,-0.27276886801780703,-0.19443850697360063,-0.0783303610442064
451liwl34giar3r8y7b295w16,M. Lindberg,8gxd9ry2580pu1b1dd5ny9ymy,793,-2.4261586316142565,1.1027920722018705,-3.5289507038161267,Hvidovre,54.6,52.2,973.3166666666668,25,Half-Space AM,AM,-0.004450126990940891,-0.3263126731726071,-0.2468017773222294,-0.07951089585037768
5is9bcj143orulo4biogwxzl6,L. Lissens,anga7587r1zv4ey71ge9zxol3,721,-1.1656499753486458,3.7394628948800177,-4.905112870228663,Lyngby,29.5,71.2,923.55,45,Wide LCB,CB,-0.006803207864394817,-0.4780035280391746,-0.39294797559291017,-0.08505555244626445
6wrch4yhbs6utcc0doguj90q,M. Larsen,ahnt9ejgwj58ul8auzdvi3czf,423,-0.9540839520232842,0.16250026469707066,-1.1165842167203548,Silkeborg,53.35,43.650000000000006,578.7833333333333,21,Roaming DM,DM,-0.0026396789993389,-0.17362728626975887,-0.08643056893659207,-0.0871967173331668
5kghds186740jygx97bihh6mt,B. Hamalainen,anga7587r1zv4ey71ge9zxol3,633,-0.5214053414875369,1.0083450048180054,-1.5297503463055424,Lyngby,36.2,81.5,830.7166666666667,20,Deep/Inverting LB,FB,-0.002416667213752832,-0.1657334404038667,-0.0682446718457163,-0.0974887685581504
ev2s21ogvpjtata4fndi868ve,J. Gomez,dbl7ir1qugqz8nvp1vzn8im50,655,-0.7708129892623927,3.5953169503880433,-4.366129939650436,OB,37.4,77.4,799.7166666666667,48,Wide LCB / Inverting Deep LB,CB,-0.006665847236107535,-0.49136364283417777,-0.39294797559291017,-0.0984156672412676
wha77a8wm7jyn32743y0w79x,T. Trybull,dbl7ir1qugqz8nvp1vzn8im50,1652,-0.7553670669281035,2.1592891297293826,-2.914656196657486,OB,43.7,57.6,1408.2166666666667,38,Left Defensive Mid,DM,-0.001764319731632861,-0.18627748407501718,-0.08643056893659207,-0.09984691513842511
4oxf446ya7jwulq6hxlp8r36d,J. Gemmer,8gxd9ry2580pu1b1dd5ny9ymy,1577,-2.0289486030505097,2.153086356986836,-4.182034960037346,Hvidovre,42.35,46.650000000000006,2017.233333333333,46,Defensive Mid,DM,-0.002651892809154944,-0.18658384242610898,-0.08643056893659207,-0.10015327348951691
c36ffo382u9flu5foebt4di39,P. Gregor,anga7587r1zv4ey71ge9zxol3,1841,-2.0938516398267377,11.965842124970857,-14.059693764797595,Lyngby,32.8,24.0,2553.833333333333,33,Wide RCB,CB,-0.007636987379031828,-0.49547964713115594,-0.39294797559291017,-0.10253167153824577
a30gduuv9d1s4pkthgu2jhyol,D. Stenderup,8gxd9ry2580pu1b1dd5ny9ymy,1581,-4.359178108950095,5.650947217940683,-10.010125326890778,Hvidovre,30.9,65.7,1805.7166666666667,28,LCB,CB,-0.006331515070772156,-0.4989217278939128,-0.39294797559291017,-0.10597375230100264
4ilnnpfgjfz35lni9ppzd93v9,P. Pentz,9qsmopgutr7ut5g6workk8w4i,1310,-10.008654838911246,-3.2824476385490775,-6.72620720036217,Brøndby,10.65,51.0,2430.0,39,Mobile GK,GK,-0.005134509313253565,-0.2491187851985989,-0.13550373128338872,-0.11361505391521018
ca1b5707pdpx0ucug40ggnahh,F. Brandhof,5rz9enoyknpg8ji78za5b82p0,579,-2.4072662095607487,-0.2653939917561773,-2.1418722178045715,AGF,50.4,27.200000000000003,914.0166666666668,21,Roaming DM,DM,-0.003699261170646928,-0.21090260892661852,-0.08643056893659207,-0.12447203999002646
dncrhma6gwcn6pxiu7hfc6qz8,A. Smed,8gxd9ry2580pu1b1dd5ny9ymy,788,0.38713035512745003,0.3270354845760665,0.06009487055138321,Hvidovre,58.1,70.7,1251.8333333333333,44,Wide Progressing LW,Winger,7.626252608043554e-05,0.004320493955231918,0.12938346670839837,-0.12506297275316644
4n0krk7oy66clzb1rhztp07v9,N. Geertsen,8gxd9ry2580pu1b1dd5ny9ymy,420,-3.6383303690475874,0.23508198294659002,-3.873412351994177,Hvidovre,31.3,41.0,672.2333333333333,12,Narrow RCB,CB,-0.009222410361890898,-0.5185805201757464,-0.39294797559291017,-0.12563254458283624
ftw3io63hk5vuoa3lyfgowes,W. Clem,b3r6d8ydtmtjckam6pku9y400,919,-0.04698196309046759,1.4024127409779152,-1.4493947040683826,København,52.1,51.35,1191.3333333333333,36,Central Mid,CM,-0.0015771433123703837,-0.10949540293745476,0.018162696522784995,-0.12765809946023976
effgiwtme6eu08o1ninlnqqqd,D. Høegh,9w3sjm5ml4sjr2v81oxzdrt8v,2090,-1.6031512046207737,12.264166750460008,-13.867317955080782,Randers,35.7,38.2,2379.55,12,Narrow RCB,CB,-0.006635080361282671,-0.5244935454002942,-0.39294797559291017,-0.13154556980738408
5733iw16239m83syv5dm8huj9,M. Rømer,anga7587r1zv4ey71ge9zxol3,1814,-1.18507952743025,1.7391140674990582,-2.9241935949293083,Lyngby,43.9,45.1,2246.1666666666665,36,Central Mid,CM,-0.0016120141096633452,-0.11716736226621849,0.018162696522784995,-0.13533005878900348
1ykl08k2c2kwxukw0gvslf6qd,S. Velkov,c165yjiny1qnmfdvefxvflnkc,1238,-4.044510633726778,6.916042770494149,-10.960553404220928,Vejle,32.349999999999994,27.95,1864.25,11,RCB,CB,-0.008853435706155838,-0.529140301129078,-0.39294797559291017,-0.13619232553616778
6uj3c69lgu6boblkjiuhoy6eh,J. Björkengren,9w3sjm5ml4sjr2v81oxzdrt8v,1990,-1.7136687096070298,1.525193779907527,-3.238862489514557,Randers,46.4,69.05,2460.25,2,Roaming LCM,CM,-0.0016275690902083201,-0.11848292818059553,0.018162696522784995,-0.1366456247033805
6xjbcik3a56d0vqy4vrq5eokp,D. Čolina,c165yjiny1qnmfdvefxvflnkc,449,-0.2557898395530842,1.6091354188883513,-1.8649252584414355,Vejle,46.3,88.15,800.2666666666667,16,Inverting Attacking LB,FB,-0.00415350837069362,-0.20973418018126774,-0.0682446718457163,-0.14148950833555146
6ja2xnbktah4mog04g3kmjgmh,Ž. Zaletel,cftj6g399tknheudaxsdpfdgb,2198,-6.747086554399355,6.90719259820924,-13.654279152608595,Viborg,32.650000000000006,65.6,2272.366666666667,28,LCB,CB,-0.006212137922023929,-0.5407952606246528,-0.39294797559291017,-0.1478472850317426
bplpqy3ierwlm12d1f3prue7e,P. Mattsson,ahnt9ejgwj58ul8auzdvi3czf,2271,-5.254381839709142,0.9387429518594949,-6.1931247915686365,Silkeborg,43.6,30.2,2348.55,31,Right Defensive Mid,DM,-0.002727047464363116,-0.23732994027854515,-0.08643056893659207,-0.15089937134195308
5qi1vx7dji6gz1xc3dsfd9zh1,Raúl Albentosa,c165yjiny1qnmfdvefxvflnkc,1870,-3.2520664278528972,13.022170850257424,-16.27423727811032,Vejle,31.8,50.0,2689.083333333333,17,CB,CB,-0.008702800683481454,-0.5446768186296181,-0.39294797559291017,-0.15172884303670797
evqjfe6houcytpphsxecs7eg9,S. Þórðarson,ahnt9ejgwj58ul8auzdvi3czf,1278,-1.0084511602023316,1.6051350764467638,-2.6135862366490956,Silkeborg,54.1,69.7,1758.55,2,Roaming LCM,CM,-0.002045059653090059,-0.1337594957768722,0.018162696522784995,-0.1519221922996572
1t67kvg37jg2elz9voix5kcet,H. Andersson,9w3sjm5ml4sjr2v81oxzdrt8v,655,-1.0762833366883091,4.6084896954871635,-5.684773032175473,Randers,35.4,37.0,905.5666666666666,12,Narrow RCB,CB,-0.008679042797214463,-0.5649827800962115,-0.39294797559291017,-0.17203480450330133
1xjhud4hyekcg08nue1iosmsq,T. Gundelund,c165yjiny1qnmfdvefxvflnkc,790,-1.9040461601531455,1.9908845656793743,-3.89493072583252,Vejle,43.5,11.05,1450.9666666666667,8,Deep RB,FB,-0.0049302920580158475,-0.24159325874124843,-0.0682446718457163,-0.17334858689553212
9piw0xnt2pfr68znrf62g7622,T. Chukwuani,anga7587r1zv4ey71ge9zxol3,1631,-4.751251341357252,5.5932092189085845,-10.344460560265835,Lyngby,55.3,66.55,2195.083333333333,51,Left Attacking Mid,AM,-0.006342403776987023,-0.42413034452325665,-0.2468017773222294,-0.17732856720102724
chteizjcvxpvze9p77gcttcoa,N. Vallys,9qsmopgutr7ut5g6workk8w4i,2055,-5.233556340064985,7.53889151882605,-12.772447858891034,Brøndby,57.1,72.6,2703.4166666666665,51,Left Attacking Mid,AM,-0.006215303094350868,-0.4252101873432483,-0.2468017773222294,-0.17840841002101887
8mn8apr6n7t7s6lx4d4vvdnca,V. Bak Jensen,59as3grjvj19voay31j3yfgni,331,-1.1258327409172648,0.43596854321659334,-1.561801284133858,Midtjylland,35.95,86.2,566.85,20,Deep/Inverting LB,FB,-0.004718432882579632,-0.24797056641447865,-0.0682446718457163,-0.17972589456876237
djlyi0ad4x1p0k4thn8n0axw4,D. Osorio,59as3grjvj19voay31j3yfgni,879,0.770528442848848,1.4875218161793993,-0.7169933733305517,Midtjylland,63.0,27.0,1236.8666666666666,5,Wide RAM,Winger,-0.0008156921198299792,-0.052171673260186756,0.12938346670839837,-0.18155513996858513
15fo180vixn0lb65fujttit3p,J. Storch,anga7587r1zv4ey71ge9zxol3,297,-2.9648383910680933,-0.6804863384194937,-2.2843520526486,Lyngby,8.5,49.4,630.0,26,Box GK,GK,-0.007691421052688888,-0.32633600752122854,-0.13550373128338872,-0.19083227623783983
4clmd8g8jogdfvauhijd7n55h,V. Myhra,dbl7ir1qugqz8nvp1vzn8im50,585,-7.007832216857209,-2.0837761855182686,-4.9240560313389405,OB,11.0,49.2,1350.0,50,Advanced Box GK,GK,-0.008417189797160583,-0.3282704020892627,-0.13550373128338872,-0.192766670805874
32ohywx3gs0u6bqm4z59wxmmt,M. Albornoz,c165yjiny1qnmfdvefxvflnkc,1298,0.9716997297924771,6.334114295525447,-5.362414565732971,Vejle,47.4,91.8,1817.15,24,Attacking LB,FB,-0.004131290112275016,-0.26559024346694954,-0.0682446718457163,-0.19734557162123323
c9e54hwefvwos94ri459uylbe,D. Svensson,77tfx9me4aaqhzv78bmgsy9bg,1955,-1.7018654847226182,4.124875443707503,-5.826740928430122,Nordsjælland,48.0,69.0,2691.55,2,Roaming LCM,CM,-0.0029804301424195,-0.19483445730479126,0.018162696522784995,-0.21299715382757625
bfvdr7ckiersz26ya2kq9f1g4,A. Iljazovski,8gxd9ry2580pu1b1dd5ny9ymy,1843,-5.9258313024136635,0.720252806792511,-6.646084109206175,Hvidovre,37.25,17.55,2125.733333333333,8,Deep RB,FB,-0.0036061226854075825,-0.2813841042284494,-0.0682446718457163,-0.21313943238273309
2ubad2kxha6n1c8c8sr2ogmad,B. Meling,b3r6d8ydtmtjckam6pku9y400,960,-3.05381967710094,0.20009900406146983,-3.2539186811624097,København,45.6,87.85,1038.9333333333334,24,Attacking LB,FB,-0.0033894986262108435,-0.2818782225082939,-0.0682446718457163,-0.2136335506625776
acp1ba2irpv5wfmxke7ucmaga,O. Bundgaard,cftj6g399tknheudaxsdpfdgb,1958,-2.9090366134022334,6.067379290296522,-8.976415903698756,Viborg,43.650000000000006,88.7,2817.7666666666664,20,Deep/Inverting LB,FB,-0.0045844820754334815,-0.2867084208532365,-0.0682446718457163,-0.2184637490075202
6d8194j12jdzgqk5uwcemecr8,C. Nouck,dbl7ir1qugqz8nvp1vzn8im50,712,5.032496262967622,6.186000237690347,-1.1535039747227251,OB,66.45,76.3,1145.75,44,Wide Progressing LW,Winger,-0.001620089852138659,-0.09060908376613158,0.12938346670839837,-0.21999255047452995
6ul2nma4j0a7e2li6wyyrpal1,M. Jensen,anga7587r1zv4ey71ge9zxol3,1264,-5.426795583351694,5.738358638072765,-11.16515422142446,Lyngby,32.2,53.6,1638.55,18,RCB,CB,-0.008833191630873783,-0.6132640932093628,-0.39294797559291017,-0.22031611761645264
d8fq49fsekveib4qxdib9cdlh,S. Ezatolahi,c165yjiny1qnmfdvefxvflnkc,450,-1.5027753577449885,-0.04370670146226108,-1.4590686562827275,Vejle,54.5,48.5,644.3833333333333,36,Central Mid,CM,-0.0032423747917393947,-0.20378580927312234,0.018162696522784995,-0.22194850579590733
e9o7q10wnhex4e8eo47mobbvt,J. Bonde,cftj6g399tknheudaxsdpfdgb,1219,-2.015815483320379,4.227501511448713,-6.243316994769091,Viborg,45.7,52.35,1790.2,38,Left Defensive Mid,DM,-0.005121671037546425,-0.31387472323160437,-0.08643056893659207,-0.2274441542950123
606hufq6dapf3qxcgilbc8tt5,S. Nordli,9w3sjm5ml4sjr2v81oxzdrt8v,928,1.0366719057511857,2.753273124575129,-1.7166012188239435,Randers,64.4,70.3,1575.4333333333334,44,Wide Progressing LW,Winger,-0.0018497857961464908,-0.09806451750470023,0.12938346670839837,-0.2274479842130986
5ut8weoywngm3wkcg50yojc9h,F. Helander,dbl7ir1qugqz8nvp1vzn8im50,1346,-7.722500978841863,4.717351667018426,-12.439852645860288,OB,32.0,63.2,1790.4166666666667,15,Narrow LCB,CB,-0.00924208963288283,-0.6253218923681224,-0.39294797559291017,-0.23237391677521224
3sadup8mjwu4dc96wz6lmixn9,P. Mortensen,5rz9enoyknpg8ji78za5b82p0,1157,-6.663119741834738,6.343121484483076,-13.006241226317814,AGF,59.650000000000006,50.4,2733.15,47,Box ST,ST,-0.011241349374518421,-0.4282830105806864,-0.19443850697360063,-0.23384450360708578
eyvv6b94feknnp1uew6n0ytat,N. Mouritsen,dbl7ir1qugqz8nvp1vzn8im50,725,-1.3826794784177625,2.369639673798881,-3.7523191522166437,OB,41.6,87.7,1112.15,20,Deep/Inverting LB,FB,-0.005175612623747094,-0.3036539349004162,-0.0682446718457163,-0.2354092630546999
8mswl5vzza12hylodrrsq3zvu,A. Kappenberger,8gxd9ry2580pu1b1dd5ny9ymy,254,-2.7769888609644573,-0.128073470096225,-2.648915390868232,Hvidovre,10.2,49.3,630.0,39,Mobile GK,GK,-0.010428800751449733,-0.37841648440974746,-0.13550373128338872,-0.24291275312635874
4vmgmzg2004twoc39sk7zkzqh,G. Links,5rz9enoyknpg8ji78za5b82p0,1176,-0.7694781117553086,1.287235108148001,-2.0567132199033096,AGF,53.4,72.4,1622.0166666666669,6,Left Winger,Winger,-0.0017489057992375082,-0.11411978285753199,0.12938346670839837,-0.24350324956593036
axyrfq1u8nwcj2ss5498u8qhg,L. Kjerrumgaard,dbl7ir1qugqz8nvp1vzn8im50,307,-0.7033075811448611,2.233551916055078,-2.9368594971999387,OB,65.0,52.8,598.9333333333333,14,Roaming Deep ST,ST,-0.009566317580455827,-0.4413134818811128,-0.19443850697360063,-0.24687497490751217
3uytpqx0e0jr6zgbfl1znsm7e,T. Bech,5rz9enoyknpg8ji78za5b82p0,999,-0.2555200038105496,2.3010563639015653,-2.556576367712115,AGF,62.9,26.4,1881.75,5,Wide RAM,Winger,-0.0025591355032153307,-0.12227547394398319,0.12938346670839837,-0.2516589406523816
80s55a7uw8kypoikefwhtdm5m,M. Fenger,dbl7ir1qugqz8nvp1vzn8im50,550,-1.317517143577386,3.116660489607844,-4.4341776331852305,OB,63.2,47.3,878.9666666666667,52,Roaming Advanced ST,ST,-0.008062141151245874,-0.4540285793773038,-0.19443850697360063,-0.25959007240370313
3gemcjqban843su9c9y5l2sk4,J. Andersen,5rz9enoyknpg8ji78za5b82p0,554,-2.4926783716122447,0.8834788385073595,-3.376157210119604,AGF,55.150000000000006,10.6,915.4333333333334,13,Attacking RB,FB,-0.006094146588663545,-0.3319238417988905,-0.0682446718457163,-0.2636791699531742
97xbmht3t4t1p9iu6598oq7l5,A. Manneh,dbl7ir1qugqz8nvp1vzn8im50,1440,-2.386687724362755,3.3326989403734073,-5.719386664736162,OB,47.2,47.95,1428.0833333333333,21,Roaming DM,DM,-0.003971796294955668,-0.3604445117532272,-0.08643056893659207,-0.27401394281663516
5f3wfx327z9hef9k9l37c90wl,J. Grønning,cftj6g399tknheudaxsdpfdgb,1231,-3.466396812297067,2.703941884110883,-6.17033869640795,Viborg,43.4,47.6,1532.2,38,Left Defensive Mid,DM,-0.0050124603545149875,-0.36243994431321985,-0.08643056893659207,-0.2760093753766278
bpw4cd5vmghjhelb3uxupmqjt,S. Magnússon,anga7587r1zv4ey71ge9zxol3,1042,-1.1393428054950154,2.340241385807275,-3.47958419130229,Lyngby,58.9,29.4,2041.6833333333327,5,Wide RAM,Winger,-0.0033393322373342516,-0.15338449998801945,0.12938346670839837,-0.2827679666964178
1yqlkot5sh85ot3eemo67djv9,Y. N'Gbakoto,c165yjiny1qnmfdvefxvflnkc,470,0.16612171893778924,3.2016389623761725,-3.0355172434383833,Vejle,59.45,59.55,1029.9333333333334,43,Half-Space CM,CM,-0.0064585473264646455,-0.265256539493936,0.018162696522784995,-0.28341923601672103
3ejggtt1du1cui3wc1f8oqx62,L. Qamili,8gxd9ry2580pu1b1dd5ny9ymy,1374,-3.681256083399084,0.33260090045847157,-4.013856983857556,Hvidovre,63.150000000000006,19.4,2229.2,5,Wide RAM,Winger,-0.002921293292472748,-0.16205236342507628,0.12938346670839837,-0.2914358301334746
bmkq3hz1z7lsji7wgr3j8978p,R. Lauritsen,9qsmopgutr7ut5g6workk8w4i,1429,-5.16281835705419,5.988146067021097,-11.150964424075287,Brøndby,35.1,45.4,1454.1833333333334,12,Narrow RCB,CB,-0.007803334096623714,-0.6901377392810002,-0.39294797559291017,-0.29718976368809
12cgiy0t282ywdbr5j78hrxsl,S. McKenna,b3r6d8ydtmtjckam6pku9y400,1001,-4.654005413685477,3.659703163166801,-8.313708576852278,København,40.5,68.7,1063.8833333333332,22,LCB,CB,-0.008305403173678599,-0.7033043459496233,-0.39294797559291017,-0.31035637035671315
3nok8qxxj2zl831wgvc7abxuc,C. Harder,77tfx9me4aaqhzv78bmgsy9bg,323,-3.9076086632753158,-0.5791315169462443,-3.3284771463290714,Nordsjælland,70.1,52.8,592.25,41,Striker,ST,-0.010304882805972358,-0.505804885047896,-0.19443850697360063,-0.31136637807429535
349g9rdismqpb1aarjp011bd,C. McCowatt,ahnt9ejgwj58ul8auzdvi3czf,1021,-5.504385880589527,3.956305561890878,-9.460691442480405,Silkeborg,58.5,57.2,1492.9666666666667,51,Left Attacking Mid,AM,-0.009266103273732033,-0.5703156331844224,-0.2468017773222294,-0.32351385586219294
7z1pv1wezn5rydamnknklv2ay,M. Kvistgaarden,9qsmopgutr7ut5g6workk8w4i,869,-3.4969379454355187,5.496992838077868,-8.993930783513386,Brøndby,65.6,43.7,1556.5666666666666,52,Roaming Advanced ST,ST,-0.01034974773706949,-0.52002512185978,-0.19443850697360063,-0.32558661488617935
1mml4inucvyomv1dcog3c1pt5,N. Mickelson,dbl7ir1qugqz8nvp1vzn8im50,934,-1.8255315623040023,1.2105067208045437,-3.036038283108546,OB,48.75,82.80000000000001,1356.7166666666667,6,Left Winger,Winger,-0.003250576320244696,-0.2014005224474055,0.12938346670839837,-0.33078398915580387
cft1n7qn5juaedelpvqwo2f3d,K. Tshiembe,9qsmopgutr7ut5g6workk8w4i,900,-0.822511631462832,4.122601982658416,-4.945113614121248,Brøndby,35.4,26.1,1062.1,4,Wide RCB / Inverting Deep RB,FB,-0.0054945706823569425,-0.41903796748979605,-0.0682446718457163,-0.35079329564407974
ew91bx066dre4xck30vmz10yc,A. Busch,ahnt9ejgwj58ul8auzdvi3czf,1337,-5.029990713892995,7.423969650657162,-12.453960364550158,Silkeborg,29.5,68.8,1506.5166666666669,35,LCB,CB,-0.009314854423747312,-0.7440053320415843,-0.39294797559291017,-0.3510573564486741
1rmox6tf7r283dca2vi844kr8,A. Adelgaard,dbl7ir1qugqz8nvp1vzn8im50,886,-2.072828044586601,2.737728726538254,-4.810556771124855,OB,44.2,89.5,1007.4833333333332,20,Deep/Inverting LB,FB,-0.005429522315039339,-0.4297342646540756,-0.0682446718457163,-0.3614895928083593
76k8ic97o66kaq2e52bmp27ai,M. Hansen,77tfx9me4aaqhzv78bmgsy9bg,499,-1.2225228597182185,1.0269924807181292,-2.2495153404363477,Nordsjælland,58.5,28.950000000000003,834.6833333333334,5,Wide RAM,Winger,-0.004508046774421538,-0.24255471812376503,0.12938346670839837,-0.3719381848321634
75n60pzg0y5agf5nzo3sd3cvd,M. Frese,77tfx9me4aaqhzv78bmgsy9bg,2356,-1.3926177895507243,11.029530902764906,-12.42214869231563,Nordsjælland,46.8,85.5,2486.55,16,Inverting Attacking LB,FB,-0.005272558867706125,-0.4496162885557928,-0.0682446718457163,-0.38137161671007647
5wmik73cqursg7sv3w14ue5pm,L. Deedson,dbl7ir1qugqz8nvp1vzn8im50,866,-5.7019431699559355,-0.3428342151154972,-5.359108954840438,OB,69.2,19.9,1838.3333333333333,23,Box-Entering RW,Winger,-0.006188347522910437,-0.26236798146997614,0.12938346670839837,-0.3917514481783745
8g4r9maz4invihjmdzpfxy0np,V. Claesson,b3r6d8ydtmtjckam6pku9y400,862,-5.924405809863133,3.116947291792296,-9.04135310165543,København,61.3,61.5,1270.4,51,Left Attacking Mid,AM,-0.010488808702616507,-0.6405240704888135,-0.2468017773222294,-0.39372229316658414
dumcbdh3xsmw24l8egeila85x,M. Fraisl,59as3grjvj19voay31j3yfgni,273,-4.33427412456714,-0.7166048962719691,-3.6176692282951715,Midtjylland,9.9,49.3,576.5166666666667,50,Advanced Box GK,GK,-0.013251535634780848,-0.5647542375992,-0.13550373128338872,-0.42925050631581124
45dqseup0cmujyl4nprr29y0a,M. Fredslund,8gxd9ry2580pu1b1dd5ny9ymy,1436,-4.454068388965245,3.744269675469514,-8.19833806443476,Hvidovre,41.55,17.65,1472.5833333333333,4,Wide RCB / Inverting Deep RB,FB,-0.00570914906994064,-0.501058520151069,-0.0682446718457163,-0.4328138483053527
dqtarwrqvkopmzbt2ovp2dln9,B. Paulsen,dbl7ir1qugqz8nvp1vzn8im50,1289,-5.034056981908347,9.589119528718218,-14.623176510626564,OB,32.5,34.95,1576.9,11,RCB,CB,-0.011344590000486085,-0.8346032633371747,-0.39294797559291017,-0.44165528774426455
bcdp9e3dezuaybm8ndrsanbx0,M. Nielsen,8gxd9ry2580pu1b1dd5ny9ymy,1300,-3.0913963103737783,6.546088682998236,-9.637484993372015,Hvidovre,42.3,89.9,1584.9,24,Attacking LB,FB,-0.00741344999490155,-0.5472734238144245,-0.0682446718457163,-0.47902875196870814
5qvy65ckiigykkowpyco05zv9,M. Duelund,5rz9enoyknpg8ji78za5b82p0,472,-1.2178958133420412,2.5912299121527953,-3.8091257254948365,AGF,66.8,43.7,660.1166666666667,43,Half-Space CM,CM,-0.008070181621811095,-0.5193344337534304,0.018162696522784995,-0.5374971302762154
5uqf7a0y0fd1hf2rrmgx11tuy,B. Nygren,77tfx9me4aaqhzv78bmgsy9bg,625,-4.4897976465112475,2.6256878928650846,-7.115485539376332,Nordsjælland,59.0,31.3,808.3833333333333,37,Right Attacking Mid,AM,-0.01138477686300213,-0.7921906255825866,-0.2468017773222294,-0.5453888482603572
2datlbzulrzdgpyxv3fkzn0et,B. Kopplin,9w3sjm5ml4sjr2v81oxzdrt8v,1260,-6.306398295325242,5.879182264347794,-12.185580559673035,Randers,48.05,87.5,1756.65,24,Attacking LB,FB,-0.009671095682280187,-0.6243146047138435,-0.0682446718457163,-0.5560699328681272
3bvc29bootgmo9tsapvygvnu2,M. Westergaard,cftj6g399tknheudaxsdpfdgb,749,-3.6649669822603563,3.5462204848464784,-7.211187467106835,Viborg,53.6,31.2,1138.7666666666669,5,Wide RAM,Winger,-0.009627753627645974,-0.5699208547606607,0.12938346670839837,-0.6993043214690591
5e2dhux42uepgafp4s16gusph,M. Knoester,5rz9enoyknpg8ji78za5b82p0,710,-4.090961417763628,7.228909909437416,-11.319871327201044,AGF,32.55,73.5,910.25,45,Wide LCB,CB,-0.01594348074253668,-1.1192402300995266,-0.39294797559291017,-0.7262922545066164
