playerId,playerName,contestantId,Actions,P_goal_diff,P_concede_diff,VAEP_value,Team,x,y,Minutes,Cluster,Desc,Group,VAEP/Act,VAEP/90 Excl. Receiving,GroupAvgExcl,VAEP/90 Excl. Receiving vs Group Avg,VAEP/90 Receiving,VAEP/90 Receiving vs Group Avg,VAEP/90,GroupAvg,VAEP/90 vs Group Avg
1lk61nwcvayf0ep21p31xcfzd,B. Rendón,dixqedy703dif9iruxp49xces,1377,0.779464029709828,-1.935522719568002,10.573321409830832,Northern Colorado,57.150000000000006,19.55,1939.05,30,Deep/Inverting RB,FB,0.007678519542360808,0.4907552290476135,0.01981004173290633,0.47094518731470714,0.33554412889417207,0.16865622460795288,0.8262993579417856,0.18669794601912554,0.6396014119226601
6g7v93m80xq6x38o9u3t8y3je,W. Prentice,bg197i7zlh6jejajyccrcff56,549,1.6018525774086119,-0.7370243993637523,5.0317558092296455,Forward Madison,63.7,86.2,868.0333333333333,0,High & Wide LB,FB,0.009165311127922852,0.5217057979693577,0.01981004173290633,0.5018957562364513,0.25370791740078036,0.08682001311456117,0.775413715370138,0.18669794601912554,0.5887157693510126
1bvo1q3jlflqdmjrvypnt2lzp,Steevan dos Santos,f0zwopssynz58fycvsh0vqpgq,510,-1.420605093708544,-2.2071154381788123,8.382924706458333,Union Omaha,68.5,42.4,956.1,47,Box ST,ST,0.016437107267565358,0.7891049300086288,0.48102614461488497,0.30807878539374384,0.5350711653584506,0.2004590183045873,1.3241760953670794,0.8156382916687483,0.508537803698331
69kkn2i96sg564fexcheqbo4p,A. González,2bsqcyameg25qra523lr3bz84,353,-0.7620463245083894,-0.2140398143624031,3.5806143855073973,Spokane Velocity,65.9,76.9,567.4166666666666,44,Wide Progressing LW,Winger,0.010143383528349568,0.5679341366350403,0.3497292001831847,0.21820493645185562,0.5447626492974547,0.2574776041310504,1.112696785932495,0.637014245349589,0.47568254058290604
7ejohb009byubwiqv36vag5jo,Pedro Dolabella,f0zwopssynz58fycvsh0vqpgq,1321,-0.7669486337325236,-1.2314675970010303,7.829236179877441,Union Omaha,54.9,50.4,1941.9,21,Roaming Deep Mid,DM,0.005926749568415928,0.36285661269322295,0.09562982742962983,0.2672267852635931,0.33661384388150495,0.1524608554165671,0.6994704565747278,0.27978281589456766,0.4196876406801602
6sqbbasqmtyfmsrp0ba64xxp1,Z. Lewis,f0zwopssynz58fycvsh0vqpgq,470,1.568598162343123,-1.146628577147174,5.098922932724963,Union Omaha,63.6,61.35,879.1,2,Roaming LCM,CM,0.010848772197287155,0.5220146330852539,0.18418254847880322,0.33783208460645064,0.30013729346472107,0.08089357211329279,0.8221519265499749,0.4034262698302315,0.41872565671974343
6wegwy35lbahzmf41vhljn9ck,M. Tunbridge,40cyh8n6ttq986iydr3hhk0bs,497,0.534304151846936,-0.6185004660836894,3.554571399820261,Tormenta,62.25,42.7,764.0666666666666,43,Half-Space CM,CM,0.00715205513042306,0.4186956975619364,0.18418254847880322,0.2345131490831332,0.3916722020024271,0.1724284806509988,0.8103678995643635,0.4034262698302315,0.406941629734132
5sphos4tiokzmv1iqqsa1invu,M. Rodríguez,f0zwopssynz58fycvsh0vqpgq,331,0.048051364564093396,-0.7921196226877785,5.194592224289344,Union Omaha,71.5,64.6,731.0666666666667,34,Wide LAM,Winger,0.015693632097550887,0.639494756774632,0.3497292001831847,0.28976555659144726,0.394087240488063,0.10680219532165874,1.033581997262695,0.637014245349589,0.396567751913106
2w25x6xhv4fj1odj1130gcwrt,L. Kunga,f0zwopssynz58fycvsh0vqpgq,808,2.5024645053487853,-3.539677270539128,11.823096822435518,Union Omaha,66.1,33.349999999999994,1413.7166666666667,37,Right Attacking Mid,AM,0.014632545572321186,0.7526817353919549,0.3458594956718471,0.40682223972010784,0.23318591691306378,-0.017058179265212248,0.9858676523050187,0.5961035918501232,0.38976406045489553
6cnor5fkcimp64kmyhgn9ctn8,B. Knapp,f0zwopssynz58fycvsh0vqpgq,675,1.4117242570104818,-1.5191329699353062,3.862748696518315,Union Omaha,55.5,48.8,888.3333333333334,38,Left Deep Mid,DM,0.005722590661508615,0.3913478979587036,0.09562982742962983,0.2957180705290738,0.2623417102566281,0.07818872179169026,0.6536896082153317,0.27978281589456766,0.37390679232076407
74kulsc49v28gagdio1exxv4l,L. Castro,9feqf3iawhgmv76pzwdebdv8q,1031,0.37138235446919365,-3.7492328017566323,13.86783506031591,Greenville Triumph,66.55,50.0,1699.05,47,Box ST,ST,0.013450858448415044,0.7345900093749048,0.48102614461488497,0.25356386476001985,0.395865604201666,0.061253457147802726,1.1304556135765709,0.8156382916687483,0.3148173219078225
a8nwfr7qx711qnvi49q2tfp7u,J. Crull,bg197i7zlh6jejajyccrcff56,1801,1.2969256451113829,1.4933012179154352,0.7492883739870767,Forward Madison,37.1,79.85,1822.8666666666663,48,Wide LCB / Inverting Deep LB,CB,0.00041604018544535076,0.03699445214067783,-0.19769717577755166,0.2346916279182295,0.10962709639815549,0.07093553174775184,0.1466215485388333,-0.159005611127148,0.3056271596659813
5jz7p2yap2y7xizp1pg1hquax,Pedro Fonseca,40cyh8n6ttq986iydr3hhk0bs,931,-0.5267731795184367,-2.134881576230952,9.867972090260478,Tormenta,60.4,67.6,1677.6666666666667,51,Left Attacking Mid,AM,0.010599325553448419,0.5293766072661095,0.3458594956718471,0.18351711159426237,0.37094469857589757,0.12070060239762154,0.900321305842007,0.5961035918501232,0.3042177139918838
9m2l2wpu8cht54izobml845t6,N. Brown,ck22dnk93ng8ax7wonlff7yms,692,0.4087736375581053,-0.768722282475968,3.513714166441386,Lexington,62.7,85.3,1320.0,0,High & Wide LB,FB,0.005077621627805471,0.2395714204391854,0.01981004173290633,0.21976137870627907,0.23527124032532812,0.06838333603910893,0.47484266076451354,0.18669794601912554,0.288144714745388
d6hinvoq9bazu1j5tnf1dcqju,J. Galindrez,bg197i7zlh6jejajyccrcff56,593,0.07639785975716536,-1.5983558101548385,7.937563410685297,Forward Madison,63.3,63.3,1209.8166666666666,51,Left Attacking Mid,AM,0.013385435768440637,0.5904867461695382,0.3458594956718471,0.24462725049769113,0.28699919600018875,0.03675509982191272,0.877485942169727,0.5961035918501232,0.2813823503196038
6ydk69km9oe49cg6plrc6u0wk,L. MacKinnon,9feqf3iawhgmv76pzwdebdv8q,1085,0.04753955852435595,-2.4837782519955987,12.836958023857289,Greenville Triumph,68.1,75.7,1974.9166666666667,34,Wide LAM,Winger,0.011831297717840819,0.5849999858966991,0.3497292001831847,0.2352707857135144,0.3248150016765603,0.03752995651015606,0.9098149875732594,0.637014245349589,0.27280074222367046
a3uoyl25330qgi2by44eq4o2d,A. Lewis,2bsqcyameg25qra523lr3bz84,1817,2.2150742259779115,0.4951080535087102,5.862196320917994,Spokane Velocity,51.4,43.4,1990.9166666666667,31,Right Deep Mid,DM,0.0032263050748035193,0.26500238694870176,0.09562982742962983,0.16937255951907193,0.2805904735955073,0.09643748513056946,0.5455928605442091,0.27978281589456766,0.2658100446496414
77zipb94oe8xrk7wvl8qrmwh5,P. Reedy,2bsqcyameg25qra523lr3bz84,396,-0.06428245328895504,-0.6082078122141752,3.189767765614538,Spokane Velocity,69.5,77.8,600.9666666666667,44,Wide Progressing LW,Winger,0.008054969105087217,0.4776955442431223,0.3497292001831847,0.12796634405993762,0.41542041781708866,0.12813537265068442,0.8931159620602109,0.637014245349589,0.256101716710622
c4v0l6nd0hdzjk5aezddb755h,B. King,dixqedy703dif9iruxp49xces,635,1.2097493964892594,-0.9903231304471396,7.143370342503178,Northern Colorado,65.6,73.6,1169.2,34,Wide LAM,Winger,0.011249402114178233,0.5498660031006551,0.3497292001831847,0.20013680291747044,0.33067604501457765,0.043390999848173406,0.8805420481152328,0.637014245349589,0.2435278027656439
7cnscodi0dspjmpgqvr8rxr3e,E. Hoard,dixqedy703dif9iruxp49xces,715,-0.11207920750444746,-3.6572395735360033,12.997829711842785,Northern Colorado,72.1,51.4,1745.7166666666667,47,Box ST,ST,0.018178782813766132,0.6700999631856166,0.48102614461488497,0.18907381857073163,0.3832209054643102,0.04860875841044693,1.053320868649927,0.8156382916687483,0.23768257698117856
21e6x1g01njkbvcunz7k2bug9,Y. Yankam,ck22dnk93ng8ax7wonlff7yms,874,0.5250267040827352,-0.7772182617391006,3.660006288358538,Lexington,55.1,43.6,1264.15,21,Roaming Deep Mid,DM,0.004187650215513201,0.2605707914031313,0.09562982742962983,0.16494096397350144,0.2534622209551139,0.06930923249017604,0.5140330123582452,0.27978281589456766,0.2342501964636775
793bjb2bgku4cw2iu6k1fxcve,A. Sorenson,1jonibkcr7qa3eozzxh0dcxd5,1055,-0.7643240446076223,1.687910322068375,-1.7013812032246824,Charlotte Independence,40.8,81.2,1432.5333333333333,48,Wide LCB / Inverting Deep LB,CB,-0.0016126836049523057,-0.10689057261510244,-0.19769717577755166,0.09080660316244922,0.1740775238690351,0.13538595921863145,0.06718695125393266,-0.159005611127148,0.22619256238108065
d82xjbw9ptrhgk0ifeoim0gdl,J. Gómez,f0zwopssynz58fycvsh0vqpgq,902,-0.00711762446576359,-3.3577725209170377,9.366485372348954,Union Omaha,65.15,70.5,1587.4166666666667,6,Left Winger,Winger,0.010384130124555382,0.5310412201237267,0.3497292001831847,0.18131201994054197,0.3309369800341796,0.043651934867775355,0.8619782001579063,0.637014245349589,0.22496395480831732
9if2aqj0laxylkdz2f1sji3u,A. Mesias,bg197i7zlh6jejajyccrcff56,565,0.8809373211076665,-0.6938784822512714,3.0954544904036427,Forward Madison,54.8,38.6,866.55,21,Roaming Deep Mid,DM,0.005478680513988748,0.3214943213159401,0.09562982742962983,0.22586449388631025,0.1770612194507069,-0.0070917690142309475,0.498555540766647,0.27978281589456766,0.21877272487207933
5hrkmr014lfjfwfutoucg450q,A. Kelly,6ihu2mwc488rjv6ca1mg20wes,989,0.9756041762543348,-0.10645694530321739,4.464262384626552,One Knoxville,58.3,41.3,1457.35,21,Roaming Deep Mid,DM,0.004513915454627454,0.27569466127998743,0.09562982742962983,0.1800648338503576,0.20577255112426462,0.02161956265932677,0.48146721240425205,0.27978281589456766,0.2016843965096844
35wb4ujehz3nx4kgvxcn4ndn9,T. Polak,9feqf3iawhgmv76pzwdebdv8q,1520,0.49836608934824794,1.780303977615304,-1.09876855057027,Greenville Triumph,41.5,84.2,1895.9333333333327,48,Wide LCB / Inverting Deep LB,CB,-0.0007228740464278092,-0.052158568981675334,-0.19769717577755166,0.14553860679587632,0.09302480065603493,0.05433323600563128,0.04086623167435959,-0.159005611127148,0.1998718428015076
2nu3jw4piu1qnqha0kdq8nzai,B. Malone,f0zwopssynz58fycvsh0vqpgq,1341,0.9568173241303576,1.557792184617788,-0.647958382620714,Union Omaha,39.0,61.8,1983.15,42,CB,CB,-0.0004831904419244698,-0.029405871686894215,-0.19769717577755166,0.16829130409065746,0.06967907296877246,0.030987508318368814,0.040273201281878244,-0.159005611127148,0.19927881240902626
6ge4wgnjmai5596imt97hev6y,M. Schneider,f0zwopssynz58fycvsh0vqpgq,687,0.9030358909518923,-0.0052058785587737405,1.5055852596426573,Union Omaha,48.95,61.5,776.55,38,Left Deep Mid,DM,0.002191536040236765,0.17449317283863133,0.09562982742962983,0.0788633454090015,0.29176451493412414,0.10761152646918629,0.46625768777275545,0.27978281589456766,0.1864748718781878
arl1q2uuag2scjv8vt406lrtg,P. Corvino,9feqf3iawhgmv76pzwdebdv8q,764,0.49006263375004944,-0.9858313224881915,2.6000348712195738,Greenville Triumph,56.150000000000006,45.25,1032.0666666666666,21,Roaming Deep Mid,DM,0.003403187004214102,0.2267325803337268,0.09562982742962983,0.13110275290409698,0.22892949567666054,0.04477650721172269,0.45566207601038733,0.27978281589456766,0.17587926011581967
9j7k19w9hlw0cz8egy841huc5,J. Johnson,1jonibkcr7qa3eozzxh0dcxd5,984,-0.0943254573999718,0.0074654284065332034,4.429387081000374,Charlotte Independence,53.4,38.3,1777.45,21,Roaming Deep Mid,DM,0.004501409635162982,0.2242790724296231,0.09562982742962983,0.12864924499999328,0.2313191039942214,0.04716611552928354,0.4555981764238445,0.27978281589456766,0.17581536052927682
5jbmmf1sex63e9fbx3ktyewkq,Dani Fernandez,6ihu2mwc488rjv6ca1mg20wes,1282,-0.5559510379722145,1.362368248791611,-0.5960967263289272,One Knoxville,39.05,77.9,1507.5,45,Wide LCB,CB,-0.00046497404549838316,-0.035587864258443416,-0.19769717577755166,0.16210931151910823,0.045211764145137175,0.006520199494733529,0.009623899886693758,-0.159005611127148,0.16862951101384177
3qu4ku6otypall6viepxc1fro,N. Akoto,40cyh8n6ttq986iydr3hhk0bs,646,0.8691803301325363,0.23401798748757222,1.9064582991007981,Tormenta,56.8,16.5,1085.8833333333334,30,Deep/Inverting RB,FB,0.0029511738376173345,0.15801075645241677,0.01981004173290633,0.13820071471951045,0.197224643975565,0.030336739689345804,0.35523540042798174,0.18669794601912554,0.1685374544088562
6lob2tu6fjwv5kwkx1e1288ut,M. Jérôme,f0zwopssynz58fycvsh0vqpgq,1026,0.8155103173078918,1.3842438564616564,-0.5489583369726597,Union Omaha,33.1,26.05,1390.9166666666667,33,Wide RCB,CB,-0.0005350471120591226,-0.035520640101280476,-0.19769717577755166,0.1621765356762712,0.039812187943614206,0.0011206232932105611,0.00429154784233373,-0.159005611127148,0.16329715896948174
9dakvdj5bkxvtyvglt69oxu22,D. Robles,dixqedy703dif9iruxp49xces,350,-0.6403660166769855,-0.5310612981936957,2.1856462520493682,Northern Colorado,57.150000000000006,56.45,618.3666666666667,43,Half-Space CM,CM,0.006244703577283909,0.3181092599069211,0.18418254847880322,0.1339267114281179,0.24792996881031945,0.028686247458891173,0.5660392287172406,0.4034262698302315,0.16261295888700905
3phn757ls3kfjmbq5eknf6jca,S. Vivas,40cyh8n6ttq986iydr3hhk0bs,650,-0.15706897551786617,-1.562741261878883,9.855820877734597,Tormenta,65.1,55.9,1412.5166666666669,14,Roaming Deep ST,ST,0.01516280135036092,0.6279740975300211,0.48102614461488497,0.14694795291513613,0.34222571407143826,0.007613567017574985,0.9701998116014594,0.8156382916687483,0.15456151993271106
a15ecw8anfitp7u6by6rae7ai,I. Martínez,dixqedy703dif9iruxp49xces,795,-0.1644493859412379,-0.2595313666688682,3.0656037008670105,Northern Colorado,57.5,42.45,1519.3166666666666,21,Roaming Deep Mid,DM,0.003856105284109447,0.1815976478974304,0.09562982742962983,0.08596782046780058,0.251005137297754,0.06685214883281612,0.43260278519518436,0.27978281589456766,0.1528199693006167
7sbjlnagdpfp5o1kf210odxey,Z. Scarlett,9feqf3iawhgmv76pzwdebdv8q,553,0.9553696977020479,-2.0085554705463533,5.984410968443338,Greenville Triumph,69.2,50.2,1039.05,54,Right Winger,Winger,0.010821719653604591,0.5183552159760363,0.3497292001831847,0.16862601579285158,0.2693578769945051,-0.017927168171899155,0.7877130929705414,0.637014245349589,0.15069884762095243
bgqxhtyx6dre270acxtkj17u1,K. Tekiela,6ihu2mwc488rjv6ca1mg20wes,680,-1.1386608947654602,-2.2229957544719974,8.965866244740194,One Knoxville,65.3,46.1,1469.7666666666669,14,Roaming Deep ST,ST,0.01318509741873558,0.5490177320844244,0.48102614461488497,0.06799158746953943,0.4142157262168385,0.07960357916297522,0.963233458301263,0.8156382916687483,0.1475951666325146
4nh44gvwjy8pa59zkcu59nn8q,Nil Vinyals,dp2yq55igeru73owerhg95iz4,1234,3.4655713759938385,-1.8683722515731491,8.946807683558717,Richmond Kickers,58.7,67.95,1704.3,51,Left Attacking Mid,AM,0.007250249338378215,0.47245947985699965,0.3458594956718471,0.12659998418515256,0.26772867696255354,0.017484580784277504,0.7401881568195532,0.5961035918501232,0.14408456496943
68tqdxlstpilrkvyvdnbhy31l,A. Cerritos,ck22dnk93ng8ax7wonlff7yms,505,-0.013043717672379856,-0.8512996051668019,3.1092637228307805,Lexington,56.6,67.1,886.4333333333334,2,Roaming LCM,CM,0.0061569578669916445,0.31568503183706637,0.18418254847880322,0.13150248335826314,0.23012075192639603,0.01087703057496775,0.5458057837634624,0.4034262698302315,0.14237951393323095
4bx148bm87t5863m9oycurxwq,J. Obregón,1jonibkcr7qa3eozzxh0dcxd5,732,-2.1756235532797,-2.7361496945736654,11.902481288895778,Charlotte Independence,67.75,51.75,1865.5166666666669,41,Striker,ST,0.016260220340021555,0.5742233961997766,0.48102614461488497,0.09319725158489162,0.383588349014515,0.04897620196065172,0.9578117452142916,0.8156382916687483,0.14217345354554323
75ya8t62q1sp6ew1nlanfdduy,A. Liadi,ck22dnk93ng8ax7wonlff7yms,408,-0.5060704376867355,-1.1476638493956617,4.5906839989039225,Lexington,66.2,33.0,853.3666666666667,37,Right Attacking Mid,AM,0.011251676467901772,0.48415479071288586,0.3458594956718471,0.13829529504103877,0.2537011192657913,0.0034570230875152763,0.7378559099786772,0.5961035918501232,0.14175231812855404
b04dnzjt176a4hyhff3j1p7u1,R. Mensah,f4x0hx78zcbx4hgnf6w65z8fe,680,-0.642158679127871,-2.2185159564747425,8.686409185877832,Chattanooga Red Wolves,66.4,56.8,1337.2833333333333,14,Roaming Deep ST,ST,0.012774131155702693,0.5846007403534565,0.48102614461488497,0.10357459573857158,0.36082294676683163,0.026210799712968358,0.9454236871202881,0.8156382916687483,0.12978539545153978
eaulxpgb8yhnk0cfpwcpzks4q,C. Merancio,2bsqcyameg25qra523lr3bz84,195,-0.6281588803826488,0.49383833720893117,-1.1219972175915804,Spokane Velocity,10.75,49.95,630.0,50,Advanced Box GK,GK,-0.005753831885085028,-0.1602853167987972,-0.28089696329183933,0.12061164649304212,-0.004768727715563868,0.006461255317223208,-0.16505404451436106,-0.29212694632462644,0.12707290181026537
72n63o5exsow0l5o2fpfd6kgk,C. Johnson,6ihu2mwc488rjv6ca1mg20wes,1361,0.8270233601029728,0.05042799508757572,4.249180376008366,One Knoxville,52.5,47.2,2015.0,21,Roaming Deep Mid,DM,0.003122101672305926,0.18978969421377317,0.09562982742962983,0.09415986678414334,0.21347111743487418,0.029318128969936325,0.40326081164864735,0.27978281589456766,0.1234779957540797
e8gm9eq1o6gonq3blbesa16g9,S. Lewis,6ihu2mwc488rjv6ca1mg20wes,689,-1.7299309843095265,1.4095927295170878,-3.06032714207255,One Knoxville,10.9,50.4,1710.0,40,Top-of-Box GK,GK,-0.004441693965272206,-0.1610698495827658,-0.28089696329183933,0.11982711370907353,-0.008659882623254364,0.002570100409532712,-0.16972973220602017,-0.29212694632462644,0.12239721411860627
3h4klx76chahvxu5t810fze21,D. Barnathan,dp2yq55igeru73owerhg95iz4,1133,-0.7450263407521974,1.9935260455881663,-1.66829605030905,Richmond Kickers,35.3,41.9,1657.7,18,RCB,CB,-0.001472459002920609,-0.09057528173240906,-0.19769717577755166,0.10712189404514261,0.05345069502879524,0.014759130378391598,-0.037124586703613814,-0.159005611127148,0.12188102442353418
bzk7l6u5bvun1zt11ouvzp7ft,E. Delgado,dixqedy703dif9iruxp49xces,709,-1.8732790285594882,2.10805197621037,-3.9813310047698622,Northern Colorado,9.7,49.1,2066.866666666667,40,Top-of-Box GK,GK,-0.005615417496149312,-0.173363766617402,-0.28089696329183933,0.10753319667443734,-0.0037030998030893993,0.0075268832296976765,-0.17706686642049138,-0.29212694632462644,0.11506007990413505
bh8ci2ku56str20jzftbv3mqx,A. Billhardt,dp2yq55igeru73owerhg95iz4,830,1.5328872714334614,-1.821544799519481,6.090006744030467,Richmond Kickers,63.2,20.6,1290.9833333333331,5,Wide RAM,Winger,0.007337357522928274,0.4245605600093537,0.3497292001831847,0.07483135982616901,0.32549572488761364,0.038210679721209395,0.7500562848969674,0.637014245349589,0.11304203954737846
bh3an1jmbqxwmf2a41u9p4ftg,David García,dixqedy703dif9iruxp49xces,1530,-0.3604738850306153,2.491216339662998,-1.3240595450288601,Northern Colorado,31.9,29.1,1845.0,9,RCB,CB,-0.0008653983954436995,-0.06458827048921269,-0.19769717577755166,0.13310890528833896,0.016467364661181646,-0.022224199989222,-0.04812090582803104,-0.159005611127148,0.11088470529911697
8mnq6su69w3xyujz7n03n4zqh,E. Lee,9feqf3iawhgmv76pzwdebdv8q,1444,1.0144909966014368,-0.6801145529992645,4.892728312986751,Greenville Triumph,45.6,60.8,2083.85,38,Left Deep Mid,DM,0.003388316006223512,0.21131345738359653,0.09562982742962983,0.1156836299539667,0.17702562988570772,-0.007127358579230136,0.3883390872693042,0.27978281589456766,0.10855627137473656
e9shind4h8y8q9j18k7tiwmzu,T. Mehl,bg197i7zlh6jejajyccrcff56,1401,0.6789179333069693,1.6858000680588592,-0.9072167459392216,Forward Madison,34.2,23.7,1442.25,33,Wide RCB,CB,-0.0006475494260808149,-0.056612589450185435,-0.19769717577755166,0.14108458632736623,0.0008437245607332187,-0.037847840089670425,-0.055768864889452215,-0.159005611127148,0.1032367462376958
1m1s5p5j607baa6lany39txxw,L. Álvarez,1jonibkcr7qa3eozzxh0dcxd5,1444,0.642328060730345,-0.17843473068825502,4.1868474435481655,Charlotte Independence,53.7,49.8,1708.9666666666667,43,Half-Space CM,CM,0.0028994788390222753,0.22049363353254495,0.18418254847880322,0.036311085053741726,0.2854868063599849,0.06624308500855663,0.5059804398925298,0.4034262698302315,0.10255417006229833
1bxh1eicgvqzxg72einyra3th,B. Schipmann,bg197i7zlh6jejajyccrcff56,823,-2.255793141119658,2.5603149804031706,-4.816108121522832,Forward Madison,9.2,48.4,2160.0,50,Advanced Box GK,GK,-0.005851893221777438,-0.20067117173011798,-0.28089696329183933,0.08022579156172135,0.010644420358058451,0.021874403390845527,-0.19002675137205952,-0.29212694632462644,0.10210019495256692
gqwm9a2a8wdrj3uws09yj0tl,C. Ostrem,f0zwopssynz58fycvsh0vqpgq,689,-0.04843645577554027,-0.02579902997287765,1.0753265418114462,Union Omaha,54.7,85.7,1030.6,16,Inverting Attacking LB,FB,0.0015607061564752484,0.0939058691665342,0.01981004173290633,0.07409582743362787,0.1928990238962419,0.026011119610022698,0.2868048930627761,0.18669794601912554,0.10010694704365058
14m1w9eageg8zqy784etxzso9,M. Milanese,f0zwopssynz58fycvsh0vqpgq,1223,-0.9659323470922413,2.3035799507896675,-2.9365177206237805,Union Omaha,35.6,81.45,1591.5833333333333,48,Wide LCB / Inverting Deep LB,CB,-0.002401077449406198,-0.16605262779588895,-0.19769717577755166,0.03164454798166272,0.10390057953728371,0.06520901488688007,-0.062152048258605236,-0.159005611127148,0.09685356286854277
ef7ozqlfiyffy3vi397qitd9m,R. Nuhu,f0zwopssynz58fycvsh0vqpgq,694,-2.419941203408456,1.2498194960138347,-3.67415257850397,Union Omaha,9.5,49.1,2160.0,26,Box GK,GK,-0.005294167980553271,-0.15308969077099874,-0.28089696329183933,0.1278072725208406,-0.044273253725053696,-0.03304327069226662,-0.19736294449605243,-0.29212694632462644,0.094764001828574
hjyr7mwtn82wuf2akzl928k5,G. Obertan,1jonibkcr7qa3eozzxh0dcxd5,511,0.8181406121372288,-0.7349300743547926,3.5829112048796143,Charlotte Independence,63.9,56.8,683.9,52,Roaming Advanced ST,ST,0.007011567915615684,0.47150461827630546,0.48102614461488497,-0.0095215263385795,0.43442418463867555,0.09981203758481227,0.905928802914981,0.8156382916687483,0.09029051124623266
a9xcv9evxwsmocgnrzz614w5x,C. Chaney,bg197i7zlh6jejajyccrcff56,678,-1.0733805073667726,-2.0834305418241486,7.906026590113496,Forward Madison,67.15,49.75,1360.2666666666669,47,Box ST,ST,0.011660806180108401,0.5230903693713594,0.48102614461488497,0.04206422475647448,0.3810405221912327,0.046428375137369415,0.9041308915625921,0.8156382916687483,0.08849259989384373
30yhcwhswigj9a1cllu8fp4kq,J. Ramos,40cyh8n6ttq986iydr3hhk0bs,499,0.18090158270410722,-0.10807832131343445,0.4291499048367337,Tormenta,47.9,22.4,625.6333333333333,1,Attacking RB,FB,0.0008600198493722118,0.06173502813464654,0.01981004173290633,0.04192498640174021,0.21312223080008807,0.046234326513868884,0.2748572589347346,0.18669794601912554,0.08815931291560908
61cyx4y7cwhqa0w489q1uvg9g,B. Zakowski,9feqf3iawhgmv76pzwdebdv8q,574,0.02418912103122604,-1.7440286660949933,3.472964912224757,Greenville Triumph,63.3,35.6,1014.7,25,Half-Space AM,AM,0.006050461519555325,0.3080386735983326,0.3458594956718471,-0.037820822073514504,0.37242626464451967,0.12218216846624363,0.6804649382428523,0.5961035918501232,0.08436134639272908
cf36p7zpnrtxhebod6rtsmr1m,A. Midence,6n3xfic7o33siizgamee0915g,832,2.0236910641412322,-2.5764568772445404,6.536468091553557,Central Valley Fuego,68.5,45.2,1075.05,14,Roaming Deep ST,ST,0.007856331840809564,0.5472137372585648,0.48102614461488497,0.06618759264367985,0.34795127966797296,0.013339132614109683,0.8951650169265377,0.8156382916687483,0.07952672525778937
3o1ofvw8de8lo5wdn0cs5gxxx,L. Gil,2bsqcyameg25qra523lr3bz84,1044,-0.18755534709446298,-2.1902393835548013,11.344875159133586,Spokane Velocity,63.7,44.5,1876.6833333333327,14,Roaming Deep ST,ST,0.010866738658173933,0.5440655576710809,0.48102614461488497,0.06303941305619593,0.34711356130878107,0.012501414254917798,0.8911791189798619,0.8156382916687483,0.07554082731111356
6eteku1bt31hga1t8daqos0oa,S. Payne,bg197i7zlh6jejajyccrcff56,1108,-1.0292394721800753,0.026337836736141908,0.5852713497401201,Forward Madison,58.9,10.4,1777.0166666666669,53,High & Wide RB,FB,0.0005282232398376535,0.029642052584356253,0.01981004173290633,0.009832010851449923,0.23251056422842786,0.06562265994220867,0.2621526168127841,0.18669794601912554,0.07545467079365858
ee12f0u7m07sw81xkozouyd3p,B. Fricke,9feqf3iawhgmv76pzwdebdv8q,1338,-0.6765604855524222,2.299604352520968,-2.86383040672736,Greenville Triumph,31.8,39.85,1604.6,12,Narrow RCB,CB,-0.0021403814699008667,-0.16062865300103601,-0.19769717577755166,0.03706852277651565,0.07556509896909401,0.036873534318690365,-0.085063554031942,-0.159005611127148,0.073942057095206
7kwhnmzzskj1g5uv6d17xco6i,B. Evans,dixqedy703dif9iruxp49xces,1255,0.126145876440687,2.416288557262597,-1.829046616855141,Northern Colorado,29.9,67.5,1597.5833333333333,28,LCB,CB,-0.0014574076628327817,-0.10303950478345168,-0.19769717577755166,0.09465767099409998,0.014644574924493895,-0.02404698972590975,-0.08839492985895779,-0.159005611127148,0.07061068126819021
14mioehew12zyrf4ncpzbqe3t,A. Apollon,6n3xfic7o33siizgamee0915g,770,-0.06994062140863373,0.32267485919086686,1.143170785181973,Central Valley Fuego,52.85,84.5,1191.45,16,Inverting Attacking LB,FB,0.0014846373833532116,0.08635307454477953,0.01981004173290633,0.0665430328118732,0.170590373214243,0.003702468928023811,0.25694344775902256,0.18669794601912554,0.07024550173989702
7i1e818kjeok1iluvmq4z32z9,J. Fenwick,dixqedy703dif9iruxp49xces,793,-0.37389125029665427,1.1349762746572092,-1.3074535792946318,Northern Colorado,34.1,70.5,1132.1,28,LCB,CB,-0.0016487434795644789,-0.10394030751392709,-0.19769717577755166,0.09375686826362457,0.014042196213634076,-0.02464936843676957,-0.08989811130029302,-0.159005611127148,0.06910749982685499
dgg9cpgyinyhfzqmo5jou89yi,C. Uche,ck22dnk93ng8ax7wonlff7yms,449,-0.6554029132429791,0.92228246739745,-1.1928659598017965,Lexington,27.0,53.8,807.6833333333333,17,CB,CB,-0.002656717059692197,-0.1329208267045604,-0.19769717577755166,0.06477634907299126,0.04267922481240051,0.003987660161996864,-0.09024160189215989,-0.159005611127148,0.06876400923498811
c4vss7v8yi62e13rxxnilsgrt,I. Jome,2bsqcyameg25qra523lr3bz84,683,0.1392210296310489,0.2281388009284338,0.8584456867296126,Spokane Velocity,42.85,79.3,995.0,16,Inverting Attacking LB,FB,0.0012568750903801064,0.07764835357353281,0.01981004173290633,0.057838311840626475,0.17281575359052398,0.005927849304304789,0.25046410716405676,0.18669794601912554,0.06376616114493122
7vs1eqm82fwwuhwfqodb3dyw9,R. Ruiz,f4x0hx78zcbx4hgnf6w65z8fe,482,0.4884588408007416,0.25793688550811233,0.7541295210614156,Chattanooga Red Wolves,53.05,42.8,704.5333333333333,21,Roaming Deep Mid,DM,0.0015645840685921486,0.09633562201295524,0.09562982742962983,0.0007057945833254115,0.24466090713122904,0.06050791866629118,0.34099652914418427,0.27978281589456766,0.06121371324961661
a6esshxr2z2k8280meh1wzwt1,P. Jara,dp2yq55igeru73owerhg95iz4,414,-1.1475020220356291,1.2104812031236944,-2.3579832251593262,Richmond Kickers,11.6,50.1,990.0,10,Mobile Box GK,GK,-0.005695611654974218,-0.21436211137812058,-0.28089696329183933,0.06653485191371875,-0.01737855981718164,-0.006148576784394564,-0.23174067119530223,-0.29212694632462644,0.06038627512932421
4wd9e8deyccom8ds1fde47re2,N. Watson,40cyh8n6ttq986iydr3hhk0bs,313,-0.8048946758722566,-0.8022298793917875,3.1624713184199393,Tormenta,65.7,38.2,748.7333333333333,54,Right Winger,Winger,0.010103742231373608,0.38013857001753343,0.3497292001831847,0.03040936983434872,0.3164656854727819,0.02918064030637768,0.6966042554903153,0.637014245349589,0.0595900101407264
ej78zd2kyn7i76fkalpfheuw9,K. Smith,2bsqcyameg25qra523lr3bz84,731,-0.08781417005254978,-1.3572511685419657,5.739490890171133,Spokane Velocity,66.2,27.1,1287.9666666666667,5,Wide RAM,Winger,0.007851560725268308,0.4010617615223494,0.3497292001831847,0.051332561339164695,0.292762316321301,0.005477271154896768,0.6938240778436504,0.637014245349589,0.05680983249406146
2hyd7yhdlmduixavlexk0r8yc,J. Thomas,6ihu2mwc488rjv6ca1mg20wes,726,0.4120901352084846,-0.06711132502800693,1.5518417716401498,One Knoxville,55.1,12.2,1107.0833333333333,13,Attacking RB,FB,0.002137523101432713,0.12615650081831856,0.01981004173290633,0.10634645908541222,0.11718692287811254,-0.04970098140810665,0.24334342369643108,0.18669794601912554,0.056645477677305545
ltoddlfbimoyb6xgae4b2ktl,D. Gebhard,bg197i7zlh6jejajyccrcff56,818,0.37315696588460345,-2.071894878261605,6.447300770028635,Forward Madison,63.9,72.35,1569.0333333333333,51,Left Attacking Mid,AM,0.007881785782431094,0.3698181912234139,0.3458594956718471,0.023958695551566822,0.27823481154969854,0.027990715371422503,0.6480530027731124,0.5961035918501232,0.051949410922989214
6ynvli3n5395c4eoteg1lod0p,N. Powder,dixqedy703dif9iruxp49xces,606,-0.025294967930673276,-1.0893237865372982,4.247883953187565,Northern Colorado,63.6,30.85,1101.7666666666669,37,Right Attacking Mid,AM,0.0070097094937088536,0.3469968436634019,0.3458594956718471,0.0011373479915547935,0.29889559425462836,0.04865149807635233,0.6458924379180302,0.5961035918501232,0.04978884606790701
3e4gkylxcdo34rieonozdqr4l,S. John-Brown,6n3xfic7o33siizgamee0915g,918,1.2773064745374092,-1.5371481463198011,6.814718565315652,Central Valley Fuego,64.2,32.0,1556.65,5,Wide RAM,Winger,0.007423440702958227,0.394002936355898,0.3497292001831847,0.044273736172713296,0.2870498929770349,-0.00023515218936931426,0.681052829332933,0.637014245349589,0.04403858398334404
1xq85lf7g9twi107qntu0dr3e,M. Osmond,bg197i7zlh6jejajyccrcff56,1748,-0.07404590079960469,3.0362609080243024,-2.7893534892683856,Forward Madison,29.6,53.2,1963.2,17,CB,CB,-0.0015957399824189848,-0.1278737846547243,-0.19769717577755166,0.06982339112282737,0.01203654383023151,-0.026655020820172133,-0.11583724082449279,-0.159005611127148,0.04316837030265522
el1gdq22vbeehgdzuk5y680h6,S. Ritchie,6ihu2mwc488rjv6ca1mg20wes,985,0.36642106944254615,0.6531715385149018,1.380623097311005,One Knoxville,58.7,89.4,1878.95,0,High & Wide LB,FB,0.001401647814528939,0.06613059355384147,0.01981004173290633,0.04632055182093514,0.16217125284726258,-0.004716651438956609,0.22830184640110407,0.18669794601912554,0.04160390038197853
d2zumuakpskcx789pzzcsu978,J. Smith,9feqf3iawhgmv76pzwdebdv8q,1631,-0.65713323020798,3.411934099150669,-3.3693639996420717,Greenville Triumph,34.2,40.0,1850.65,18,RCB,CB,-0.0020658270997192347,-0.163857433857178,-0.19769717577755166,0.03383974192037367,0.04604124819419056,0.007349683543786914,-0.11781618566298743,-0.159005611127148,0.04118942546416057
c5gaqjx3e91w2a7llkr94c31m,J. Mariona,6n3xfic7o33siizgamee0915g,712,0.9583290912622182,-1.1394950460419135,5.7436772338541395,Central Valley Fuego,63.3,41.2,1187.8166666666666,54,Right Winger,Winger,0.00806696240709851,0.4351942227730479,0.3497292001831847,0.08546502258986322,0.24241579029781876,-0.04486925486858548,0.6776100130708667,0.637014245349589,0.04059576772127771
eecchw0xji02pxoauns30bm5l,J. Carrera,6n3xfic7o33siizgamee0915g,1292,2.3722541275660727,-0.4108851316272435,4.031640900419477,Central Valley Fuego,55.5,56.3,1672.2,2,Roaming LCM,CM,0.0031204650932039296,0.21698820777284591,0.18418254847880322,0.032805659294042694,0.22602729872144503,0.006783577370016752,0.44301550649429094,0.4034262698302315,0.039589236664059446
5lfsx6h5cktgy9mbk5hg6mt0q,J. Dengler,40cyh8n6ttq986iydr3hhk0bs,1300,-1.1987088945525193,3.1863310896040855,-3.689699601956985,Tormenta,30.3,39.0,1710.0,9,RCB,CB,-0.002838230463043835,-0.1941947158924729,-0.19769717577755166,0.0035024598850787736,0.06659483648176284,0.027903271831359197,-0.12759987941071005,-0.159005611127148,0.03140573171643796
21aiz5l5hzm13jtpzqqketjis,Javier Martín Gil,2bsqcyameg25qra523lr3bz84,1233,-0.016730527723679195,1.5879640986018984,0.7754271685403785,Spokane Velocity,43.7,12.8,1513.1333333333332,13,Attacking RB,FB,0.0006288947027902502,0.04612180805963392,0.01981004173290633,0.026311766326727593,0.1680003715415579,0.0011124672553387005,0.21412217960119181,0.18669794601912554,0.027424233582066276
ahza0fhih4ok1x14o28sk5p4a,P. Kilwien,40cyh8n6ttq986iydr3hhk0bs,1294,-6.137699112038209e-05,3.4652017646183633,-3.3837960408024133,Tormenta,31.5,71.4,1966.9166666666667,35,LCB,CB,-0.0026149892123666254,-0.1548320011891118,-0.19769717577755166,0.04286517458843986,0.02217705931942474,-0.016514505330978906,-0.13265494186968707,-0.159005611127148,0.026350669257460935
b4cookdvowyvfm2lghy2ezfu1,N. Spielman,1jonibkcr7qa3eozzxh0dcxd5,1531,-0.3951834970022876,3.629799042493038,-3.794269428467829,Charlotte Independence,29.1,68.8,2070.0,35,LCB,CB,-0.0024782948585681443,-0.1649682360203404,-0.19769717577755166,0.03272893975721128,0.029869520869024797,-0.008822043781378849,-0.13509871515131558,-0.159005611127148,0.023906895975832426
e3mvxgy6ggpbhm4lzv20ouig9,S. Fitch,dp2yq55igeru73owerhg95iz4,1339,0.3515829897045153,1.2677670535567274,0.09528979560899767,Richmond Kickers,44.7,10.7,2070.0,8,Deep RB,FB,7.116489589917676e-05,0.004143034591695551,0.01981004173290633,-0.01566700714121078,0.19326509285062496,0.026377188564405768,0.1974081274423205,0.18669794601912554,0.010710181423194964
63u9wjzi0aypii7kvy9qt6ne1,C. Ávilez,6n3xfic7o33siizgamee0915g,613,-2.199885021034874,2.080902745743357,-4.280787766778233,Central Valley Fuego,11.9,49.7,1440.0,40,Top-of-Box GK,GK,-0.006983340565706742,-0.26754923542363956,-0.28089696329183933,0.013347727868199766,-0.017435263327845205,-0.0062052802950581295,-0.2849844987514848,-0.29212694632462644,0.0071424475731416415
5htuxrszecd448kld1yguwpas,C. Garner,9feqf3iawhgmv76pzwdebdv8q,407,-1.8608146223000113,1.7848068279686404,-3.645621450268656,Greenville Triumph,11.15,49.9,1170.0,10,Mobile Box GK,GK,-0.008957300860610948,-0.2804324192514351,-0.28089696329183933,0.0004645440404042467,-0.005725124219668667,0.005504858813118409,-0.2861575434711037,-0.29212694632462644,0.0059694028535227095
9yjbv9btx4yhvugbr6e45asyc,L. Mastrantonio,f0zwopssynz58fycvsh0vqpgq,1422,-0.09372790540277492,3.498019127847598,-3.5022463782059163,Union Omaha,30.9,51.9,1902.983333333333,17,CB,CB,-0.0024629018130843294,-0.16563580380202975,-0.19769717577755166,0.03206137197552192,0.00921232024944464,-0.029479244400959004,-0.15642348355258512,-0.159005611127148,0.002582127574562887
6twhs1y8bihm7vc9dib8hgezt,K. Çela,dp2yq55igeru73owerhg95iz4,421,-0.4192329849412432,1.295770580170592,-1.1125837574366608,Richmond Kickers,27.6,64.1,560.9666666666667,28,LCB,CB,-0.002642716763507508,-0.17849997891015412,-0.19769717577755166,0.019197196867397542,0.019700081345628017,-0.01899148330477563,-0.15879989756452612,-0.159005611127148,0.00020571356262188978
1fs7rq391ssjoyodqa5b9xyax,A. Pack,1jonibkcr7qa3eozzxh0dcxd5,795,-3.348917067043153,3.080898033354304,-6.429815100397462,Charlotte Independence,8.7,50.0,2030.5,26,Box GK,GK,-0.00808781773634901,-0.2849954981707814,-0.28089696329183933,-0.004098534878942073,-0.00884295190708287,0.0023870311257042053,-0.2938384500778643,-0.29212694632462644,-0.001711503753237864
1l3z9lwkuxr3i8m6e9koexudw,C. Torr,6n3xfic7o33siizgamee0915g,1246,-1.6314089300468722,3.7959159983507567,-4.517825588591884,Central Valley Fuego,36.8,24.0,1809.15,33,Wide RCB,CB,-0.0036258632332198107,-0.2247488063307462,-0.19769717577755166,-0.02705163055319454,0.06164073134816207,0.022949166697758427,-0.16310807498258412,-0.159005611127148,-0.0041024638554361115
8svvdqi69pc6it7mnin50q68k,S. Lukic,f4x0hx78zcbx4hgnf6w65z8fe,923,0.7450047529911273,-0.9459103849089823,3.557441813291626,Chattanooga Red Wolves,57.75,44.8,1537.4,43,Half-Space CM,CM,0.003854216482439465,0.2082540413661027,0.18418254847880322,0.024071492887299484,0.1909835453687751,-0.02826017598265318,0.3992375867348778,0.4034262698302315,-0.004188683095353696
5a14hgcyexcxegx7yxswuh562,M. Chilaka,bg197i7zlh6jejajyccrcff56,1157,-0.043046618615343916,2.394617435104033,-2.437664053719387,Forward Madison,31.2,37.1,1341.6833333333334,18,RCB,CB,-0.0021068833653581564,-0.16351829033284915,-0.19769717577755166,0.03417888544470252,-0.008450573452019779,-0.047142138102423424,-0.17196886378486892,-0.159005611127148,-0.012963252657720914
9vw8izvdgvl9afa5cjwrrx2lm,C. Anguiano,9feqf3iawhgmv76pzwdebdv8q,621,0.48938664101468726,-0.17632053355186084,1.0474855342964806,Greenville Triumph,52.6,50.7,700.1666666666666,21,Roaming Deep Mid,DM,0.0016867721969347513,0.13464465330161857,0.09562982742962983,0.039014825871988734,0.13122603222635215,-0.052926956238585704,0.2658706855279707,0.27978281589456766,-0.013912130366596942
1kvjc217588h0ws1xccocijt,J. Crisler,6ihu2mwc488rjv6ca1mg20wes,1252,-1.8260933356866413,3.2585967995643683,-4.6166361297744425,One Knoxville,34.2,27.1,1722.25,33,Wide RCB,CB,-0.003687409049340609,-0.24125257754663948,-0.19769717577755166,-0.043555401769087815,0.0680498111631046,0.029358246512700956,-0.17320276638353488,-0.159005611127148,-0.014197155256386873
enuonl3tkl8vdb22aniwls2ui,G. Fernandes,f4x0hx78zcbx4hgnf6w65z8fe,589,-0.9124937466754957,1.6612493787857323,-2.555850750102124,Chattanooga Red Wolves,30.65,50.4,966.6833333333334,42,CB,CB,-0.004339305178441636,-0.237954415450621,-0.19769717577755166,-0.04025723967306932,0.06334362409419175,0.024652059443788107,-0.17461079135642923,-0.159005611127148,-0.01560518022928123
9eqiiz826tjay2s9w1kdn60dm,S. O'Hearn,6ihu2mwc488rjv6ca1mg20wes,620,0.7486346352202274,0.48912635678125704,0.46430109250927437,One Knoxville,42.85,22.1,779.4,4,Wide RCB / Inverting Deep RB,FB,0.0007488727298536683,0.053614444862502816,0.01981004173290633,0.03380440312959648,0.11669719376261314,-0.05019071052360605,0.17031163862511595,0.18669794601912554,-0.01638630739400959
2xj4wti8hev9h6234ln9q2rkk,C. O'Dwyer,dp2yq55igeru73owerhg95iz4,950,-0.6145871224537468,-0.750485817552207,2.6013224134320856,Richmond Kickers,55.4,55.7,1548.0833333333333,43,Half-Space CM,CM,0.002738234119402195,0.15123153396709116,0.18418254847880322,-0.03295101451171206,0.2328125683350851,0.013568846983656818,0.3840441023021762,0.4034262698302315,-0.019382167528055272
didmp912fc6f7gynoc8ugf5nu,A. Zuluaga,6n3xfic7o33siizgamee0915g,147,-0.9015405486703169,0.8808879561626412,-1.7824285048329604,Central Valley Fuego,10.25,50.1,540.0,3,Goalkeeper,GK,-0.012125363978455513,-0.2970714174721601,-0.28089696329183933,-0.016174454180320763,-0.023193649551988615,-0.011963666519201539,-0.3202650670241487,-0.29212694632462644,-0.028138120699522262
5y3ffas67ufbxhtmjmbq3e9xx,J. Keegan,dixqedy703dif9iruxp49xces,326,0.14685669902861131,-0.9262004743793202,4.059059863479536,Northern Colorado,67.7,57.8,723.8666666666667,52,Roaming Advanced ST,ST,0.0124511038757041,0.5046722062716315,0.48102614461488497,0.023646061656746487,0.2753114054851104,-0.05930074156875287,0.7799836117567418,0.8156382916687483,-0.03565467991200655
1o9gtc0b71tummwmj1ycpxp1w,B. Ndiaye,1jonibkcr7qa3eozzxh0dcxd5,869,0.1496531574018382,0.3244078021908818,1.3250089902184095,Charlotte Independence,45.5,49.0,1223.6333333333334,46,Deep Mid,DM,0.0015247514271788372,0.09745632606689655,0.09562982742962983,0.0018264986372667213,0.14344168327147955,-0.04071130519345831,0.2408980093383761,0.27978281589456766,-0.03888480655619156
1wcq33p7w71u1mkdk349gicph,J. Corrales,ck22dnk93ng8ax7wonlff7yms,1368,-1.8071740592925005,3.1959396585846775,-4.925811290589426,Lexington,33.1,78.8,1780.2,45,Wide LCB,CB,-0.0036007392475068904,-0.24902989335639159,-0.19769717577755166,-0.05133271757883992,0.045131710542871156,0.006440145892467511,-0.20389818281352043,-0.159005611127148,-0.04489257168637242
bv0sydwniy4u9gtm98ydjokid,F. Ross,6ihu2mwc488rjv6ca1mg20wes,551,0.5421905219386152,-1.3718461146658174,4.105777416540484,One Knoxville,68.5,64.6,1098.9,34,Wide LAM,Winger,0.007451501663412856,0.3362635066781723,0.3497292001831847,-0.013465693505012422,0.253817184607133,-0.033467860559271256,0.5900806912853053,0.637014245349589,-0.04693355406428368
3a51d0tbktq371fa6dxvsgk8a,M. Akale,2bsqcyameg25qra523lr3bz84,601,1.9592540209641793,-0.48431143376188474,4.368972560216538,Spokane Velocity,60.2,71.2,1108.4166666666667,6,Left Winger,Winger,0.00726950509187444,0.354747038946986,0.3497292001831847,0.005017838763801297,0.23530771585320925,-0.051977329313194987,0.5900547548001953,0.637014245349589,-0.046959490549393634
8ve8q72ni0yo3066r7qbx0u8k,A. Peláez,2bsqcyameg25qra523lr3bz84,236,-1.6847030714337679,-0.10251924347132776,2.173686312625854,Spokane Velocity,64.5,54.2,562.2333333333333,41,Striker,ST,0.009210535222990908,0.3479547663538155,0.48102614461488497,-0.13307137826106946,0.41948340858970307,0.08487126153583979,0.7674381749435186,0.8156382916687483,-0.048200116725229725
afw0d1iesr2uueu8200rbn561,A. Knight,ck22dnk93ng8ax7wonlff7yms,744,-3.04526512557811,3.905921484709132,-6.951186610287251,Lexington,10.1,49.35,1890.0,50,Advanced Box GK,GK,-0.009342992755762433,-0.3310088862041548,-0.28089696329183933,-0.050111922912315476,-0.010137869514285166,0.0010921135185019103,-0.34114675571844,-0.29212694632462644,-0.04901980939381356
4i620dhlqjnt73wr5adx20991,D. Romig,40cyh8n6ttq986iydr3hhk0bs,216,-1.1828443670584114,1.115155143676393,-2.2979995107348072,Tormenta,7.4,49.0,621.15,7,Deep GK,GK,-0.010638886623772256,-0.3329629815119257,-0.28089696329183933,-0.052066018220086385,-0.010038674855691753,0.001191308177095323,-0.3430016563676175,-0.29212694632462644,-0.050874710042991045
cy9icu1umyyf9w4cngoqc74es,A. Longmire,2bsqcyameg25qra523lr3bz84,1182,-1.5082540866159795,2.8906438047405074,-3.842823880901609,Spokane Velocity,32.5,27.9,1505.1666666666667,9,RCB,CB,-0.00325112003460373,-0.22977797538333172,-0.19769717577755166,-0.03208079960578006,0.01223563326248127,-0.026455931387922377,-0.21754234212085044,-0.159005611127148,-0.058536730993702435
455giqy5a93c8qxrsjx3vzlgq,D. Boyce,bg197i7zlh6jejajyccrcff56,1337,-0.5380590930455935,-0.6776431032141912,4.492320595234831,Forward Madison,60.85,30.1,1818.7833333333333,37,Right Attacking Mid,AM,0.003360000445201818,0.2222963264294637,0.3458594956718471,-0.12356316924238339,0.3142745380555935,0.06403044187731749,0.5365708644850572,0.5961035918501232,-0.059532727365065985
7ryen5rxs6y6uk93saq7vyd7u,D. Wu,9feqf3iawhgmv76pzwdebdv8q,775,-0.4193937236742523,1.7720965794335055,-2.1687468824095855,Greenville Triumph,31.25,65.55,900.4833333333333,28,LCB,CB,-0.0027983830740768846,-0.21675828101596847,-0.19769717577755166,-0.01906110523841681,-0.004145009244220906,-0.04283657389462455,-0.22090329026018937,-0.159005611127148,-0.06189767913304137
72050nfafwyljbkjmr1b56ezu,J. Murphy,bg197i7zlh6jejajyccrcff56,1061,0.058767425291469076,-0.18884799638818864,2.712408788077005,Forward Madison,47.3,49.4,1351.4666666666667,36,Central Mid,CM,0.002556464456245999,0.18063101143961902,0.18418254847880322,-0.003551537039184205,0.1590598914792236,-0.06018382987220469,0.33969090291884263,0.4034262698302315,-0.06373536691138887
3r8kdyekjq8k2owd0bh0wntg5,Victor PC,f0zwopssynz58fycvsh0vqpgq,403,0.23990961507493166,0.15655446542260743,0.11696073477535379,Union Omaha,44.8,62.9,579.7,38,Left Deep Mid,DM,0.00029022514832593993,0.018158471847131,0.09562982742962983,-0.07747135558249883,0.19689704953310103,0.01274406106816317,0.21505552138023204,0.27978281589456766,-0.06472729451433562
dlq9ip7c4yjiizgza6vp8h9g4,I. Yaya,6n3xfic7o33siizgamee0915g,420,-0.36371028975723396,1.4914572708755838,-1.602460504681428,Central Valley Fuego,33.5,37.0,570.1666666666666,9,RCB,CB,-0.0038153821540034,-0.2529461188330813,-0.19769717577755166,-0.05524894305552966,0.0282802370589545,-0.010411327591449145,-0.22466588177412683,-0.159005611127148,-0.06566027064697882
dd2u6cbf15lfoynnufvlspbf8,G. Rankenburg,9feqf3iawhgmv76pzwdebdv8q,390,-1.8203274925814372,2.4072385305655724,-4.227566023147014,Greenville Triumph,10.2,49.5,1080.0,26,Box GK,GK,-0.010839912879864137,-0.35229716859558446,-0.28089696329183933,-0.07140020530374513,-0.007556184752991325,0.0036737982797957506,-0.35985335334857577,-0.29212694632462644,-0.06772640702394933
2m28wyud6xi78nt8e92p9keay,M. Malango,f4x0hx78zcbx4hgnf6w65z8fe,676,0.08650139192683097,-1.2529837448933214,7.397524381568235,Chattanooga Red Wolves,67.95,67.80000000000001,1363.9166666666667,52,Roaming Advanced ST,ST,0.010943083404686738,0.4881362700613242,0.48102614461488497,0.007110125446439242,0.25956642630804505,-0.07504572074581822,0.7477026963693693,0.8156382916687483,-0.06793559529937909
vgezof866rrausmdtsk6tn8p,D. Acoff,f0zwopssynz58fycvsh0vqpgq,803,-0.2367158189497943,0.3988989280801226,-0.4128181501419572,Union Omaha,53.1,11.0,1431.6333333333334,53,High & Wide RB,FB,-0.0005140948320572319,-0.025951919844077496,0.01981004173290633,-0.045761961576983826,0.14334166200371024,-0.023546242282508956,0.11738974215963274,0.18669794601912554,-0.0693082038594928
6a9s7obrfl3v40jei3wl5tzah,K. Fox,ck22dnk93ng8ax7wonlff7yms,888,-1.0826087094827368,2.185982691114031,-3.2830308063416456,Lexington,28.5,59.6,1218.7666666666669,15,Narrow LCB,CB,-0.0036971067638982497,-0.24243588264426996,-0.19769717577755166,-0.0447387068667183,0.008626278955568273,-0.030065285694835374,-0.23380960368870168,-0.159005611127148,-0.07480399256155368
1gqh3i0wcqcnd0tnaz8k5u0dm,F. Parker,40cyh8n6ttq986iydr3hhk0bs,497,-2.3464116771762122,3.132426506969169,-5.478838184145384,Tormenta,9.8,50.1,1358.85,26,Box GK,GK,-0.011023819283994736,-0.36287701848848997,-0.28089696329183933,-0.08198005519665064,-0.006751005056145848,0.004478977976641227,-0.3696280235446358,-0.29212694632462644,-0.07750107722000937
6oo4nkcr7cny8udddlpy4nkr9,D. Benson,6n3xfic7o33siizgamee0915g,429,-0.09931919035487632,-1.196090489360995,4.433996266747941,Central Valley Fuego,67.1,45.6,922.5,47,Box ST,ST,0.010335655633445084,0.4325850016339454,0.48102614461488497,-0.048441142980939544,0.3048217289184049,-0.029790418135458352,0.7374067305523504,0.8156382916687483,-0.07823156111639795
lod57ti10zsr6a7mhg1q1v8q,J. Skelton,6ihu2mwc488rjv6ca1mg20wes,1496,-1.164251916671425,3.547132076851186,-4.932380435150507,One Knoxville,30.6,49.8,1800.0,17,CB,CB,-0.0032970457454214617,-0.24661902175752534,-0.19769717577755166,-0.04892184597997368,0.004520432887261267,-0.034171131763142376,-0.2420985888702641,-0.159005611127148,-0.08309297774311608
aebqqrjc0mtfbolzy8y8olk2x,J. Denton,2bsqcyameg25qra523lr3bz84,1367,0.46573182955190134,0.6407451121448077,0.47162011670488324,Spokane Velocity,45.1,53.1,1498.8666666666666,38,Left Deep Mid,DM,0.00034500374301747126,0.028318603280327023,0.09562982742962983,-0.06731122414930281,0.16575127014528754,-0.018401718319650318,0.19406987342561455,0.27978281589456766,-0.08571294246895311
1rknkp6cfxg6powoea2tttoiy,B. Thompson,2bsqcyameg25qra523lr3bz84,519,-2.694509997129567,3.883261894510713,-6.5777718916402845,Spokane Velocity,8.4,49.9,1620.0,26,Box GK,GK,-0.01267393428061712,-0.3654317717577936,-0.28089696329183933,-0.08453480846595429,-0.012533706710283596,-0.0013037236774965204,-0.3779654784680772,-0.29212694632462644,-0.08583853214345077
2041ool4qi7wsnaa4y987ffca,Z. Vazquez,6n3xfic7o33siizgamee0915g,382,-1.2858550670219762,-0.7342250814362171,4.47850765482464,Central Valley Fuego,65.55,49.55,939.8333333333334,47,Box ST,ST,0.011723842028336755,0.4288693267610047,0.48102614461488497,-0.052156817853880266,0.29548575437852337,-0.039126392675339905,0.7243550811395281,0.8156382916687483,-0.09128321052922028
51dxq7xhe6g3ag3vvv83owqju,C. Young,ck22dnk93ng8ax7wonlff7yms,1027,-1.1830046141608332,1.7718941533222203,-1.0846168877994873,Lexington,43.7,12.2,1800.8666666666668,13,Attacking RB,FB,-0.0010561021302818766,-0.05420474580865908,0.01981004173290633,-0.07401478754156542,0.14919446157976027,-0.017693442706458923,0.09498971577110119,0.18669794601912554,-0.09170823024802435
bvsjecs6ghdsxrk6z0dbz9eui,P. Spengler,40cyh8n6ttq986iydr3hhk0bs,940,0.6903129351323835,-1.2836701313045396,4.203205075811489,Tormenta,60.8,44.45,1241.2333333333331,25,Half-Space AM,AM,0.004471494761501584,0.3047682064798728,0.3458594956718471,-0.0410912891919743,0.19887220138316614,-0.051371894795109896,0.503640407863039,0.5961035918501232,-0.0924631839870842
8n7ciyexoqrzjbigg39iw7vca,J. Villalobos,bg197i7zlh6jejajyccrcff56,1423,1.55530079334041,-0.2693544781601094,2.6065440162293836,Forward Madison,47.3,53.5,1937.3333333333333,36,Central Mid,CM,0.0018317245370550834,0.12108858987989222,0.18418254847880322,-0.063093958598911,0.18983771736470811,-0.029406003986720164,0.31092630724460035,0.4034262698302315,-0.09249996258563115
8vxptg3hrexqg02k1gbrj16hg,Guilherme França,dp2yq55igeru73owerhg95iz4,548,-0.7043349187038541,1.5074165130438355,-1.9637063978254472,Richmond Kickers,29.7,73.2,600.8333333333334,35,LCB,CB,-0.003583405835447896,-0.2941474215882778,-0.19769717577755166,-0.09645024581072612,0.042492168326546245,0.0038006036761426,-0.25165525326173155,-0.159005611127148,-0.09264964213458354
8gm6yotwnqihxn67u5tx9m2cq,O. Ciss,1jonibkcr7qa3eozzxh0dcxd5,946,-0.4323644935589617,0.6928973257244222,0.6592891533242076,Charlotte Independence,41.6,54.0,1523.1833333333334,46,Deep Mid,DM,0.0006969229950573018,0.03895527380103862,0.09562982742962983,-0.05667455362859121,0.14362212984938888,-0.040530858615548976,0.18257740365042752,0.27978281589456766,-0.09720541224414014
5ayndruo1m9cwxp8nlkc2zgmh,J. Gallardo,f0zwopssynz58fycvsh0vqpgq,926,0.4831748698565225,-1.2249934264160987,5.005339803865778,Union Omaha,62.6,37.45,1550.2666666666669,54,Right Winger,Winger,0.005405334561410127,0.29058264106041104,0.3497292001831847,-0.05914655912277367,0.2468099725016565,-0.04047507266474773,0.5373926135620676,0.637014245349589,-0.09962163178752137
8jnmj4fxii9xo32vvgjmioafp,S. Velásquez,9feqf3iawhgmv76pzwdebdv8q,734,0.6565845442648681,-0.8005167782950902,2.5063019431114055,Greenville Triumph,59.150000000000006,36.5,927.9833333333332,37,Right Attacking Mid,AM,0.0034145803039664926,0.24307244190451682,0.3458594956718471,-0.10278705376733027,0.2528083796362335,0.0025642834579574503,0.4958808215407503,0.5961035918501232,-0.10022277030937288
6bak5fjfgdw2vvnswrmlqukfd,N. Nortey,f0zwopssynz58fycvsh0vqpgq,808,0.9005340969121912,0.37370097017529946,0.7006568834908586,Union Omaha,46.6,43.95,1132.4166666666667,21,Roaming Deep Mid,DM,0.0008671496082807656,0.05568543926485593,0.09562982742962983,-0.0399443881647739,0.12335000119459161,-0.06080298727034625,0.17903544045944753,0.27978281589456766,-0.10074737543512013
9n8idci7b4kq83rbepum6ub8q,P. Langlois,dixqedy703dif9iruxp49xces,1007,0.8611761880712058,0.14394391389245145,1.5473716326914808,Northern Colorado,45.3,39.05,1683.1,31,Right Deep Mid,DM,0.0015366153254135857,0.08274222977971202,0.09562982742962983,-0.012887597649917815,0.09057648191565774,-0.09357650654928011,0.17331871169536978,0.27978281589456766,-0.10646410419919788
3bzqqaoozx1s9ez37wwk8ql90,C. Miller,2bsqcyameg25qra523lr3bz84,1223,-2.531876151538434,3.047119202394879,-4.946376499922578,Spokane Velocity,29.3,66.7,1446.2,28,LCB,CB,-0.004044461569846752,-0.3078231814361997,-0.19769717577755166,-0.11012600565864802,0.04021662532834167,0.0015250606779380269,-0.267606556107858,-0.159005611127148,-0.10860094498070999
3tufsrejg0sddkpj3ibf74qju,C. Dimick,1jonibkcr7qa3eozzxh0dcxd5,1151,-0.9041402174881917,2.07632057250138,-1.715902324830737,Charlotte Independence,39.650000000000006,15.45,2070.0,4,Wide RCB / Inverting Deep RB,FB,-0.0014907926366904752,-0.07460444890568423,0.01981004173290633,-0.09441449063859056,0.1524665037803395,-0.0144214005058797,0.07786205487465526,0.18669794601912554,-0.10883589114447027
12bsi0e1s0lz5qollxqsuse6t,D. Corea,1jonibkcr7qa3eozzxh0dcxd5,374,0.22307515200758093,-0.9594177641705263,1.509619525470776,Charlotte Independence,60.3,29.7,580.05,37,Right Attacking Mid,AM,0.0040364158435047485,0.23423111333914293,0.3458594956718471,-0.11162838233270417,0.2526772085380017,0.002433112359725653,0.4869083218771446,0.5961035918501232,-0.10919526997297857
da3z6nhhqd45932cy3qi2kout,M. Canadi,ck22dnk93ng8ax7wonlff7yms,490,0.18592235002596053,0.06116513811546589,0.3558796495975024,Lexington,48.4,57.8,600.8666666666667,36,Central Mid,CM,0.0007262849991785764,0.0533049513987161,0.18418254847880322,-0.13087759708008712,0.23866584783186284,0.019422126480434565,0.29197079923057895,0.4034262698302315,-0.11145547059965255
dhh0p6sdet3puhqt4m8cm5yxg,G. Garnett,dp2yq55igeru73owerhg95iz4,1283,-1.9746722423626286,3.8058554294294,-5.780527671792039,Richmond Kickers,28.8,50.4,1691.55,18,RCB,CB,-0.004505477530625128,-0.30755667314669,-0.19769717577755166,-0.10985949736913833,0.0361203415984335,-0.002571223051970148,-0.2714363315482565,-0.159005611127148,-0.11243072042110852
dh7z6y65k0w1cfo69j83ih91w,T. Bush,f4x0hx78zcbx4hgnf6w65z8fe,819,-5.521056386927973,3.2175840985107094,-8.738640485438689,Chattanooga Red Wolves,9.6,49.6,1980.0,26,Box GK,GK,-0.010669890702611342,-0.397210931156304,-0.28089696329183933,-0.11631396786446468,-0.008374838509971195,0.0028551445228158813,-0.4055857696662752,-0.29212694632462644,-0.11345882334164875
8p2147r97gz3gnxw044xrr4yx,M. Schenfeld,dp2yq55igeru73owerhg95iz4,1380,0.36780096326611766,1.7469321932676856,-1.0702638273972425,Richmond Kickers,39.9,88.4,1787.6833333333334,20,Deep/Inverting LB,FB,-0.0007755534981139438,-0.05388188314434053,0.01981004173290633,-0.07369192487724686,0.12051161805826596,-0.04637628622795323,0.06662973491392543,0.18669794601912554,-0.1200682111052001
dkj34rgt4nacxdvruhgno3i3u,D. Nembhard,6n3xfic7o33siizgamee0915g,621,-1.1999431772658529,2.298559136897787,-3.1588917651387973,Central Valley Fuego,34.55,74.55,923.5166666666668,45,Wide LCB,CB,-0.005086782230497258,-0.30784529302393937,-0.19769717577755166,-0.1101481172463877,0.02602974945887827,-0.012661815191525375,-0.2818155435650611,-0.159005611127148,-0.1228099324379131
1u13z8pks27ou911923rot2j8,O. Lemus,6n3xfic7o33siizgamee0915g,720,-0.7338959612524105,1.3651259332291183,-1.5589267978213945,Central Valley Fuego,53.4,17.3,1069.2666666666669,1,Attacking RB,FB,-0.0021651761080852703,-0.13121461294712153,0.01981004173290633,-0.15102465468002785,0.19151932503385075,0.024631420747631555,0.06030471208672922,0.18669794601912554,-0.12639323393239632
3fvtpu15jpxpnddqvo1cvtyei,M. Lage,2bsqcyameg25qra523lr3bz84,1618,-2.5421954941906586,5.270950181298261,-6.762755866475801,Spokane Velocity,29.15,46.7,2060.05,18,RCB,CB,-0.004179700782741533,-0.29545303656844346,-0.19769717577755166,-0.0977558607908918,0.005371129761284684,-0.03332043488911896,-0.2900819068071588,-0.159005611127148,-0.13107629568001078
b3fcjyez6bx62n84767cxbiay,D. Steedman,40cyh8n6ttq986iydr3hhk0bs,965,-0.14332761943214178,0.539428153319031,0.020377976294778454,Tormenta,48.0,48.1,1242.8166666666666,38,Left Deep Mid,DM,2.1117073880599434e-05,0.0014756946182971967,0.09562982742962983,-0.09415413281133264,0.14527099513132238,-0.03888199333361547,0.14674668974961957,0.27978281589456766,-0.13303612614494809
dntorsr8bza6jf3lf99p1r4t0,P. Hernandez,f4x0hx78zcbx4hgnf6w65z8fe,805,-1.1712846162987065,1.1835399730246388,-1.1878278373004498,Chattanooga Red Wolves,44.25,28.6,1387.9666666666667,1,Attacking RB,FB,-0.0014755625308080123,-0.07702238672185246,0.01981004173290633,-0.0968324284547588,0.13032289409086475,-0.036565010195354436,0.05330050736901229,0.18669794601912554,-0.13339743865011325
9r3eai0azanjm1waopeewfy3u,D. Waldeck,2bsqcyameg25qra523lr3bz84,1572,0.12781532871502374,2.114037601560809,-1.5990217159548985,Spokane Velocity,44.8,87.7,1954.5166666666669,24,Attacking LB,FB,-0.0010171893867397573,-0.07363045651658509,0.01981004173290633,-0.09344049824949142,0.12424688555318711,-0.04264101873303208,0.05061642903660202,0.18669794601912554,-0.13608151698252352
5nwr0jfy6na631d30mcp9ndre,C. Herrera,9feqf3iawhgmv76pzwdebdv8q,1510,0.7257850702195034,0.15733079819766488,0.8630419884584996,Greenville Triumph,46.5,51.05,1613.9666666666667,36,Central Mid,CM,0.0005715509857341057,0.048126011872156566,0.18418254847880322,-0.13605653660664666,0.21226667577078856,-0.006977045580639718,0.2603926876429451,0.4034262698302315,-0.1430335821872864
3n1x0x4dlcl53f0z5l0r9zso9,G. Calixtro,6ihu2mwc488rjv6ca1mg20wes,479,1.1989571818770592,-0.745082404136463,2.9114487957636026,One Knoxville,61.7,17.099999999999994,802.5166666666667,5,Wide RAM,Winger,0.006078181202011697,0.3265108408366068,0.3497292001831847,-0.0232183593465779,0.1588787494420283,-0.12840629572437595,0.4853895902786351,0.637014245349589,-0.15162465507095385
2axflqcowldpal1ffaf2lw3dg,H. Yamazaki,dixqedy703dif9iruxp49xces,690,0.017087685857693255,0.8715372034452942,-0.7184466908673965,Northern Colorado,44.55,83.4,950.8833333333332,16,Inverting Attacking LB,FB,-0.001041227088213618,-0.06800014251106763,0.01981004173290633,-0.08781018424397397,0.10261643948247667,-0.06427146480374252,0.03461629697140904,0.18669794601912554,-0.15208164904771648
exaqbz828d475osubrz02u0yy,L. Folla,f4x0hx78zcbx4hgnf6w65z8fe,990,-2.2776744477594653,3.712543757848115,-5.805051263168618,Chattanooga Red Wolves,26.3,50.9,1525.2,42,CB,CB,-0.005863688144614766,-0.34254826493913954,-0.19769717577755166,-0.14485108916158787,0.03138555382138108,-0.0073060108290225675,-0.31116271111775845,-0.159005611127148,-0.15215709999061044
f3qlyu81youfsj813s7bbinzd,C. Stretch,40cyh8n6ttq986iydr3hhk0bs,925,-0.2064489430084278,1.4433129224900996,-1.2020335007563805,Tormenta,34.75,18.6,1349.6166666666668,4,Wide RCB / Inverting Deep RB,FB,-0.0012994956764933842,-0.08015832772372963,0.01981004173290633,-0.09996836945663597,0.11176997575987373,-0.055117928526345464,0.031611648036144094,0.18669794601912554,-0.15508629798298146
edo31f8n8c4pa8c0pohxkhysq,Jackson Khoury,40cyh8n6ttq986iydr3hhk0bs,730,0.6413827793280974,0.19117066654221698,2.693733838047818,Tormenta,62.6,37.0,1167.6,54,Right Winger,Winger,0.003690046353490162,0.20763621567686164,0.3497292001831847,-0.14209298450632307,0.2726134321111523,-0.014671613055251942,0.48024964778801393,0.637014245349589,-0.15676459756157501
ek2k6sagi13lj3is2n5212p5h,E. Kwakwa,dixqedy703dif9iruxp49xces,508,0.08307998912327728,0.3247633501049371,-0.20950938862192134,Northern Colorado,43.7,54.55,702.5333333333333,46,Deep Mid,DM,-0.00041242005634236484,-0.026839786927272142,0.09562982742962983,-0.12246961435690197,0.14856892543028638,-0.035584063034651475,0.12172913850301424,0.27978281589456766,-0.1580536773915534
2sgayp3b20eybk6ht4t8p9pii,S. Haugli,6ihu2mwc488rjv6ca1mg20wes,1492,-0.3990172784190171,1.3941057102627854,-0.6164768786184698,One Knoxville,40.8,55.4,1904.8666666666663,46,Deep Mid,DM,-0.0004131882564466956,-0.029126930533543358,0.09562982742962983,-0.12475675796317319,0.15038365541797777,-0.03376933304696009,0.12125672488443441,0.27978281589456766,-0.15852609101013326
95p5exnd7bm81vbir9y5zp9be,F. Ngah,1jonibkcr7qa3eozzxh0dcxd5,741,-0.6612991605738773,1.7079369778735929,-1.8743244723343933,Charlotte Independence,39.25,86.1,918.9333333333332,20,Deep/Inverting LB,FB,-0.0025294527291962123,-0.18357066436821182,0.01981004173290633,-0.20338070610111814,0.2101012662344063,0.04321336194818712,0.026530601866194492,0.18669794601912554,-0.16016734415293105
dbsr2s4fnuqr13qdfalxc1ses,J. Sneddon,dp2yq55igeru73owerhg95iz4,293,-1.4798871611692592,1.6040968261863247,-3.0839839873555848,Richmond Kickers,9.15,49.45,630.0,3,Goalkeeper,GK,-0.010525542618961041,-0.4405691410507978,-0.28089696329183933,-0.15967217775895848,-0.01218133982534152,-0.0009513567925544444,-0.45275048087613934,-0.29212694632462644,-0.1606235345515129
ad6gin5xfwzk6tsw2yjnt1kb8,J. Dolling,2bsqcyameg25qra523lr3bz84,800,-2.150839527003642,-0.38708073489253575,4.724179070222381,Spokane Velocity,63.7,51.9,1585.7666666666669,14,Roaming Deep ST,ST,0.005905223837777977,0.2681202255397059,0.48102614461488497,-0.21290591907517908,0.38380523498201696,0.04919308792815369,0.6519254605217228,0.8156382916687483,-0.1637128311470255
aydx7op6jqop79zxlyw2ev5zo,D. Watters,f4x0hx78zcbx4hgnf6w65z8fe,1102,-2.4516110513961573,4.633170576234071,-6.457189369918041,Chattanooga Red Wolves,29.6,50.75,1666.5166666666669,42,CB,CB,-0.005859518484499129,-0.3487196107405408,-0.19769717577755166,-0.15102243496298914,0.02411494597938775,-0.014576618671015895,-0.32460466476115307,-0.159005611127148,-0.16559905363400507
dg8v1qfph32jysm1oiasswg7o,J. Roberts,f4x0hx78zcbx4hgnf6w65z8fe,815,-1.1436543511951232,0.6526847844935726,-1.353665876949356,Chattanooga Red Wolves,38.7,88.9,1553.6833333333334,20,Deep/Inverting LB,FB,-0.0016609397263182282,-0.07841361641182266,0.01981004173290633,-0.098223658144729,0.09779143270603911,-0.06909647158018008,0.01937781629421645,0.18669794601912554,-0.1673201297249091
bmlit85nr640d79etfmjroqtx,C. Fernández,2bsqcyameg25qra523lr3bz84,1111,0.33652716752532696,1.3036043000786277,-0.8095815511674525,Spokane Velocity,45.45,57.7,1175.1166666666668,38,Left Deep Mid,DM,-0.0007286962656772749,-0.062004345331729376,0.09562982742962983,-0.15763417276135921,0.17431272723893337,-0.009840261226004482,0.11230838190720399,0.27978281589456766,-0.16747443398736367
5sjyqe4344kkdx6v15jbb0is4,H. Anderson,9feqf3iawhgmv76pzwdebdv8q,657,0.26952637796124806,0.11100534342727682,2.3619889726159844,Greenville Triumph,58.4,24.6,1012.0333333333332,54,Right Winger,Winger,0.0035951125915007374,0.21005138915263527,0.3497292001831847,-0.13967781103054944,0.25653810001352145,-0.030746945152882788,0.4665894891661567,0.637014245349589,-0.17042475618343222
3uyvzfylq1i5xnl6i90uap6uh,A. Walker,40cyh8n6ttq986iydr3hhk0bs,547,-0.2055443263048863,0.5100041444143042,-0.4185549929319936,Tormenta,46.7,41.4,676.0166666666667,21,Roaming Deep Mid,DM,-0.0007651828024350889,-0.055723403314335576,0.09562982742962983,-0.1513532307439654,0.16307644846470398,-0.021076540000233873,0.1073530451503684,0.27978281589456766,-0.17242977074419924
b5pudmctr0v4lqa2ezg6gxld6,B. Bustamante,6n3xfic7o33siizgamee0915g,579,-1.5948264103291847,2.3425598919375585,-3.93738630226675,Central Valley Fuego,29.3,63.4,966.6,15,Narrow LCB,CB,-0.00680032176557297,-0.3666095253507216,-0.19769717577755166,-0.16891234957316995,0.028685508541912083,-0.010006056108491562,-0.3379240168088095,-0.159005611127148,-0.1789184056816615
47qjwuunr527xutfx0rqc6lm,N. Shultz,9feqf3iawhgmv76pzwdebdv8q,1104,-0.9176724592656851,1.4143274985561427,-2.256784570759755,Greenville Triumph,42.3,13.1,1566.0833333333333,4,Wide RCB / Inverting Deep RB,FB,-0.002044188922789633,-0.12969336116748448,0.01981004173290633,-0.1495034029003908,0.13637130280696683,-0.030516601479252364,0.006677941639482349,0.18669794601912554,-0.1800200043796432
8n2bppwta5ug4nawajawt0n6y,A. Lombardi,40cyh8n6ttq986iydr3hhk0bs,893,-1.0608262536918114,1.3730358501577062,-2.2387431093333934,Tormenta,41.4,86.6,1241.4666666666667,16,Inverting Attacking LB,FB,-0.0025069911638671816,-0.16229745449468808,0.01981004173290633,-0.1821074962275944,0.1606670121166077,-0.006220892169611497,-0.0016304423780803823,0.18669794601912554,-0.18832838839720592
6df08vjd9oynh6tgj5n2mbd1x,C. Marsh,f4x0hx78zcbx4hgnf6w65z8fe,512,0.28756120069165747,-1.2691890082481203,5.8603917036547335,Chattanooga Red Wolves,64.8,50.0,1264.2333333333331,14,Roaming Deep ST,ST,0.011446077546200651,0.41719771138945294,0.48102614461488497,-0.06382843322543202,0.19997490946042243,-0.13463723759344084,0.6171726208498753,0.8156382916687483,-0.198465670818873
21dj727h17dk7bc4ts8irjhzp,H. Roberts,1jonibkcr7qa3eozzxh0dcxd5,627,-1.499567632166756,2.325329739299803,-3.7119554914239066,Charlotte Independence,27.9,37.9,904.6833333333334,12,Narrow RCB,CB,-0.005920184196848336,-0.36927395688526543,-0.19769717577755166,-0.17157678110771377,0.011205834915392635,-0.02748572973501101,-0.3580681219698728,-0.159005611127148,-0.1990625108427248
3grqr9afv6w18043yx4nrpsa2,M. Méndez,ck22dnk93ng8ax7wonlff7yms,1364,-2.6328460666875926,4.460849112589719,-7.01033531986977,Lexington,29.3,26.5,1593.85,9,RCB,CB,-0.0051395420233649345,-0.39585292140934175,-0.19769717577755166,-0.1981557456317901,0.03331817907323492,-0.005373385577168724,-0.36253474233610683,-0.159005611127148,-0.20352913120895882
8m84hom6lsjdyii046vwvvdp0,C. Heckenberg,6n3xfic7o33siizgamee0915g,1254,0.2346391814637783,0.7919130822781872,1.1920467125880947,Central Valley Fuego,50.5,44.2,1767.8833333333332,36,Central Mid,CM,0.0009505954645838076,0.06068511542028331,0.18418254847880322,-0.1234974330585199,0.13570960650745426,-0.08353411484397402,0.19639472192773758,0.4034262698302315,-0.20703154790249392
1cqnjzgntshx2ag3crh0p2uzu,A. Diouf,ck22dnk93ng8ax7wonlff7yms,851,0.6151946056450367,-1.524758970353214,7.003352152687724,Lexington,60.6,53.7,1673.2833333333333,14,Roaming Deep ST,ST,0.008229555996107784,0.37668557451431534,0.48102614461488497,-0.10434057010056963,0.22892829283759564,-0.10568385421626764,0.6056138673519109,0.8156382916687483,-0.21002442431683743
jbh7l38xqsl14svx9rdu9hw5,R. Sierakowski,dp2yq55igeru73owerhg95iz4,584,-1.2492623377942926,-0.32358035634760773,2.131649392950402,Richmond Kickers,60.05,73.1,1140.95,6,Left Winger,Winger,0.0036500845769698665,0.16814798664756228,0.3497292001831847,-0.18158121353562243,0.25489843199712064,-0.032386613169283596,0.42304641864468295,0.637014245349589,-0.213967826704906
5csmpw39d1ly14fv8eaba5rvu,J. Vaughan,dp2yq55igeru73owerhg95iz4,854,-0.5127590637014672,1.208803675194711,-1.0282270311533783,Richmond Kickers,42.45,38.55,1144.8166666666666,21,Roaming Deep Mid,DM,-0.0012040129170414267,-0.08083428159135005,0.09562982742962983,-0.17646410902097986,0.12926829709263218,-0.05488469137230567,0.04843401550128214,0.27978281589456766,-0.23134880039328554
6ki7cq3dsamhsfb1x1a7i5x3p,C. Doyle,40cyh8n6ttq986iydr3hhk0bs,624,-0.08088821568114873,0.9041913210952524,-0.7714376453716157,Tormenta,42.2,48.0,998.5166666666668,38,Left Deep Mid,DM,-0.0012362782778391277,-0.06953252799997871,0.09562982742962983,-0.16516235542960855,0.11688128400411757,-0.06727170446082029,0.04734875600413886,0.27978281589456766,-0.2324340598904288
5ulmvt2y2v42prk4kdadcdyp5,K. Belmar,1jonibkcr7qa3eozzxh0dcxd5,374,0.17148748092264565,-0.5615279196481487,2.1965084110844284,Charlotte Independence,63.7,68.8,640.8333333333334,52,Roaming Advanced ST,ST,0.005873017141936975,0.3084823256139379,0.48102614461488497,-0.17254381900094706,0.2730003889288583,-0.06161175812500497,0.5814827145427962,0.8156382916687483,-0.23415557712595214
c7xfrcywzfkh6ysuhv3bk8fvu,R. Djédjé,1jonibkcr7qa3eozzxh0dcxd5,1072,-2.320968841639216,4.9971632518788605,-7.025839509278693,Charlotte Independence,29.3,32.4,1536.1833333333334,9,RCB,CB,-0.006553954766118184,-0.4116211536177859,-0.19769717577755166,-0.21392397784023423,0.008215286917733359,-0.03047627773267029,-0.4034058667000525,-0.159005611127148,-0.2444002555729045
3mzeohjoxuggovjk1jzagpyvp,E. Terzaghi,dp2yq55igeru73owerhg95iz4,352,0.5782908631873044,-0.3680671501343553,3.7058187603640995,Richmond Kickers,57.35,49.9,905.7833333333332,47,Box ST,ST,0.010527894205579829,0.3682157489091604,0.48102614461488497,-0.11281039570572454,0.18818358333208604,-0.14642856372177723,0.5563993322412465,0.8156382916687483,-0.25923895942750186
1obodv132w5wxq4nb008ty06i,Lucas Coutinho,f4x0hx78zcbx4hgnf6w65z8fe,465,0.48389381308356216,-0.41214940756775936,1.481845275333136,Chattanooga Red Wolves,57.65,72.2,792.65,51,Left Attacking Mid,AM,0.003186764032974486,0.16825342178765185,0.3458594956718471,-0.17760607388419525,0.16747711677599245,-0.08276697940228359,0.3357305385636443,0.5961035918501232,-0.26037305328647886
641y4ji285n1knqul0flhzsyy,R. Castro Jr.,6ihu2mwc488rjv6ca1mg20wes,384,-0.6567470759943992,-0.22496517147471262,1.6308772513549643,One Knoxville,62.150000000000006,46.6,706.1833333333334,14,Roaming Deep ST,ST,0.004247076175403553,0.20784822537388323,0.48102614461488497,-0.27317791924100177,0.3322817970171999,-0.0023303500366633756,0.5401300223910831,0.8156382916687483,-0.27550826927766525
a0r2fx204amflk1vjf5evgx2i,A. Caputo,ck22dnk93ng8ax7wonlff7yms,1262,0.044029736014963426,2.237724016942253,-2.100196037223192,Lexington,40.3,51.2,1663.0,46,Deep Mid,DM,-0.0016641806951055405,-0.11366063941676927,0.09562982742962983,-0.2092904668463991,0.11261053740762053,-0.07154245105731732,-0.0010501020091487345,0.27978281589456766,-0.2808329179037164
24epvbshqjzm4ivhelxkctcve,L. Opara,dixqedy703dif9iruxp49xces,1239,0.7906474716406497,0.006994865092929847,2.8724643565941284,Northern Colorado,50.25,65.4,1693.3833333333334,6,Left Winger,Winger,0.0023183731691639453,0.15266584181183912,0.3497292001831847,-0.1970633583713456,0.2015263836900371,-0.08575866147636715,0.35419222550187623,0.637014245349589,-0.2828220198477127
4b90xcjwvxulvevwx99dj22y2,T. D'Almeida,40cyh8n6ttq986iydr3hhk0bs,605,-0.09493386796259942,0.758891553293171,-0.15161868767957176,Tormenta,46.7,51.75,867.65,36,Central Mid,CM,-0.0002506094011232591,-0.015727173273971603,0.18418254847880322,-0.19990972175277483,0.13074573339061382,-0.08849798796081446,0.11501856011664222,0.4034262698302315,-0.2884077097135893
616x42afdja89ng8xzh47dxbd,T. Mbuyu,1jonibkcr7qa3eozzxh0dcxd5,554,-0.20687194699599146,0.1545966213810992,0.9588942843203805,Charlotte Independence,59.4,71.05000000000001,1023.2,6,Left Winger,Winger,0.0017308561088815533,0.0843437114824416,0.3497292001831847,-0.2653854887007431,0.24675233423817333,-0.04053271092823091,0.3310960457206149,0.637014245349589,-0.30591819962897404
4f03usm5tnljkqleajmz9kmol,C. Lancaster,ck22dnk93ng8ax7wonlff7yms,492,-0.53034545366835,-0.9841302465007019,4.364727133126248,Lexington,63.150000000000006,50.0,1312.2666666666669,14,Roaming Deep ST,ST,0.00887139661204522,0.29934879240603707,0.48102614461488497,-0.1816773522088479,0.20969649310017743,-0.12491565395368584,0.5090452855062145,0.8156382916687483,-0.3065930061625338
3qt6pi6jiz2g55a8cud3r9dqt,Ualefi,f4x0hx78zcbx4hgnf6w65z8fe,966,-0.4696430905966886,1.3988312380904628,-1.886773559763101,Chattanooga Red Wolves,37.3,48.2,1533.2833333333333,46,Deep Mid,DM,-0.001953181738885198,-0.11074901597574645,0.09562982742962983,-0.20637884340537627,0.06447270945187815,-0.1196802790130597,-0.0462763065238683,0.27978281589456766,-0.32605912241843593
5ok7sc9enrltxss201yo8cciy,O. Gómez Tapia,f4x0hx78zcbx4hgnf6w65z8fe,490,-0.61134577061461,1.2181680369748455,-1.4702167472576402,Chattanooga Red Wolves,47.3,47.1,597.1666666666666,38,Left Deep Mid,DM,-0.003000442341342123,-0.22157885668968064,0.09562982742962983,-0.31720868411931047,0.17086150055450766,-0.013291487910430194,-0.050717356135172975,0.27978281589456766,-0.33050017202974064
d9lx4jhdt6kd6zckl54yznpx,Z. Morán,dp2yq55igeru73owerhg95iz4,992,-0.08972892741813458,1.5596341774298421,-0.9749405009202666,Richmond Kickers,45.3,49.1,1543.65,36,Central Mid,CM,-0.000982802924314785,-0.05684231858440967,0.18418254847880322,-0.24102486706321288,0.11719991293761886,-0.10204380841380942,0.06035759435320919,0.4034262698302315,-0.3430686754770223
35gw2u5bmazcn9vfiti4puy21,J. Dietrich,dixqedy703dif9iruxp49xces,693,0.14946075546969878,-0.2595839690778379,2.1260947010648374,Northern Colorado,51.5,69.6,995.45,51,Left Attacking Mid,AM,0.0030679577215942822,0.1922231383754436,0.3458594956718471,-0.1536363572964035,0.03599572145866807,-0.21424837471960795,0.22821885983411166,0.5961035918501232,-0.3678847320160115
bct55w8vc87m5uvfz0kciyfpw,T. Robertson,ck22dnk93ng8ax7wonlff7yms,535,-0.1099380363611637,0.6299589060962749,0.12883711281797147,Lexington,55.55,32.8,907.7833333333332,54,Right Winger,Winger,0.00024081703330461958,0.012773246354986433,0.3497292001831847,-0.33695595382819826,0.22923253158924486,-0.058052513577159376,0.2420057779442313,0.637014245349589,-0.39500846740535767
ayd3hhutk6ahrbet7d5jz9vdg,O. Green,f4x0hx78zcbx4hgnf6w65z8fe,644,-1.8177474668908344,2.237689878941871,-4.044601031508007,Chattanooga Red Wolves,34.6,14.9,1181.2166666666667,4,Wide RCB / Inverting Deep RB,FB,-0.006280436384329203,-0.308168774711713,0.01981004173290633,-0.32797881644461935,0.080933830602247,-0.08595407368397219,-0.22723494410946599,0.18669794601912554,-0.4139328901285915
e59usmu5w20s5bg44d37f8qcq,O. Hernandez,f4x0hx78zcbx4hgnf6w65z8fe,487,-0.7398178607544114,0.5495735580715387,-0.3400446611993738,Chattanooga Red Wolves,50.85,59.35,988.3333333333334,25,Half-Space AM,AM,-0.0006982436574935807,-0.030965281121022235,0.3458594956718471,-0.37682477679286935,0.16943999866014361,-0.08080409751813242,0.13847471753912138,0.5961035918501232,-0.4576288743110018
8o6r2xt9vdhp9geer47q2bzyt,F. Sousa,bg197i7zlh6jejajyccrcff56,801,-0.5419444906331232,1.4251653211752409,-0.056332902391697005,Forward Madison,56.6,73.9,1180.2333333333331,6,Left Winger,Winger,-7.032821771747441e-05,-0.0042957278633485455,0.3497292001831847,-0.35402492804653324,0.17693558150504124,-0.110349463661363,0.17263985364169268,0.637014245349589,-0.4643743917078963
