,Team,League,Season,Matches,Long Balls,GK Buildup,GK Height,Wing Play,Circulation,Territory,Crossing,High Press,Counters,Low Block,contestantId
0,Adelaide United,A-League Women,22-23,18,12.432915921288014,42.67399267399267,14.224,45.06172839506173,44.95777446597119,52.99926847110461,36.982968369829685,10.380333951762523,0.0125,44.52784313725491,3phukn9kv66wop52orze7x414
1,Brisbane Roar,A-League Women,22-23,17,9.056024558710668,41.8426103646833,14.2,34.385964912280706,42.43360098826436,39.362657091561935,36.98630136986301,13.012765957446808,0.0060975609756097,40.71896551724137,91aivk3lj1ho78ac73ulfa2sf
2,Canberra United,A-League Women,22-23,18,13.608247422680412,36.34577603143418,14.0,44.39324116743472,41.78617992177314,51.09308885754584,42.950108459869845,12.374509803921567,0.025,42.69912195121951,3xwecbfhkevrgr74iwq00yege
3,Melbourne City,A-League Women,22-23,19,7.571168988491824,40.250447227191415,13.5,43.6982520699172,51.201011378002526,62.45944192083063,25.570776255707763,9.367816091954024,0.0080321285140562,44.39356783919599,6l09hlipvei5y89k8eist1gh
4,Melbourne Victory,A-League Women,22-23,20,8.856088560885608,46.35036496350365,13.1,44.057623049219686,47.20113851992409,51.96466646360036,44.91725768321513,11.276923076923078,0.0103626943005181,45.45929694727104,trkzv6lll4lsq6r4bafwzxp8
5,Newcastle Jets,A-League Women,22-23,18,11.969839773798304,44.4043321299639,14.0,38.63275039745628,38.81099270891755,42.85714285714285,32.82674772036474,12.576771653543307,0.03954802259887,42.045595353339785,10bon9awbwnez94w9dcsfxgk3
6,Perth Glory,A-League Women,22-23,18,9.956709956709958,33.55119825708061,12.8,37.15925394548063,45.89896795219989,37.79904306220095,28.719723183391004,13.093886462882097,0.027027027027027,41.11474296799224,5m9xyscemfdaoshwv8w2nfij8
7,Sydney,A-League Women,22-23,21,16.282420749279538,25.83732057416268,13.836000000000002,45.33169533169533,45.0187969924812,66.55290102389078,28.52112676056338,9.938718662952644,0.0376175548589341,46.83912018853103,ezzu9xtrjsagi3id3hjrcizf1
8,Wellington Phoenix,A-League Women,22-23,18,8.771929824561402,56.34146341463415,13.804000000000002,41.34742404227213,47.03947368421053,45.0,44.59833795013851,11.853556485355648,0.0128205128205128,39.49290322580645,7213z0g9qz2msv8wbbi1xpzpw
9,Western Sydney Wanderers,A-League Women,22-23,18,9.296685529506872,38.43416370106762,13.3,42.29765013054831,43.6291522062469,45.73002754820937,42.89940828402367,12.845070422535212,0.0121212121212121,43.08987854251012,loj22mimups3h7xbyfjtwsi9
10,Western United,A-League Women,22-23,19,14.6455223880597,29.9492385786802,13.1,38.10198300283286,42.208955223880594,44.88778054862843,44.935064935064936,11.180790960451978,0.0116279069767441,43.177639155470246,ejca8s2gjx2fhcfopx6aqr8k4
11,Adelaide United,A-League Women,23-24,22,11.701492537313433,39.16666666666666,13.948000000000002,37.70028275212064,41.69381107491857,49.53242835595777,38.009049773755656,12.295025728987993,0.0351758793969849,43.98473214285715,3phukn9kv66wop52orze7x414
12,Brisbane Roar,A-League Women,23-24,22,11.437648927720414,38.69047619047619,14.7,38.90608875128999,43.75815571987821,50.86883408071749,41.57782515991471,14.17659137577002,0.0436507936507936,41.749812382739215,91aivk3lj1ho78ac73ulfa2sf
13,Canberra United,A-League Women,23-24,22,15.2332361516035,37.908496732026144,14.3,38.24324324324324,40.29325513196481,40.06447831184056,43.45794392523364,15.60183066361556,0.0466321243523316,38.88315688161694,3xwecbfhkevrgr74iwq00yege
14,Central Coast Mariners,A-League Women,23-24,25,15.622641509433963,30.183356840620597,13.9,36.328502415458935,42.81018898931799,47.17880794701987,37.87085514834206,12.04264705882353,0.0610169491525423,42.47042772861357,c535liylsox5safxy4qwerxx8
15,Melbourne City,A-League Women,23-24,25,9.311926605504588,40.53708439897698,12.9,41.54589371980676,49.34782608695652,64.7184300341297,24.956063268892795,10.79513888888889,0.0266666666666666,43.76540880503145,6l09hlipvei5y89k8eist1gh
16,Melbourne Victory,A-League Women,23-24,23,11.732851985559568,38.53503184713376,12.536,40.89219330855018,46.14736842105263,50.95971884293052,46.026490066225165,11.146645865834634,0.0354609929078014,44.0911597729116,trkzv6lll4lsq6r4bafwzxp8
17,Newcastle Jets,A-League Women,23-24,25,15.372297838270615,24.19547079856973,14.838,44.87320837927233,41.855969067182215,54.90196078431373,43.3641975308642,11.344585091420534,0.0369127516778523,44.45239852398524,10bon9awbwnez94w9dcsfxgk3
18,Perth Glory,A-League Women,23-24,22,9.6640826873385,42.06586826347306,13.0,25.77903682719547,44.98506188647033,36.06793321819228,36.17647058823529,14.568825910931174,0.0220588235294117,41.11113155473781,5m9xyscemfdaoshwv8w2nfij8
19,Sydney,A-League Women,23-24,25,18.59504132231405,34.43526170798898,12.866000000000003,41.2972972972973,41.28440366972477,53.15251011182489,30.93645484949833,12.359781121751023,0.077639751552795,43.17085292142377,ezzu9xtrjsagi3id3hjrcizf1
20,Wellington Phoenix,A-League Women,23-24,22,12.455516014234876,23.937007874015748,14.0,37.66497461928934,49.54058192955589,41.712949429991234,36.15160349854227,12.928712871287129,0.045045045045045,39.511367521367525,7213z0g9qz2msv8wbbi1xpzpw
21,Western Sydney Wanderers,A-League Women,23-24,22,17.602283539486205,27.703984819734345,13.248,40.27210884353741,39.48571428571429,49.98672683833289,44.09448818897638,13.041666666666666,0.0394736842105263,43.95381205673759,loj22mimups3h7xbyfjtwsi9
22,Western United,A-League Women,23-24,23,13.191489361702128,33.97683397683398,13.588,37.34309623430963,43.63218390804598,54.006410256410255,46.08843537414966,12.585365853658535,0.0387323943661971,44.50613810741688,ejca8s2gjx2fhcfopx6aqr8k4
23,Adelaide United,A-League Women,24-25,26,11.736237144585605,34.78260869565217,13.8,34.89242282507016,43.02325581395349,49.80042263442122,38.87884267631103,11.6797583081571,0.0408921933085501,44.024184566428,3phukn9kv66wop52orze7x414
24,Brisbane Roar,A-League Women,24-25,23,10.54287962234461,30.466830466830466,12.28,36.75977653631285,42.17625899280576,54.7207258293167,41.37254901960784,11.152597402597404,0.0395256916996047,43.04593301435407,91aivk3lj1ho78ac73ulfa2sf
25,Canberra United,A-League Women,24-25,23,20.20872865275142,24.59807073954984,14.4,31.0719131614654,39.82142857142857,40.94052558782849,36.63594470046083,13.696060037523452,0.0754716981132075,40.27327800829876,3xwecbfhkevrgr74iwq00yege
26,Central Coast Mariners,A-League Women,24-25,27,12.774806892453952,32.91139240506329,13.5,37.820043891733725,46.13953488372093,44.75363798825632,36.64259927797834,11.931133428981347,0.0668896321070234,42.9552387740556,c535liylsox5safxy4qwerxx8
27,Melbourne City,A-League Women,24-25,25,11.336227689339122,34.104046242774565,13.8,36.177972283005104,49.27307206068268,57.10955710955711,26.08695652173913,10.189969604863222,0.0374531835205992,45.81086773378264,6l09hlipvei5y89k8eist1gh
28,Melbourne Victory,A-League Women,24-25,26,12.470449172576831,36.85968819599109,14.689999999999998,40.50966608084359,43.247654018767854,54.02271651680076,44.01993355481728,11.458333333333334,0.0333333333333333,44.28822618125485,trkzv6lll4lsq6r4bafwzxp8
29,Newcastle Jets,A-League Women,24-25,23,13.009404388714737,32.520325203252035,14.7,39.10891089108911,43.24457593688363,49.9736564805058,44.82758620689656,11.62642740619902,0.0483870967741935,44.3007880910683,10bon9awbwnez94w9dcsfxgk3
30,Perth Glory,A-League Women,24-25,23,11.811023622047244,33.75262054507338,12.6,41.23222748815166,39.57746478873239,41.57585917854149,40.3598971722365,11.04186046511628,0.0769230769230769,43.1161216730038,5m9xyscemfdaoshwv8w2nfij8
31,Sydney,A-League Women,24-25,22,14.55767077267637,35.88709677419355,12.308000000000002,40.20752269779507,37.65076035658102,49.06478720520467,27.94117647058824,12.807106598984772,0.0412844036697247,42.19322834645669,ezzu9xtrjsagi3id3hjrcizf1
32,Wellington Phoenix,A-League Women,24-25,23,13.989169675090253,34.11371237458194,17.3,43.78563283922463,43.74449339207048,59.79299363057324,45.15570934256055,10.287373004354135,0.0114503816793893,44.174941084053415,7213z0g9qz2msv8wbbi1xpzpw
33,Western Sydney Wanderers,A-League Women,24-25,23,12.79333838001514,30.852994555353902,12.2,35.92592592592593,42.18248509857863,45.43610547667343,41.95652173913044,13.50268336314848,0.0631067961165048,41.27427144046628,loj22mimups3h7xbyfjtwsi9
34,Western United,A-League Women,24-25,24,15.449202350965574,36.39191290824261,14.3,38.68225292242296,42.49667994687915,52.15718604012092,43.31103678929766,11.667721518987342,0.0094043887147335,45.9654740608229,ejca8s2gjx2fhcfopx6aqr8k4
35,Adelaide United,A-League Women,25-26,21,13.451327433628318,31.329113924050635,14.4,39.35018050541516,45.86501901140685,55.86289837642814,42.0353982300885,10.115027829313544,0.0390243902439024,44.42802030456853,3phukn9kv66wop52orze7x414
36,Brisbane Roar,A-League Women,25-26,23,14.716106604866743,29.97946611909651,14.728000000000003,38.265306122448976,41.1,54.60346399270738,37.57700205338809,11.46984126984127,0.0550847457627118,44.61968040370059,91aivk3lj1ho78ac73ulfa2sf
37,Canberra United,A-League Women,25-26,21,17.4,21.96339434276206,14.7,39.78201634877384,40.430622009569376,56.42900670322973,40.72948328267477,10.888482632541134,0.0377358490566037,45.11878121878123,3xwecbfhkevrgr74iwq00yege
38,Central Coast Mariners,A-League Women,25-26,20,10.493827160493826,45.6656346749226,13.3,43.62980769230769,46.78811121764142,45.29721595184349,40.055248618784525,12.00739371534196,0.1034482758620689,42.47819004524887,c535liylsox5safxy4qwerxx8
39,Melbourne City,A-League Women,25-26,23,11.213801601971657,39.037927844588346,18.3,38.60510805500982,46.37130801687764,56.778741865509765,30.567685589519648,12.15575221238938,0.0234741784037558,46.45344655344656,6l09hlipvei5y89k8eist1gh
40,Melbourne Victory,A-League Women,25-26,23,10.40828062104658,50.05549389567148,17.6,37.56967670011148,43.74672946101518,50.86256469235193,43.53982300884956,12.137931034482758,0.0231481481481481,45.329006882989184,trkzv6lll4lsq6r4bafwzxp8
41,Newcastle Jets,A-League Women,25-26,20,13.646055437100213,31.498829039812648,14.336000000000002,33.78561736770692,42.93849658314351,42.528,36.6742596810934,13.357466063348417,0.0537190082644628,42.47963163596966,10bon9awbwnez94w9dcsfxgk3
42,Perth Glory,A-League Women,25-26,20,10.73943661971831,33.624454148471614,13.02,40.04683840749414,46.90014197823,49.23435419440746,43.58974358974359,11.718199608610568,0.0392156862745098,43.0599615014437,5m9xyscemfdaoshwv8w2nfij8
43,Sydney,A-League Women,25-26,20,12.1374865735768,35.265700483091784,13.6,36.16398243045388,41.53846153846154,39.5869191049914,36.52173913043478,12.775898520084567,0.0454545454545454,40.7544466403162,ezzu9xtrjsagi3id3hjrcizf1
44,Wellington Phoenix,A-League Women,25-26,23,14.9438202247191,32.68817204301075,13.4,41.798298906439854,43.58397118415128,51.35301353013531,39.31623931623932,11.962585034013603,0.0389105058365758,43.65296803652968,7213z0g9qz2msv8wbbi1xpzpw
45,Western Sydney Wanderers,A-League Women,25-26,20,13.386613386613384,26.824034334763947,12.9,40.18817204301075,42.11076280041797,45.75062034739454,44.44444444444444,14.919908466819225,0.0520231213872832,40.91782383419689,loj22mimups3h7xbyfjtwsi9
46,Bayer Leverkusen,Frauen-Bundesliga,22-23,22,8.322411533420707,32.779456193353475,13.1,37.95986622073579,52.41903238704519,51.63312438139228,37.24489795918368,13.877917414721724,0.0210526315789473,43.328359592215016,dpp6fex0mdxsxhdct2qf66x5n
47,Bayern München,Frauen-Bundesliga,22-23,22,7.826747720364742,43.95604395604396,14.0,51.83783783783784,59.009009009009006,74.13935554943542,31.789137380191697,10.446254071661238,0.0067796610169491,49.10421810699588,bpx4ib85d65u9oyhglkt36k1b
48,Eintracht Frankfurt,Frauen-Bundesliga,22-23,22,12.126696832579183,40.34334763948498,13.5,49.46852003270646,49.765572672471535,65.41778174249183,40.16260162601626,11.306799336650084,0.0431654676258992,44.417953165654815,e8os1xpomlperuedy2f9a9ttu
49,Freiburg,Frauen-Bundesliga,22-23,22,10.634208840486869,35.36036036036036,13.9,41.94395796847636,47.85391566265061,51.08848314606742,34.2,11.896610169491526,0.0176211453744493,42.784206008583695,6yhza3xbfafj5c9897mbkbudn
50,Hoffenheim,Frauen-Bundesliga,22-23,22,8.271474019088016,42.67515923566879,14.494000000000003,43.14128943758573,50.70761818729298,54.12013281014186,33.71212121212121,13.80239520958084,0.0204081632653061,43.33447927199192,eyecbfb1ur2104bhhwazhvrf
51,Köln,Frauen-Bundesliga,22-23,22,8.99400399733511,50.495049504950494,20.5,35.69096844396083,44.61612747464993,39.39923157527069,36.91860465116279,11.359400998336106,0.0206896551724137,42.16616362192216,4e5523it4v7s6kkakelbj9si5
52,MSV Duisburg,Frauen-Bundesliga,22-23,22,14.312796208530806,28.94333843797856,13.9,36.11111111111111,39.865689865689866,21.49667726090725,40.27777777777778,21.6284289276808,0.0344827586206896,35.43929203539823,bax97wqmyvdu4xygi7wzcvdzd
53,Meppen,Frauen-Bundesliga,22-23,22,11.353711790393014,41.06217616580311,12.3,36.173393124065775,41.36868064118372,31.36876006441224,39.163498098859314,12.941489361702128,0.0598290598290598,39.71010971786834,nuaf3wtujl8erbciumch6c65
54,SGS Essen,Frauen-Bundesliga,22-23,22,11.302475780409042,33.903133903133906,15.0,44.96124031007752,44.90876986462625,46.55436447166922,40.76433121019109,15.2439446366782,0.0618556701030927,41.895062761506274,2f7gua216miwsfd83rgjsn4ap
55,Turbine Potsdam,Frauen-Bundesliga,22-23,22,15.675165250236072,24.825662482566248,15.8,38.66459627329192,42.16867469879519,34.308992154496075,32.698412698412696,16.06952965235174,0.0176991150442477,40.130119375573926,6mng5xcarvyip7ixoss7au245
56,Werder Bremen,Frauen-Bundesliga,22-23,22,14.22222222222222,33.7442218798151,19.8,39.68705547652916,41.41475211608223,47.09394904458598,37.4331550802139,11.53138686131387,0.0656934306569343,43.64627782041443,4moe0x01r1f5w30g38wshyftp
57,Wolfsburg,Frauen-Bundesliga,22-23,22,10.99630996309963,43.97590361445784,17.680000000000007,45.83610926049301,53.77957299480669,76.26502655856864,39.25501432664756,10.071428571428571,0.0222929936305732,47.7191899710704,6bl19flj1eggw2gw7sya19bof
58,Bayer Leverkusen,Frauen-Bundesliga,23-24,22,10.576923076923077,30.726256983240223,12.7,44.21768707482993,50.23885350318472,45.98393574297189,43.21329639889196,12.683587140439933,0.0558659217877094,43.81461067366579,dpp6fex0mdxsxhdct2qf66x5n
59,Bayern München,Frauen-Bundesliga,23-24,22,10.276679841897234,35.96214511041009,14.324000000000002,46.68571428571428,55.79798970335867,73.45575959933221,38.372093023255815,10.498376623376624,0.0296296296296296,48.20122448979591,bpx4ib85d65u9oyhglkt36k1b
60,Eintracht Frankfurt,Frauen-Bundesliga,23-24,22,9.96415770609319,49.84662576687116,14.7,43.72707263389582,49.41896024464832,65.74913981857992,38.704028021015766,10.629752066115705,0.0355731225296442,45.84849056603773,e8os1xpomlperuedy2f9a9ttu
61,Freiburg,Frauen-Bundesliga,23-24,22,10.799136069114471,41.61849710982659,14.5,49.447236180904525,49.93684210526316,53.00976993381658,44.397463002114165,12.195615514333896,0.0298507462686567,41.68249581239531,6yhza3xbfafj5c9897mbkbudn
62,Hoffenheim,Frauen-Bundesliga,23-24,22,9.55593029792018,51.38075313807531,20.02800000000001,43.05555555555556,50.27482594356907,52.21295702373317,42.26579520697168,11.940035273368606,0.0242718446601941,44.62387344199424,eyecbfb1ur2104bhhwazhvrf
63,Köln,Frauen-Bundesliga,23-24,22,7.994389901823282,36.99851411589896,14.3,41.514360313315926,46.54270772806508,36.60684050118523,43.13099041533546,12.81122448979592,0.0290697674418604,39.86858029480217,4e5523it4v7s6kkakelbj9si5
64,MSV Duisburg,Frauen-Bundesliga,23-24,22,12.754303599374024,31.98324022346369,14.166000000000002,39.60066555740433,41.555851063829785,27.301790281329925,48.414985590778095,16.738404452690165,0.0378787878787878,38.91052631578948,bax97wqmyvdu4xygi7wzcvdzd
65,Nürnberg,Frauen-Bundesliga,23-24,22,12.305295950155765,53.41506129597198,13.1,27.11864406779661,40.04959702417855,20.52042160737813,33.088235294117645,14.088,0.032,39.21685296646604,386dbojwjaomm71a2akdmxkag
66,RB Leipzig,Frauen-Bundesliga,23-24,22,11.283728536385937,34.98727735368957,15.0,30.5980528511822,39.16192446973616,40.93522422384055,30.17751479289941,14.017857142857142,0.0476190476190476,41.702141157811255,3jv3r7dd46nx6cnmpqq9d4x9m
67,SGS Essen,Frauen-Bundesliga,23-24,22,11.053089643167972,43.641231593038825,19.2,40.8262454434994,48.764044943820224,48.36389787846099,47.33009708737864,12.85553772070626,0.0320855614973262,43.57569558101473,2f7gua216miwsfd83rgjsn4ap
68,Werder Bremen,Frauen-Bundesliga,23-24,22,12.470023980815348,29.322548028311427,19.31600000000001,35.064935064935064,43.65079365079365,55.215199689802255,47.12918660287082,11.284565916398714,0.0496894409937888,44.00365752285952,4moe0x01r1f5w30g38wshyftp
69,Wolfsburg,Frauen-Bundesliga,23-24,22,8.327137546468402,46.78260869565217,15.536,45.65670604586519,51.01289134438306,74.70626631853786,41.66666666666667,8.191073919107392,0.0261437908496732,47.58818027210884,6bl19flj1eggw2gw7sya19bof
70,Bayer Leverkusen,Frauen-Bundesliga,24-25,23,7.723855092276145,43.97058823529412,13.1,44.29133858267716,50.906735751295344,55.127388535031855,45.297504798464495,10.576056338028168,0.0442477876106194,44.82353834472286,dpp6fex0mdxsxhdct2qf66x5n
71,Bayern München,Frauen-Bundesliga,24-25,22,6.608569353667393,48.06701030927835,17.560000000000002,48.019271948608136,61.64506034868127,72.60559190957763,37.99212598425197,9.76923076923077,0.0627615062761506,50.24819773429454,bpx4ib85d65u9oyhglkt36k1b
72,Carl Zeiss Jena,Frauen-Bundesliga,24-25,22,11.823035850495804,38.9010989010989,15.2,29.65964343598055,40.99099099099099,25.48476454293629,37.79527559055118,17.439330543933053,0.040983606557377,39.24469763365469,3ntc83qrgb2fawuk9iv62gwh6
73,Eintracht Frankfurt,Frauen-Bundesliga,24-25,22,9.296685529506872,46.62840746054519,18.3,47.3104342190538,53.08228730822873,74.61832061068702,36.321483771251934,9.645454545454545,0.0688524590163934,48.1492766726944,e8os1xpomlperuedy2f9a9ttu
74,Freiburg,Frauen-Bundesliga,24-25,23,12.262038073908174,38.10391978122152,14.294000000000006,45.76744186046512,49.274778404512496,44.87711458665816,42.79661016949153,12.304940374787051,0.0698924731182795,43.25943562610229,6yhza3xbfafj5c9897mbkbudn
75,Hoffenheim,Frauen-Bundesliga,24-25,22,7.866507747318235,57.2463768115942,19.8,44.81094127111826,55.51356922019925,58.0064308681672,41.39344262295082,11.238310708898943,0.0539419087136929,46.78068085106384,eyecbfb1ur2104bhhwazhvrf
76,Köln,Frauen-Bundesliga,24-25,22,7.240204429301533,42.88461538461539,13.246000000000004,44.03765690376569,51.31396957123098,49.94896223205172,45.92901878914405,11.619195046439629,0.0571428571428571,42.71918876755071,4e5523it4v7s6kkakelbj9si5
77,RB Leipzig,Frauen-Bundesliga,24-25,22,7.454445057979017,46.73748103186647,11.044,34.652406417112296,44.374152733845456,39.17922411029176,31.454005934718097,15.256410256410255,0.0402298850574712,40.3435368043088,3jv3r7dd46nx6cnmpqq9d4x9m
78,SGS Essen,Frauen-Bundesliga,24-25,22,10.034013605442176,35.43689320388349,14.3,43.18975552968568,49.37871420853593,38.786531130876746,42.97082228116711,13.307032590051458,0.0314465408805031,42.37805907172996,2f7gua216miwsfd83rgjsn4ap
79,Turbine Potsdam,Frauen-Bundesliga,24-25,22,13.27683615819209,28.625235404896426,13.864,30.868761552680223,43.278688524590166,19.886524822695037,44.27083333333333,20.01428571428572,0.057471264367816,35.09251968503937,6mng5xcarvyip7ixoss7au245
80,Werder Bremen,Frauen-Bundesliga,24-25,22,11.398963730569948,32.41626794258373,18.136000000000003,41.183294663573086,44.04117009750813,47.342133428469495,38.3248730964467,13.304418985270049,0.06,44.016115351993214,4moe0x01r1f5w30g38wshyftp
81,Wolfsburg,Frauen-Bundesliga,24-25,22,8.872077028885831,44.528301886792455,16.0,49.343832020997375,55.468039987882456,71.06508875739645,44.24040066777963,10.733449477351916,0.0192307692307692,47.928806584362135,6bl19flj1eggw2gw7sya19bof
82,Bayer Leverkusen,Frauen-Bundesliga,25-26,26,12.004801920768308,40.2122641509434,12.3,47.11316397228637,49.84070796460177,56.365503080082135,51.15979381443299,12.273391812865498,0.0528169014084507,46.03706407137064,dpp6fex0mdxsxhdct2qf66x5n
83,Bayern München,Frauen-Bundesliga,25-26,26,9.787472035794185,47.82608695652174,14.7,46.0840890354493,52.85870356882738,82.74871794871795,33.67875647668394,9.161971830985916,0.0342857142857142,52.56835443037974,bpx4ib85d65u9oyhglkt36k1b
84,Carl Zeiss Jena,Frauen-Bundesliga,25-26,26,18.072289156626507,31.712707182320443,13.9,30.05988023952096,38.88111888111888,24.838459550271388,35.374149659863946,13.399089529590288,0.0349650349650349,41.163129251700674,3ntc83qrgb2fawuk9iv62gwh6
85,Eintracht Frankfurt,Frauen-Bundesliga,25-26,26,15.40785498489426,40.03044140030441,15.3,42.57105943152455,46.17703480405591,61.82513139034879,32.87671232876712,11.263001485884102,0.0936454849498327,45.12433521353747,e8os1xpomlperuedy2f9a9ttu
86,Freiburg,Frauen-Bundesliga,25-26,26,14.002333722287046,33.23671497584541,12.7,38.696369636963695,47.07735386769338,43.76417233560091,44.65648854961832,13.869205298013243,0.0853658536585365,43.39162561576354,6yhza3xbfafj5c9897mbkbudn
87,Hamburger SV,Frauen-Bundesliga,25-26,26,19.88372093023256,24.873949579831933,14.5,42.738589211618255,42.72775705913692,35.187515731185506,48.83040935672515,13.623145400593472,0.0923076923076923,43.41898638426626,uanw2buce7utkaubr3sz2nxm
88,Hoffenheim,Frauen-Bundesliga,25-26,26,11.81998021760633,36.372549019607845,12.3,42.29529335912315,52.19907407407407,46.23604844454999,44.38405797101449,11.8,0.067193675889328,43.83549124143183,eyecbfb1ur2104bhhwazhvrf
89,Köln,Frauen-Bundesliga,25-26,26,15.89403973509934,28.34890965732087,13.1,38.75968992248063,42.96933433059088,56.26937165398704,41.66666666666667,10.951482479784367,0.0823045267489712,46.13010510510511,4e5523it4v7s6kkakelbj9si5
90,Nürnberg,Frauen-Bundesliga,25-26,26,24.39478584729981,19.09090909090909,13.680000000000009,33.146067415730336,32.90519877675841,28.10335641981886,31.61094224924012,16.5248,0.1117318435754189,42.802704852824185,386dbojwjaomm71a2akdmxkag
91,RB Leipzig,Frauen-Bundesliga,25-26,26,11.344537815126053,43.03977272727273,11.5,39.7037037037037,46.14416115832547,48.49094567404427,40.73394495412844,13.143312101910828,0.047808764940239,44.35421686746988,3jv3r7dd46nx6cnmpqq9d4x9m
92,SGS Essen,Frauen-Bundesliga,25-26,26,11.046086320409657,34.12887828162291,12.7,42.3728813559322,43.361702127659576,37.102473498233216,42.72300469483568,16.80284191829485,0.0402010050251256,40.03694992412746,2f7gua216miwsfd83rgjsn4ap
93,Union Berlin,Frauen-Bundesliga,25-26,26,16.084977238239755,35.198821796759944,12.1,40.6623735050598,47.57878554957725,44.54454454454454,45.472061657032754,13.873977086743045,0.0635593220338983,42.93441033925687,5fmbvybscnaqvhkh6jkv3mhwi
94,Werder Bremen,Frauen-Bundesliga,25-26,26,14.605418138987044,31.255195344970907,18.05,36.81858802502234,43.36075205640423,47.41863075196409,37.05179282868526,11.330370370370373,0.0357142857142857,44.858029480217226,4moe0x01r1f5w30g38wshyftp
95,Wolfsburg,Frauen-Bundesliga,25-26,26,9.130434782608695,44.58715596330275,12.8,52.39551478083588,55.762673334848834,74.08488659330789,47.201946472019465,9.299715909090908,0.0323450134770889,48.83036332179931,6bl19flj1eggw2gw7sya19bof
96,Athletic Club,Liga F,24-25,30,10.10928961748634,38.43984962406015,15.9,47.69989047097481,58.212496704455575,44.31468961278426,46.42857142857143,13.392330383480823,0.0194174757281553,44.33229483282675,1azk57wev30h044w949j46kpu
97,Atlético Madrid,Liga F,24-25,30,10.258915486077186,34.75533249686324,13.8,45.55198285101822,55.14384349827388,62.39285062921758,39.36899862825789,11.17774762550882,0.0355871886120996,45.31412884333821,8zt8rrm6v5nccv01v6pef0r1o
98,Barcelona,Liga F,24-25,30,6.519898391193904,45.29220779220779,19.5,48.81578947368421,55.31405782652043,94.01942595219909,34.76190476190476,8.64765525982256,0.0100143061516452,55.630637488106565,bop6aslxmwvzsapdxsw3xbvfg
99,Deportivo de La Coruña,Liga F,24-25,30,12.4031007751938,32.90653008962868,14.3,44.33416046319272,55.624388653407244,29.608713190802742,37.90523690773068,14.64891846921797,0.0601851851851851,39.37349137931034,12ocm5j2bjgggpwl6pou5thym
100,Eibar,Liga F,24-25,30,29.160739687055475,7.582260371959943,15.1,42.16524216524217,43.28523862375139,25.850598745485648,47.71084337349398,16.37557251908397,0.0372670807453416,41.51178571428572,6fg6tuq29l23vvmfaoivzmbx1
101,Espanyol,Liga F,24-25,30,20.278099652375435,18.657937806873974,14.422000000000002,40.17857142857143,38.81506090808416,32.19489981785063,45.208333333333336,14.581646423751687,0.0579710144927536,41.16469120399251,e572hd1tl54f2i5w6px2q7a0l
102,Granada,Liga F,24-25,30,16.945996275605214,25.75757575757576,14.8,44.7631754503002,53.17344252705469,53.52798053527981,57.16374269005848,11.195795006570302,0.0444444444444444,44.01838286109192,2yt41edbtlrasj4t5nv3w64re
103,Levante,Liga F,24-25,30,9.00900900900901,42.59567387687188,11.8,42.37867395762133,51.78519593613933,45.829205468595205,39.19597989949749,13.672205438066465,0.0692640692640692,40.37354881266491,9ns699xp353c84r1g6epazycl
104,Levante Badalona,Liga F,24-25,30,10.79092581238504,39.21568627450981,13.434000000000005,49.25705794947994,55.434782608695656,55.64705882352941,29.96632996632997,11.336134453781511,0.0238095238095238,46.881188811188814,e7p3lxg97gac51s71hotzi0a5
105,Madrid,Liga F,24-25,30,9.518987341772153,42.00988467874794,13.5,43.63057324840764,49.00938477580814,39.32802067628688,42.572463768115945,14.37,0.0769230769230769,38.91204819277109,4vvf3sulx3a61fiyaarjdndjs
106,Real Betis,Liga F,24-25,30,11.386138613861387,32.01803833145434,14.7,42.470694319206494,48.86669227814061,36.97598697598698,39.35091277890466,12.534555712270803,0.0292682926829268,41.13317757009346,djz9e25b9zuiu5rmv1zha3i6f
107,Real Madrid,Liga F,24-25,30,8.456790123456791,46.13095238095238,15.212,53.56615838662076,55.67808540591271,72.31475186947655,38.82743362831859,11.237086092715233,0.0346938775510204,46.84193548387096,vaikl8nl7hdr4y9jj4jyb9ey
108,Real Sociedad,Liga F,24-25,30,9.383675735702388,40.23372287145242,14.5,44.49108079748164,52.55015711868504,58.220000000000006,34.77633477633478,10.230088495575222,0.0183823529411764,45.89105633802817,9euoni3f3sh08tsplt2gh5dex
109,Sevilla,Liga F,24-25,30,12.50936329588015,26.164383561643834,14.638,38.303341902313626,48.68045649072753,34.25925925925926,47.07259953161593,14.922401171303076,0.0754716981132075,39.902770448548814,bxlqcsb8ylen7lng9qy50eoq5
110,UD Tenerife,Liga F,24-25,30,12.97846889952153,36.945169712793735,13.560000000000002,40.25617566331199,47.52315747080145,35.36739864864865,46.596858638743456,12.915184678522571,0.0307017543859649,42.88808426596445,9ouh98eyf6u69lbxc13mllm7f
111,Valencia,Liga F,24-25,30,12.651087832393232,29.444444444444443,13.490000000000004,49.60238568588469,47.52724224643755,32.418595125947164,51.78907721280602,13.585915492957746,0.0889830508474576,40.09150717703349,cd1ottifbgcfrn6pdrdpwt7z0
112,Alhama,Liga F,25-26,30,24.776500638569605,18.05555555555556,14.6,35.08474576271187,33.25714285714286,28.331735378715244,44.3010752688172,15.632592592592593,0.1052631578947368,39.89608636977058,eqaszp3lzhffqt4f8hmzov72j
113,Athletic Club,Liga F,25-26,30,9.899417681312864,42.52978918423464,16.012,43.75404530744337,50.10401188707281,58.00976517089049,49.68944099378882,11.893048128342246,0.0314960629921259,45.84127819548872,1azk57wev30h044w949j46kpu
114,Atlético Madrid,Liga F,25-26,30,10.588235294117649,34.7985347985348,12.8,47.60820045558087,52.540650406504064,57.4894108586831,38.60103626943005,12.47112462006079,0.0538243626062322,45.11880695940348,8zt8rrm6v5nccv01v6pef0r1o
115,Badalona,Liga F,25-26,30,11.234911792014856,44.16365824308063,11.8,39.67391304347826,50.96122515477354,49.06108866175422,35.38135593220339,11.488538681948423,0.0633484162895927,43.78332124728064,e7p3lxg97gac51s71hotzi0a5
116,Barcelona,Liga F,25-26,30,5.863192182410423,43.83561643835616,19.5,46.487226277372265,52.10349595101719,93.8350942163163,29.900076863950808,8.947295423023577,0.0153846153846153,55.07327852004112,bop6aslxmwvzsapdxsw3xbvfg
117,Deportivo La Coruña,Liga F,25-26,30,14.8859543817527,37.60869565217392,13.8,42.087312414733965,51.36986301369864,37.08295761947701,33.40857787810384,11.004103967168264,0.0601851851851851,43.17372577171572,12ocm5j2bjgggpwl6pou5thym
118,Eibar,Liga F,25-26,30,22.62773722627737,12.755716004813475,14.158000000000005,37.6657824933687,41.22712594187298,31.762114537444937,40.57017543859649,15.417256011315418,0.096590909090909,41.7480055983205,6fg6tuq29l23vvmfaoivzmbx1
119,Espanyol,Liga F,25-26,30,18.64548494983277,24.024024024024023,12.0,37.954768928220254,45.82717872968981,40.51724137931034,43.48739495798319,14.601123595505618,0.0547263681592039,43.06481351161154,e572hd1tl54f2i5w6px2q7a0l
120,Granada,Liga F,25-26,30,13.6860264519839,42.62295081967213,12.388,41.89902034664657,51.96548418024928,35.50307600714427,39.25233644859813,13.645107794361524,0.0815217391304347,42.04733124018839,2yt41edbtlrasj4t5nv3w64re
121,Levante,Liga F,25-26,30,13.552361396303905,34.81848184818482,12.8,41.890440386680986,43.950725912890455,28.812500000000004,46.37096774193548,14.559139784946236,0.0765306122448979,39.85568106312292,9ns699xp353c84r1g6epazycl
122,Logroño,Liga F,25-26,30,13.921433494141972,30.64713064713065,13.6,35.13227513227513,44.82917820867959,28.9171974522293,49.27884615384615,15.19620253164557,0.1052631578947368,40.41916909620991,11oyltk0f22f5r7hnfiwxw8bj
123,Madrid,Liga F,25-26,30,12.140921409214092,36.63911845730028,12.8,42.48633879781421,50.73574494175352,47.43559442212243,47.02702702702703,12.115323854660348,0.0445344129554655,43.16121642969984,4vvf3sulx3a61fiyaarjdndjs
124,Real Madrid,Liga F,25-26,30,9.763313609467456,50.23474178403756,13.9,48.73323397913562,58.34264016082198,64.77797870202934,37.59071117561684,11.61527377521614,0.0535714285714285,47.75387968613775,vaikl8nl7hdr4y9jj4jyb9ey
125,Real Sociedad,Liga F,25-26,30,11.180124223602483,38.0,15.2,45.777548918640576,53.13547151747248,64.1398783666377,51.31926121372031,12.52136752136752,0.03125,47.00630630630631,9euoni3f3sh08tsplt2gh5dex
126,Sevilla,Liga F,25-26,30,13.665031534688158,33.333333333333336,13.2,36.62940670679278,45.3186187255251,45.001222195062326,40.1673640167364,12.634146341463415,0.0836501901140684,41.2683108108108,bxlqcsb8ylen7lng9qy50eoq5
127,Tenerife,Liga F,25-26,30,16.275548826646478,27.22063037249284,14.0,42.204301075268816,46.67709147771696,41.18077579897536,55.19125683060109,13.170013386880855,0.0560344827586206,45.2553651266766,215mjv43m1cuncum9o4189mhg
128,AFC Toronto,Northern Super League,2025,28,10.897994768962512,33.13840155945419,13.8,46.20253164556962,53.92441860465116,60.37067320795857,38.31932773109244,11.324455205811136,0.0817843866171003,46.59598893499309,9b2hth339br58bpwzo1qp632s
129,Calgary Wild,Northern Super League,2025,25,8.185538881309688,53.66403607666291,15.3,42.42700729927007,48.605240912933226,47.540983606557376,43.64508393285372,12.863708399366086,0.1028571428571428,43.54242671009772,2owrsfmi12xeajx5almb1kbv8
130,Halifax Tides,Northern Super League,2025,25,9.247558874210224,48.79432624113476,13.570000000000004,38.840262582056894,48.07321772639692,37.78345576493133,36.81159420289856,13.465857359635812,0.0625,40.27549488054607,7snlu7dp38777pksai0na35sk
131,Montréal Roses,Northern Super League,2025,27,5.671780567178057,56.09114811568799,18.8,41.5915915915916,52.1474358974359,54.98542274052478,39.113680154142585,10.730670103092784,0.0769230769230769,44.23511659807957,ew8ezcft2gwkfls755fd8msk4
132,Ottawa Rapid,Northern Super League,2025,27,7.199999999999999,51.84304399524376,13.172000000000002,37.786259541984734,53.8510101010101,43.40403517847905,33.99122807017544,11.4934554973822,0.0653061224489796,44.1988218988219,492sba2uccugv1ew45c23lx5g
133,Vancouver Rise,Northern Super League,2025,28,8.996160175534833,44.97681607418856,12.9,45.17114914425428,54.07549234135668,54.02327308739787,44.29133858267716,11.4853875476493,0.075,45.17644656228727,1ete1sj7sclaoohvow5g84gt0
134,Chicago Stars,NWSL,2018,25,14.367816091954024,26.666666666666668,15.644,42.57703081232493,44.69453376205787,54.78880157170924,41.734860883797054,11.40953716690042,0.0072992700729927,43.54606413994169,dzxypx8djih58p668surbi4qm
135,Gotham FC,NWSL,2018,24,15.160955347871235,15.789473684210526,15.1,38.63636363636363,50.27472527472527,47.26572528883183,34.037558685446015,12.940717628705148,0.0,41.53645669291339,bgkfdckqfqnfbmecbtz03n76d
136,Houston Dash,NWSL,2018,24,15.508021390374331,22.819767441860463,13.7,39.0728476821192,46.056210335448775,36.88806562582694,46.75052410901468,16.43127147766323,0.012396694214876,38.831670281995656,c3v2ohfuzoqmc8ljm65hi80sj
137,North Carolina Courage,NWSL,2018,26,11.860940695296524,28.17337461300309,14.518,49.40962761126249,45.87020648967551,55.71156592099,44.23592493297587,10.238881829733163,0.0095923261390887,44.66624293785311,b4fbmos00gxtk8qnaqsm392p5
138,Orlando Pride,NWSL,2018,24,11.614173228346456,26.45739910313901,15.1,44.02834008097166,48.02454929037208,55.03814785582741,41.49908592321755,11.38438880706922,0.00418410041841,44.36963993453355,966pdxhsoxaib9qt5083h8uus
139,Portland Thorns,NWSL,2018,26,13.529921942758024,17.169811320754718,14.7,45.0,46.09101516919487,53.3301730267836,40.49180327868853,9.54370179948586,0.0040322580645161,44.15812672176308,446mp88j1vpk9iwui9fiifrp8
140,Seattle Reign,NWSL,2018,25,12.51778093883357,31.392045454545453,15.1,37.23214285714286,47.44203165255797,46.87104129718774,34.81989708404803,9.645536869340232,0.0040160642570281,42.118997361477575,bl53jk6zlfe5f583pil7xzwi5
141,Utah Royals,NWSL,2018,24,8.558211256746338,33.97524071526823,14.7,39.96776792908944,50.20628371945413,54.555524785378005,36.964980544747085,10.70827489481066,0.0,42.91669161676647,bn7w86uw8j61dga3xr5s0yiju
142,Washington Spirit,NWSL,2018,24,12.559923298178331,19.412724306688418,15.4,45.21739130434783,49.800796812749006,44.73145780051151,35.32338308457712,12.247619047619049,0.0189573459715639,40.77712519319938,f1ks82wpiewyqs6h3oz9v4hzj
143,Chicago Stars,NWSL,2019,26,14.995640802092414,20.63492063492064,14.7,41.29821260583255,45.34440983039114,55.48463356973995,37.85942492012779,13.239290989660264,0.0236486486486486,43.7452098178939,dzxypx8djih58p668surbi4qm
144,Gotham FC,NWSL,2019,23,13.508771929824562,15.373134328358208,14.864000000000004,46.4859437751004,51.68248490077653,42.463886617606974,36.38497652582159,16.869481765834934,0.0091324200913242,39.71770293609672,bgkfdckqfqnfbmecbtz03n76d
145,Houston Dash,NWSL,2019,24,9.429280397022332,25.131810193321616,13.8,41.20135363790186,46.557911908646005,46.75398633257403,41.96078431372549,14.724540901502504,0.0552995391705069,41.2839212469237,c3v2ohfuzoqmc8ljm65hi80sj
146,North Carolina Courage,NWSL,2019,25,7.779456193353475,41.24293785310734,15.364000000000004,50.11185682326622,50.41989664082688,65.51297898640297,47.0517448856799,10.997241379310346,0.0260416666666666,48.10819256756757,b4fbmos00gxtk8qnaqsm392p5
147,Orlando Pride,NWSL,2019,23,10.422049956933678,31.1377245508982,14.648,40.17743979721166,45.31405782652044,46.92585895117541,44.3010752688172,13.99820788530466,0.0263157894736842,43.9066237350506,966pdxhsoxaib9qt5083h8uus
148,Portland Thorns,NWSL,2019,25,13.340448239060832,15.236051502145925,14.8,48.20512820512821,44.78114478114478,51.05166895290352,38.1294964028777,11.889400921658986,0.0211864406779661,45.49559322033898,446mp88j1vpk9iwui9fiifrp8
149,Seattle Reign,NWSL,2019,24,13.636363636363637,39.42766295707472,14.618,39.729729729729726,48.3719105531581,44.29065743944637,39.0625,13.052459016393442,0.0155642023346303,41.26003074558032,bl53jk6zlfe5f583pil7xzwi5
150,Utah Royals,NWSL,2019,24,7.076101468624834,40.31311154598826,13.4,44.30091185410334,53.50795135640786,49.4140092668302,35.34798534798535,14.932432432432432,0.0210084033613445,41.56290773532153,bn7w86uw8j61dga3xr5s0yiju
151,Washington Spirit,NWSL,2019,24,8.190652475705692,41.45077720207254,13.6,39.6591789310612,50.50614605929139,44.72032742155525,37.83132530120482,13.579234972677597,0.0372093023255813,41.95080071174377,f1ks82wpiewyqs6h3oz9v4hzj
152,Chicago Stars,NWSL,2021,27,11.802378774016468,27.85977859778598,13.9,43.8496583143508,43.910521955260975,49.7585651873994,45.10489510489511,13.33639947437582,0.0389105058365758,43.9931245745405,dzxypx8djih58p668surbi4qm
153,Gotham FC,NWSL,2021,25,9.138533178114086,28.253223915592027,14.6,43.305279265493496,52.83675600417682,53.47976878612717,41.95804195804196,11.18141592920354,0.0214592274678111,43.73639120545868,bgkfdckqfqnfbmecbtz03n76d
154,Houston Dash,NWSL,2021,24,10.943695479777954,33.95522388059702,13.5,43.90962671905697,48.00336275746112,50.02745744096651,43.76237623762376,12.986666666666666,0.0448430493273542,44.13809904153355,c3v2ohfuzoqmc8ljm65hi80sj
155,Kansas City Current,NWSL,2021,24,11.62227602905569,30.42789223454833,14.064000000000004,46.05936540429887,48.34166288050886,45.49816539655659,38.15028901734104,12.157566302652103,0.0401785714285714,43.7077868852459,agxipc0vk4rtg09amjxv10nx0
156,North Carolina Courage,NWSL,2021,25,6.46606914212548,47.50337381916329,14.8,49.29906542056075,51.355060034305325,53.23969188944269,50.29585798816568,12.93103448275862,0.0498084291187739,42.579280821917806,b4fbmos00gxtk8qnaqsm392p5
157,Orlando Pride,NWSL,2021,24,10.298295454545457,34.166666666666664,14.5,43.18181818181818,52.62449528936743,42.2991347342398,43.31337325349301,13.529739776951672,0.0297029702970297,39.684754098360656,966pdxhsoxaib9qt5083h8uus
158,Portland Thorns,NWSL,2021,24,10.096670247046188,26.836158192090394,12.4,48.00362976406534,50.57803468208093,58.01656402633255,42.54445964432285,10.37833827893175,0.0283286118980169,46.96437074829932,446mp88j1vpk9iwui9fiifrp8
159,Racing Louisville,NWSL,2021,24,10.142857142857142,30.55555555555556,13.4,41.650485436893206,46.5948275862069,42.33113255459624,41.47982062780269,15.711359404096834,0.0571428571428571,41.72025431425976,dtucewmt49th1p4selfutmnmc
160,Seattle Reign,NWSL,2021,24,11.60655737704918,30.904183535762485,14.4,44.63061690784463,51.12340131351538,57.62794081979141,40.15503875968992,11.53244837758112,0.022801302931596,44.95708566853482,bl53jk6zlfe5f583pil7xzwi5
161,Washington Spirit,NWSL,2021,25,9.086515224746254,43.11814859926918,13.4,40.710156895128,50.114766641162966,44.982698961937714,44.631578947368425,14.01054481546573,0.0324675324675324,40.70032206119163,f1ks82wpiewyqs6h3oz9v4hzj
162,Angel City,NWSL,2022,22,9.190887666928516,35.47445255474452,16.196,40.78478002378122,47.64542936288089,43.58153189218041,43.12668463611861,11.443859649122809,0.0319148936170212,40.95818036711892,6hbfgdczbi3yg4sdpqgtu6s
163,Chicago Stars,NWSL,2022,23,9.67016491754123,32.40343347639485,11.6,39.75903614457831,50.13784954706577,48.56621480709072,36.82983682983683,10.964506172839506,0.0228310502283105,42.080627871362935,dzxypx8djih58p668surbi4qm
164,Gotham FC,NWSL,2022,22,11.252653927813164,36.03238866396761,14.2,39.4919168591224,47.90390956194065,42.38392614716264,41.70616113744076,12.762906309751434,0.029585798816568,40.1783393501805,bgkfdckqfqnfbmecbtz03n76d
165,Houston Dash,NWSL,2022,23,9.871244635193133,30.365659777424483,14.6,43.44444444444445,48.51957975167144,47.73755656108597,42.01877934272301,11.60122699386503,0.0577777777777777,44.24851166532582,c3v2ohfuzoqmc8ljm65hi80sj
166,Kansas City Current,NWSL,2022,25,13.131313131313131,27.17557251908397,14.5,38.85839736553238,45.12750455373406,46.93539480949752,35.445544554455445,11.143703703703704,0.0531400966183574,43.6373168851195,agxipc0vk4rtg09amjxv10nx0
167,North Carolina Courage,NWSL,2022,22,7.234042553191489,48.37278106508876,14.856,51.0548523206751,53.50140056022409,61.30811662726556,50.0875656742557,12.265822784810126,0.0381355932203389,44.19140698772427,b4fbmos00gxtk8qnaqsm392p5
168,Orlando Pride,NWSL,2022,22,7.991803278688526,50.18726591760299,13.4,36.64804469273743,48.00806858295512,47.57775119617224,43.53932584269663,12.667235494880543,0.0355029585798816,43.59101221640488,966pdxhsoxaib9qt5083h8uus
169,Portland Thorns,NWSL,2022,24,8.64864864864865,39.46188340807175,13.820000000000004,46.99915469146239,52.38649592549476,52.27863046044864,36.564625850340136,12.99655172413793,0.0432276657060518,42.8201230228471,446mp88j1vpk9iwui9fiifrp8
170,Racing Louisville,NWSL,2022,22,11.919368974583698,29.22297297297297,14.4,41.58415841584159,45.68657478305258,49.68477934554188,51.08225108225109,10.903536977491962,0.0222222222222222,44.35654813529922,dtucewmt49th1p4selfutmnmc
171,San Diego Wave,NWSL,2022,24,12.987987987987989,32.74231678486998,15.6,40.37199124726477,48.0355472404116,47.15572715572716,44.46460980036298,10.875183553597653,0.0169491525423728,45.35338912133891,esvbnzqbyvxp2k570ez7h1a1g
172,Seattle Reign,NWSL,2022,23,16.44295302013423,39.62848297213623,13.4,47.42268041237113,51.2999611951882,60.62483862638781,47.23127035830619,11.320885200553253,0.0357142857142857,45.82451768488746,bl53jk6zlfe5f583pil7xzwi5
173,Washington Spirit,NWSL,2022,22,7.886815171583383,51.84049079754601,13.2,38.522954091816366,47.79792746113989,50.663645192618965,41.00418410041841,12.248587570621469,0.0491071428571428,42.0630314232902,f1ks82wpiewyqs6h3oz9v4hzj
174,Angel City,NWSL,2023,23,9.690893901420218,41.711229946524064,20.344,41.29955947136564,47.3953013278856,56.13160518444666,48.10606060606061,11.11456628477905,0.0304347826086956,45.74385805277525,6hbfgdczbi3yg4sdpqgtu6s
175,Chicago Stars,NWSL,2023,22,9.494640122511486,27.30210016155089,12.5,38.19875776397515,51.45018915510718,42.90380047505938,37.278106508875744,13.917624521072796,0.050632911392405,42.2982058545798,dzxypx8djih58p668surbi4qm
176,Gotham FC,NWSL,2023,25,10.461538461538462,34.18604651162791,17.090000000000003,43.10776942355889,51.01503759398496,62.20493562231759,39.25049309664694,10.710027100271002,0.017921146953405,47.11878980891719,bgkfdckqfqnfbmecbtz03n76d
177,Houston Dash,NWSL,2023,21,10.12216404886562,31.08348134991119,13.248,49.93924665856622,54.06437534097108,43.671766342141865,50.80213903743316,12.438095238095238,0.0430622009569378,43.13283582089552,c3v2ohfuzoqmc8ljm65hi80sj
178,Kansas City Current,NWSL,2023,22,9.1699604743083,41.19547657512116,14.5,44.766146993318486,48.83142715067131,50.85910652920962,36.08695652173913,13.3996138996139,0.0518134715025906,43.00086788813886,agxipc0vk4rtg09amjxv10nx0
179,North Carolina Courage,NWSL,2023,22,6.67420814479638,43.96551724137931,13.1,39.430284857571216,54.38037591589679,58.051197357555736,39.24611973392461,11.562380038387715,0.0461538461538461,41.90734200743495,b4fbmos00gxtk8qnaqsm392p5
180,Orlando Pride,NWSL,2023,22,10.790144435004247,38.888888888888886,14.9,39.79475484606613,48.57433808553972,47.60059612518629,50.0,12.47979797979798,0.0575221238938053,43.56589902568644,966pdxhsoxaib9qt5083h8uus
181,Portland Thorns,NWSL,2023,23,10.23339317773788,31.29251700680272,13.4,49.190110826939474,52.74102079395085,51.102850061957874,34.93530499075786,13.746741154562384,0.0543130990415335,42.31268656716418,446mp88j1vpk9iwui9fiifrp8
182,Racing Louisville,NWSL,2023,22,8.106001558846454,38.24091778202677,12.8,46.76674364896074,52.25943646996279,45.711995725354,46.70912951167728,11.963917525773196,0.0341880341880341,44.307085201793726,dtucewmt49th1p4selfutmnmc
183,San Diego Wave,NWSL,2023,23,10.74095347501436,41.94470924690181,18.0,39.217758985200845,48.507462686567166,40.74276351720371,46.741573033707866,12.731397459165157,0.0193236714975845,41.93535811423392,esvbnzqbyvxp2k570ez7h1a1g
184,Seattle Reign,NWSL,2023,25,11.281708945260348,50.0,12.0,41.58964879852125,50.67314884068811,52.769070010449326,45.346869712351946,13.451754385964913,0.0518867924528301,45.41175986842105,bl53jk6zlfe5f583pil7xzwi5
185,Washington Spirit,NWSL,2023,22,11.228813559322036,45.82392776523702,13.2,40.442132639791936,48.15205913410771,44.99710815500289,40.625,11.390158172231986,0.0418848167539267,44.412995391705074,f1ks82wpiewyqs6h3oz9v4hzj
186,Angel City,NWSL,2024,26,7.264050901378578,49.36585365853659,19.072000000000003,40.01650165016501,52.93724966622163,48.830682881197376,44.8936170212766,11.06896551724138,0.0606060606060606,42.00270072992701,6hbfgdczbi3yg4sdpqgtu6s
187,Bay FC,NWSL,2024,27,6.602162777461583,60.905840286054826,14.9,47.119518486672405,52.75621118012423,52.292768959435634,41.012216404886566,12.377333333333333,0.0684410646387832,44.26472282217422,eka22bj7co8bw5qxa6qlbinf8
188,Chicago Stars,NWSL,2024,27,10.583446404341927,40.23845007451565,12.7,40.20304568527919,48.44482317852577,32.887323943661976,39.247311827956985,15.208931419457736,0.1387283236994219,41.49615975422427,dzxypx8djih58p668surbi4qm
189,Gotham FC,NWSL,2024,28,9.880068532267275,42.96545914069082,19.5,40.30612244897959,52.992310264125706,60.78726607872661,38.78787878787879,10.515258215962442,0.0536277602523659,46.63506493506494,bgkfdckqfqnfbmecbtz03n76d
190,Houston Dash,NWSL,2024,26,9.981401115933044,42.60143198090692,14.968,37.0817843866171,52.17922606924643,42.7348336594912,45.0,12.170454545454543,0.0274725274725274,42.6209187279152,c3v2ohfuzoqmc8ljm65hi80sj
191,Kansas City Current,NWSL,2024,28,9.600997506234414,45.61068702290076,12.7,42.56701868399675,53.4805890227577,53.80362671384344,37.19512195121951,12.13262910798122,0.0761904761904762,45.58862590401051,agxipc0vk4rtg09amjxv10nx0
192,North Carolina Courage,NWSL,2024,27,5.909863945578231,55.12820512820513,13.2,38.592233009708735,55.073891625615765,56.395348837209305,40.74733096085409,12.643410852713178,0.0258620689655172,43.11275783040489,b4fbmos00gxtk8qnaqsm392p5
193,Orlando Pride,NWSL,2024,29,9.00900900900901,46.71916010498688,13.8,44.403534609720175,55.098102283692505,51.01809954751131,48.52320675105485,12.530026109660575,0.0831024930747922,44.42866022099447,966pdxhsoxaib9qt5083h8uus
194,Portland Thorns,NWSL,2024,27,9.450402144772116,34.24242424242424,14.5,42.52136752136752,52.716873212583415,48.59611231101512,34.75836431226766,12.779973649538867,0.0447284345047923,43.82581767571329,446mp88j1vpk9iwui9fiifrp8
195,Racing Louisville,NWSL,2024,26,6.535211267605634,45.73082489146165,14.416000000000002,42.36286919831224,54.52793834296724,43.619489559164734,42.06008583690987,11.830334190231362,0.0303030303030303,45.35052484254724,dtucewmt49th1p4selfutmnmc
196,San Diego Wave,NWSL,2024,26,6.615214994487322,48.66888519134776,22.1,40.794223826714806,50.50335570469798,57.31791907514451,44.82758620689656,10.814207650273223,0.0245901639344262,47.11332250203087,esvbnzqbyvxp2k570ez7h1a1g
197,Seattle Reign,NWSL,2024,26,7.99543118218161,53.71549893842887,14.4,37.90199081163859,49.69125771855703,51.30061072155621,44.20168067226891,13.837243401759531,0.0191387559808612,43.996753760886776,bl53jk6zlfe5f583pil7xzwi5
198,Utah Royals,NWSL,2024,26,6.765327695560254,45.01901140684411,20.5,38.58603066439523,50.19984012789768,44.29765435427339,44.986449864498645,12.209912536443149,0.0846153846153846,42.663118440779606,bn7w86uw8j61dga3xr5s0yiju
199,Washington Spirit,NWSL,2024,29,7.420675537359263,52.23529411764706,15.254,40.91233071988596,53.53929214157168,53.60777058279371,41.63763066202091,11.810679611650484,0.1043478260869565,44.41889460154241,f1ks82wpiewyqs6h3oz9v4hzj
200,Angel City,NWSL,2025,26,6.8121693121693125,41.56305506216696,14.0,47.37864077669903,53.189655172413794,50.71846726982437,36.525612472160354,10.74785100286533,0.0826446280991735,44.98570318570319,6hbfgdczbi3yg4sdpqgtu6s
201,Bay FC,NWSL,2025,26,9.754521963824288,53.11688311688312,17.08000000000002,43.626062322946176,48.8,52.90243902439025,38.8671875,11.665242165242166,0.0969162995594713,44.572324159021406,eka22bj7co8bw5qxa6qlbinf8
202,Chicago Stars,NWSL,2025,26,9.610705596107056,44.48,13.8,36.42714570858284,47.91392182696531,36.84762654078153,35.35620052770449,12.412520064205458,0.0746268656716417,42.52546875,dzxypx8djih58p668surbi4qm
203,Gotham FC,NWSL,2025,29,9.36046511627907,44.970906068162925,19.596000000000004,41.14977307110439,55.65039262546945,56.301145662847794,43.44827586206896,9.20958751393534,0.0448979591836734,47.54180977542932,bgkfdckqfqnfbmecbtz03n76d
204,Houston Dash,NWSL,2025,26,7.751937984496124,43.51851851851852,14.7,40.60344827586207,51.370594517621925,46.34202630971613,40.22727272727273,11.45086705202312,0.059171597633136,43.71896162528217,c3v2ohfuzoqmc8ljm65hi80sj
205,Kansas City Current,NWSL,2025,27,14.695945945945946,26.49572649572649,13.852000000000002,40.4104183109708,52.93126684636119,50.91160858527579,34.13078149920255,12.99600532623169,0.1010452961672473,44.83307198859586,agxipc0vk4rtg09amjxv10nx0
206,North Carolina Courage,NWSL,2025,26,6.871907641561298,55.14993481095176,15.0,40.82426127527216,50.38814396612562,50.53864168618267,39.92673992673993,12.383386581469647,0.0459770114942528,43.72542927228128,b4fbmos00gxtk8qnaqsm392p5
207,Orlando Pride,NWSL,2025,28,8.701298701298702,42.66917293233082,14.5,50.03734129947722,55.330819334933146,56.19198551052751,50.17301038062284,11.546362339514978,0.0867924528301886,45.02695195195195,966pdxhsoxaib9qt5083h8uus
208,Portland Thorns,NWSL,2025,28,9.495548961424332,49.42263279445727,15.6,37.99472295514512,47.4354174466492,43.98034398034397,34.97164461247637,12.56824512534819,0.0719424460431654,43.11855010660981,446mp88j1vpk9iwui9fiifrp8
209,Racing Louisville,NWSL,2025,27,10.422535211267606,36.42072213500785,22.2,38.43236409608091,42.69208549971116,44.34005499541705,48.22429906542056,11.42764857881137,0.0685920577617328,45.999148936170215,dtucewmt49th1p4selfutmnmc
210,San Diego Wave,NWSL,2025,27,4.415372035977105,45.61815336463224,20.4,35.368421052631575,55.01947857356907,65.94083812654067,40.21084337349398,11.90192926045016,0.0526315789473684,44.27131979695431,esvbnzqbyvxp2k570ez7h1a1g
211,Seattle Reign,NWSL,2025,27,8.209366391184574,50.15576323987539,13.2,38.10916179337232,48.837209302325576,41.494661921708186,38.73517786561265,13.748865355521936,0.0864864864864864,42.651893939393936,bl53jk6zlfe5f583pil7xzwi5
212,Utah Royals,NWSL,2025,26,8.444714459295263,39.96265172735761,20.0,35.056390977443606,48.730043541364296,41.40943506115317,33.41708542713568,9.13443072702332,0.055793991416309,44.18098693759071,bn7w86uw8j61dga3xr5s0yiju
213,Washington Spirit,NWSL,2025,29,7.568169170840289,57.8343949044586,15.0,41.90169218372281,52.39388794567063,56.48723997426549,40.32,9.790441176470589,0.1056338028169014,44.70735099337749,f1ks82wpiewyqs6h3oz9v4hzj
214,Bordeaux,Première Ligue,23-24,22,13.685015290519878,37.295690936106986,15.1,41.33522727272727,41.00445009535918,33.62369337979094,43.87096774193549,14.63984674329502,0.0921985815602836,40.86703862660944,114h4h9ekimxmk95iypp478kk
215,Dijon,Première Ligue,23-24,22,16.286307053941908,31.021194605009637,14.4,38.45238095238096,40.55944055944056,38.670988654781205,43.15789473684211,14.041379310344828,0.0184049079754601,41.78907905460473,axvm5zg0mk4bp06wpec9vw27e
216,Fleury 91,Première Ligue,23-24,21,9.719058466211086,47.30983302411874,13.9,39.73902728351127,46.3036963036963,47.69179674526736,45.47677261613692,10.929392446633829,0.0505836575875486,43.39031171019377,97jxqfbi28yoeedjbbw5xqhyi
217,Guingamp,Première Ligue,23-24,22,10.885733603786342,46.411483253588514,13.636,36.03473227206946,44.17852522639068,31.46427427106697,47.10144927536232,12.37818181818182,0.0082644628099173,41.85741543798786,drnln5nhp7dqype6j3upkoiqp
218,Le Havre,Première Ligue,23-24,21,8.942558746736292,36.97749196141479,14.3,35.56650246305419,46.26723728007608,46.13867893526125,39.69849246231156,12.921052631578949,0.0209424083769633,41.81896400351185,2gmv49xieg3zee2hx0lhcp17u
219,Lille,Première Ligue,23-24,22,10.039630118890356,41.935483870967744,15.136,37.48395378690629,41.22858830478441,41.30653266331658,41.68937329700272,12.850378787878787,0.0509554140127388,40.46992353440952,8ce3ky362lznglugkubc3bn6m
220,Montpellier,Première Ligue,23-24,22,12.023898431665422,38.58093126385809,12.6,37.57225433526011,41.80790960451977,47.463429816371,44.08352668213457,10.091472868217055,0.0298507462686567,44.0436862745098,2w4xxgpg4t4h5b3yl74egastz
221,OL Lyonnes,Première Ligue,23-24,24,8.78003696857671,47.53521126760563,18.73,50.80870050195203,52.63157894736842,83.00990916597854,43.6183395291202,8.36352657004831,0.0241935483870967,53.5375,e5hsx8fzufp57tv4oehbz0qht
222,Paris FC,Première Ligue,23-24,24,10.372178157413057,43.66576819407008,14.5,40.228945216680295,46.58454647256439,63.90997830802603,34.81717011128776,10.558610709117222,0.0156739811912225,46.47518610421836,bdfjkux9o0vtsdig5zsbhtysq
223,Paris Saint-Germain,Première Ligue,23-24,24,6.543624161073826,47.10743801652893,13.1,38.82536382536382,53.54439091534756,71.06124357176252,38.36805555555556,9.292604501607718,0.0496688741721854,45.65613415710503,ad9ip2f3tijbv4nqaayyqqkee
224,Saint-Étienne,Première Ligue,23-24,22,13.1171702284451,38.34808259587021,14.1,40.273972602739725,42.06437291897892,38.37638376383764,47.6027397260274,14.142307692307693,0.0588235294117647,40.06432119205298,8w1kb52vyqy1wbrrhvtglsgnq
225,Stade de Reims,Première Ligue,23-24,24,10.903659447348767,51.57068062827225,10.9,40.75187969924812,44.29882044560944,28.62463421122639,28.391167192429023,13.488964346349745,0.0625,39.92881969587256,86c88s72zckr0kdwv0mu7kn3d
226,Dijon,Première Ligue,24-25,23,13.452566096423016,37.17421124828533,15.2,40.17094017094017,44.77555639381365,45.70753478603308,43.97590361445783,14.006666666666666,0.0476190476190476,44.731668153434434,axvm5zg0mk4bp06wpec9vw27e
227,Fleury 91,Première Ligue,24-25,22,12.941176470588236,34.98542274052478,13.9,39.35546875,46.9022687609075,40.93637454981992,44.36450839328538,14.091778202676863,0.0333333333333333,44.10294117647059,97jxqfbi28yoeedjbbw5xqhyi
228,Guingamp,Première Ligue,24-25,22,12.791430371770636,33.54838709677419,13.0,34.024896265560166,44.38153310104529,32.12307692307692,44.05594405594406,17.56581986143187,0.0145985401459854,40.90450450450451,drnln5nhp7dqype6j3upkoiqp
229,Le Havre,Première Ligue,24-25,22,15.949632738719831,29.34272300469484,13.960000000000004,39.1123439667129,41.63841807909605,37.45733788395905,39.82494529540481,17.37984496124031,0.0184049079754601,42.77916270218839,2gmv49xieg3zee2hx0lhcp17u
230,Montpellier,Première Ligue,24-25,22,11.492537313432836,39.85890652557319,13.918,41.61490683229814,48.09703053115852,44.2896174863388,47.82608695652174,12.108658743633276,0.0585365853658536,45.42832103321034,2w4xxgpg4t4h5b3yl74egastz
231,Nantes,Première Ligue,24-25,22,5.6719468574348495,60.32520325203252,13.2,35.04531722054381,42.96774193548387,36.12921507509209,47.30392156862745,13.693609022556393,0.0519480519480519,43.81272554605888,5ub6bjk9787lqakrfxs55ljvt
232,Olympique Lyonnais,Première Ligue,24-25,24,10.482019892884468,46.478873239436616,19.6,51.82370820668692,50.96692111959288,82.65287271383706,36.96969696969697,10.113744075829384,0.0297029702970297,52.99892008639309,e5hsx8fzufp57tv4oehbz0qht
233,PSG,Première Ligue,24-25,24,8.084824387011267,49.25775978407557,18.746,43.34975369458128,51.88158554942298,74.5829244357213,40.1244167962675,10.461309523809524,0.0237154150197628,50.18003784295175,ad9ip2f3tijbv4nqaayyqqkee
234,Paris FC,Première Ligue,24-25,23,13.014705882352942,33.54755784061697,15.676000000000004,42.36694677871149,49.9831365935919,69.80277185501066,34.07738095238096,12.76909722222222,0.0284810126582278,46.65369198312237,bdfjkux9o0vtsdig5zsbhtysq
235,Saint-Étienne,Première Ligue,24-25,22,15.798319327731091,27.86144578313253,13.5,41.58767772511848,44.10828025477707,34.38685208596713,41.06145251396648,15.931535269709544,0.0335570469798657,40.99316239316239,8w1kb52vyqy1wbrrhvtglsgnq
236,Stade de Reims,Première Ligue,24-25,22,12.431941923774954,27.77777777777778,15.010000000000002,38.059701492537314,42.44389027431421,39.09329829172142,46.17940199335549,13.66725352112676,0.0821917808219178,44.34636524822695,86c88s72zckr0kdwv0mu7kn3d
237,Strasbourg,Première Ligue,24-25,22,10.175240248728096,40.247252747252745,14.146000000000004,39.67022308438409,47.66178554558337,35.11745465358311,47.43935309973046,14.907327586206897,0.0197368421052631,41.60195473251029,2hh1o3ebw92mh91j1oc8057u
238,Dijon,Première Ligue,25-26,22,11.812865497076023,52.5390625,13.0,38.6547811993517,48.89502762430939,40.4775440591245,45.68181818181819,14.284600389863549,0.0125786163522012,44.2408,axvm5zg0mk4bp06wpec9vw27e
239,Fleury 91,Première Ligue,25-26,22,13.02549965541006,36.97841726618705,13.6,40.40501446480231,43.69230769230769,47.530647985989496,48.894348894348894,14.030181086519114,0.0569620253164556,42.47967557251908,97jxqfbi28yoeedjbbw5xqhyi
240,Le Havre,Première Ligue,25-26,22,17.613636363636363,21.5633423180593,14.142,34.80055020632737,41.88235294117647,33.54641467481934,42.71604938271605,15.028776978417266,0.0610687022900763,43.301364877161056,2gmv49xieg3zee2hx0lhcp17u
241,Lens,Première Ligue,25-26,21,14.844533600802407,35.33190578158458,13.6,40.11904761904762,42.32856438085841,40.714995034756704,42.85714285714285,14.587426326129666,0.0337078651685393,45.37325456498389,24v47cwezmde5zra867ulqzca
242,Montpellier,Première Ligue,25-26,22,17.28,32.70321361058601,12.1,36.60714285714285,38.32951945080092,42.44870501177262,38.02469135802469,12.319419237749546,0.072289156626506,42.91391304347826,2w4xxgpg4t4h5b3yl74egastz
243,Nantes,Première Ligue,25-26,23,8.280565026790063,52.55681818181818,13.0,35.0,43.5960591133005,40.78988941548183,41.55555555555556,13.053703703703704,0.0762711864406779,43.49296435272045,5ub6bjk9787lqakrfxs55ljvt
244,OL Lyonnes,Première Ligue,25-26,24,9.842223891810669,39.74358974358975,18.132000000000005,44.008483563096505,50.6993006993007,84.55486542443063,43.398392652124,8.69069069069069,0.0372492836676217,53.42082901554404,e5hsx8fzufp57tv4oehbz0qht
245,Olympique Marseille,Première Ligue,25-26,22,14.439834024896264,38.11252268602541,13.8,42.5343811394892,45.23809523809524,45.64001316222441,40.09779951100245,15.605882352941176,0.0680628272251308,43.59269035532995,exjjpodsty2trp6j404tx09jw
246,PSG,Première Ligue,25-26,22,7.528314457028648,49.72677595628415,15.0,49.35064935064935,53.51524879614768,68.24644549763033,42.56880733944954,9.73469387755102,0.0526315789473684,48.68360655737705,ad9ip2f3tijbv4nqaayyqqkee
247,Paris FC,Première Ligue,25-26,24,14.51505016722408,35.751295336787564,13.8,42.19985621854781,47.28403141361257,60.15625,34.61538461538461,11.23716012084592,0.043103448275862,46.99128919860628,bdfjkux9o0vtsdig5zsbhtysq
248,Saint-Étienne,Première Ligue,25-26,22,20.182291666666664,24.193548387096776,14.506,41.011984021304926,40.44117647058824,37.18855736696401,45.97014925373134,13.63716814159292,0.0445859872611464,43.90092850510678,8w1kb52vyqy1wbrrhvtglsgnq
249,Strasbourg,Première Ligue,25-26,22,11.678463094034376,46.07268464243845,14.25,37.56476683937824,47.29002896152255,41.71526586620927,46.40522875816993,13.519157088122606,0.0753424657534246,44.24848484848485,2hh1o3ebw92mh91j1oc8057u
250,Aberdeen,Scottish Women's Premier League,23-24,32,11.701652523447969,40.81196581196581,12.1,34.52157598499062,42.74965800273598,35.083474473747884,38.46153846153847,14.793795620437956,0.025830258302583,37.478824415975886,bvcbkaayj2uzjlx8woxzigf13
251,Celtic,Scottish Women's Premier League,23-24,32,10.41025641025641,41.37931034482759,12.424,44.57765667574932,50.35059331175836,73.31636648394675,36.016096579476866,9.858757062146893,0.0124223602484472,47.981338912133886,aa5f35qs2mapw8t8wd0uvoxf
252,Dundee United,Scottish Women's Premier League,23-24,31,13.190184049079754,20.27194066749073,14.2,28.923076923076923,38.1541924592009,22.69592476489028,48.84318766066838,17.79563492063492,0.008130081300813,35.235447498238194,dt9rrrq1z5ws408w163kjl0tl
253,Glasgow City,Scottish Women's Premier League,23-24,32,10.591549295774648,42.503259452412,12.824000000000002,47.80361757105943,49.65397923875432,74.96574672147192,43.34811529933481,10.127044025157232,0.0183908045977011,48.04353214562354,dmui7ogo3hqgonu0uvf6isd29
254,Hamilton Academical,Scottish Women's Premier League,23-24,32,30.01579778830964,9.375,14.9,29.95689655172414,29.84384037015616,22.41031841999194,38.40749414519906,17.333910034602077,0.028735632183908,39.93522110162917,7nt7uzhx2yugbxg3yemlgtx43
255,Hearts,Scottish Women's Premier League,23-24,32,10.330188679245284,42.22766217870257,12.5,41.09947643979058,47.22625617194307,50.51042109740536,41.13475177304964,13.22408536585366,0.0085714285714285,42.9028793774319,3uux4ud92au0qgq9orx9n7iyt
256,Hibernian,Scottish Women's Premier League,23-24,32,14.459556191839656,27.925531914893615,13.2,42.73927392739274,43.60549132947977,54.36375749500333,45.72192513368984,12.954612005856516,0.0123456790123456,45.144213886671984,1lycp4pntknd9d2jwemtny45g
257,Montrose,Scottish Women's Premier League,23-24,32,33.7962962962963,7.758620689655173,16.284000000000002,30.89311859443631,30.854659584741672,36.57686948444032,31.55172413793104,12.476439790575917,0.0137457044673539,42.77110655737705,evnw6tqeufv9un137xbgtftnt
258,Motherwell,Scottish Women's Premier League,23-24,31,11.58704008786381,36.24708624708624,13.0,36.79245283018868,42.92521994134898,57.80085798148566,44.300144300144304,12.83534743202417,0.0152905198776758,44.81555023923445,bbzgnrvwoqlci63k0lkrf4uzt
259,Partick Thistle,Scottish Women's Premier League,23-24,32,17.51751751751752,21.33333333333333,14.2,35.1123595505618,35.68365888518342,37.08474576271186,43.08943089430895,15.347826086956522,0.0170212765957446,41.98036211699164,69tjuryaqmkgb4gd6707s87op
260,Rangers,Scottish Women's Premier League,23-24,32,14.592833876221498,32.565130260521045,15.6,47.04918032786885,47.37789203084833,83.55227640813389,35.36693191865606,10.744,0.0165562913907284,51.11461675579323,550y896sa4zzsnoveuaep1uh9
261,Spartans,Scottish Women's Premier League,23-24,32,16.88125894134478,22.84382284382284,14.2,36.975857687420586,36.439888164026094,39.13147220233834,43.40949033391915,15.264516129032256,0.0132743362831858,40.48013544018059,fixfz8m7cgk7csh7f38rd0gn
262,Aberdeen,Scottish Women's Premier League,25-26,24,11.506276150627617,44.6319018404908,12.2,35.823170731707314,37.14466203411245,41.83673469387755,51.52284263959391,16.525581395348837,0.0816326530612244,41.360431654676255,bvcbkaayj2uzjlx8woxzigf13
263,Celtic,Scottish Women's Premier League,25-26,28,9.649568308786186,41.48571428571429,12.8,39.71119133574007,49.00813008130081,57.60942012886026,44.35028248587571,11.237388724035608,0.0334448160535117,46.63066439522999,aa5f35qs2mapw8t8wd0uvoxf
264,Glasgow City,Scottish Women's Premier League,25-26,28,9.866156787762906,52.7972027972028,18.1,42.10526315789473,52.46240047183721,69.40429259745949,40.469613259668506,12.101027397260276,0.0351437699680511,47.15242248062016,dmui7ogo3hqgonu0uvf6isd29
265,Hamilton Academical,Scottish Women's Premier League,25-26,24,27.062706270627064,15.950920245398772,12.5,26.229508196721312,24.193548387096776,11.879990321800143,34.45378151260504,20.861256544502616,0.0804597701149425,37.95035460992908,7nt7uzhx2yugbxg3yemlgtx43
266,Hearts,Scottish Women's Premier League,25-26,28,8.80195599022005,51.96770938446014,14.1,38.4870603848706,46.66279744631457,59.52328404325756,37.46666666666666,13.911654135338344,0.0437017994858611,44.27846750727449,3uux4ud92au0qgq9orx9n7iyt
267,Hibernian,Scottish Women's Premier League,25-26,28,15.064298836497244,35.39703903095558,14.436000000000002,39.09465020576132,43.26241134751773,67.27613689639006,52.06703910614525,11.204610951008643,0.0520833333333333,48.1846556233653,1lycp4pntknd9d2jwemtny45g
268,Montrose,Scottish Women's Premier League,25-26,24,41.127348643006265,5.671077504725898,16.648000000000003,28.397212543554005,27.77777777777778,41.87206572769953,45.47461368653421,11.87479406919275,0.0508474576271186,44.448207885304654,evnw6tqeufv9un137xbgtftnt
269,Motherwell,Scottish Women's Premier League,25-26,24,12.234706616729088,43.392070484581495,11.188,38.26473859844272,43.32801701222754,42.72905575791538,45.77464788732394,16.93144208037825,0.0331491712707182,40.88644421272159,bbzgnrvwoqlci63k0lkrf4uzt
270,Partick Thistle,Scottish Women's Premier League,25-26,28,19.479606188466946,35.66529492455418,12.1,28.486646884273,36.02941176470589,27.54911131898971,36.803874092009686,18.237816764132557,0.0507246376811594,39.82610544217687,69tjuryaqmkgb4gd6707s87op
271,Rangers,Scottish Women's Premier League,25-26,28,9.150684931506849,52.40328253223915,16.0,44.100197758734346,47.22040549378679,72.04968944099379,42.63839811542992,9.47721179624665,0.029891304347826,48.22270091135046,550y896sa4zzsnoveuaep1uh9
272,Como,Serie A Femminile,24-25,26,21.20418848167539,27.538247566063976,13.8,35.294117647058826,42.46823956442831,47.98983364140481,37.64906303236798,11.825443786982248,0.0147058823529411,44.62336523125997,8gw3pgcd0doivaul55q8na9lg
273,Fiorentina,Serie A Femminile,24-25,26,11.806914546640574,40.47619047619048,12.8,42.26884226884227,48.63968148639681,50.128235019818135,34.003091190108194,11.781010719754978,0.0622406639004149,45.71007311129164,p2dsrpus5eckpz2h16svaour
274,Internazionale,Serie A Femminile,24-25,26,14.322747893713544,40.43243243243244,14.9,41.43167028199567,47.93195463642429,54.27542754275427,41.67872648335745,10.469673405909798,0.0364963503649635,45.496355932203386,ca8pjvyb7hgttr1dalj2nguum
275,Juventus,Serie A Femminile,24-25,26,18.039895923677363,31.50984682713348,12.098,39.9822695035461,46.4939024390244,53.70537731586082,48.18181818181818,11.527355623100304,0.0714285714285714,47.28445040214478,7w2y7s7q5r1h1flz9y4sj6xka
276,Lazio,Serie A Femminile,24-25,26,16.079734219269103,39.29471032745592,16.268000000000004,37.71093176815848,47.22222222222222,55.36480686695279,43.48993288590604,8.60941475826972,0.0551724137931034,46.631424481030784,8gtf022wgc8oxe9hzm38tb1bt
277,Milan,Serie A Femminile,24-25,26,13.4375,36.29139072847682,15.1,43.31665475339528,48.7893864013267,60.120643431635386,38.80813953488372,10.662015503875969,0.0393442622950819,45.31522842639595,acpt3r9i7hburdteruzc31u96
278,Napoli,Serie A Femminile,24-25,26,16.069788797061523,24.746743849493487,13.3,37.78054862842893,44.06856111862878,34.023991275899675,30.617283950617285,12.8103186646434,0.0866141732283464,42.05702781844802,7s17rgnqloyua7rco81zyqwcu
279,Roma,Serie A Femminile,24-25,26,8.546475358702432,51.828298887122415,13.1,48.14348646947766,50.25411061285501,66.71122994652407,46.30606860158312,11.4585289514867,0.0498687664041994,48.48306679209784,5snsl2d1lu2oclbriztdy61d6
280,Sampdoria,Serie A Femminile,24-25,26,16.203703703703702,24.429967426710096,11.5,39.75409836065574,43.86892177589852,26.525336091003105,38.08219178082192,15.175257731958762,0.081967213114754,40.1563390847712,agjf3593kdfob1fl43rlt2b6c
281,Sassuolo,Serie A Femminile,24-25,26,20.309653916211293,20.65527065527065,13.4,33.47547974413646,39.87985212569316,44.82114255205553,34.305317324185246,11.132707774798927,0.092511013215859,46.952067381317,7jaarwfaeewpo3vnfvhc2c665
282,Como Women,Serie A Femminile,25-26,22,11.799850634802093,37.6311844077961,12.4,37.13592233009709,46.359088382434685,34.480639213275964,45.04249291784703,15.442953020134228,0.0615384615384615,41.83203592814371,8gw3pgcd0doivaul55q8na9lg
283,Fiorentina,Serie A Femminile,25-26,22,11.053024645257654,50.266429840142095,13.9,47.29981378026071,47.92027729636049,63.06456082017179,38.25396825396825,10.879406307977735,0.0425531914893617,49.6360884749709,p2dsrpus5eckpz2h16svaour
284,Genoa,Serie A Femminile,25-26,22,15.205223880597016,35.43046357615894,12.534000000000002,31.686046511627907,41.98286413708691,36.71512527064646,42.85714285714285,15.756410256410255,0.1158536585365853,41.23921755725191,buo8k6lab9ods1122bosv9obu
285,Internazionale,Serie A Femminile,25-26,22,15.476190476190476,35.67318757192175,16.808000000000003,39.43298969072165,47.00328407224959,59.245391705069125,40.53601340033501,11.073446327683616,0.0211864406779661,45.94337606837607,ca8pjvyb7hgttr1dalj2nguum
286,Juventus,Serie A Femminile,25-26,22,13.790255986787775,43.02600472813239,12.466000000000005,39.78779840848807,48.97070467141726,63.55036171396773,45.8128078817734,11.256944444444445,0.0522388059701492,49.52532751091703,7w2y7s7q5r1h1flz9y4sj6xka
287,Lazio,Serie A Femminile,25-26,22,11.604095563139932,47.61146496815287,11.7,42.560175054704594,48.51292052657241,49.8703823720026,52.34375,11.3715953307393,0.0411764705882352,43.80417515274949,8gtf022wgc8oxe9hzm38tb1bt
288,Milan,Serie A Femminile,25-26,21,13.95007342143906,37.586685159500696,15.020000000000003,38.6317907444668,43.79294548786074,57.24758413862045,38.67924528301887,11.613545816733067,0.05,44.74365162644281,acpt3r9i7hburdteruzc31u96
289,Napoli Women,Serie A Femminile,25-26,22,12.127659574468083,34.59669582118562,17.896,36.34385201305767,44.05021834061135,56.749555950266426,28.8546255506608,11.566539923954371,0.0412371134020618,47.96231721034871,7s17rgnqloyua7rco81zyqwcu
290,Parma,Serie A Femminile,25-26,22,10.328358208955224,53.55191256830601,11.9,34.521384928716905,46.15716753022453,40.90486519987604,42.58760107816711,14.089613034623218,0.0301204819277108,42.465949119373775,7pm0maqtof5rdc3ksumasw55g
291,Roma,Serie A Femminile,25-26,21,9.446254071661238,45.6359102244389,11.1,41.75050301810865,48.53072128227961,57.875894988066825,36.49484536082474,13.22633744855967,0.064,46.174655963302754,5snsl2d1lu2oclbriztdy61d6
292,Sassuolo,Serie A Femminile,25-26,22,14.391143911439114,32.3049001814882,12.972000000000005,38.32258064516129,47.686445291235714,40.08097165991903,41.03194103194103,14.02880658436214,0.1271676300578034,44.3147489539749,7jaarwfaeewpo3vnfvhc2c665
293,Ternana Women,Serie A Femminile,25-26,22,15.010799136069114,30.373831775700936,13.0,36.60130718954248,40.64872325741892,36.04180714767363,37.309644670050766,12.28897338403042,0.0533333333333333,41.348667850799295,2w91bpr7ibq1nsn2kg7ykjms4
294,Brooklyn,USL Super League,24-25,28,8.329022245214693,49.95442114858706,14.9,38.69303525365434,43.05657604702425,48.16122388937923,43.54527938342967,12.380396732788798,0.0611353711790393,46.70746268656716,eslatwjz83segadwsds8fo6j8
295,Carolina Ascent,USL Super League,24-25,29,8.093763821318001,56.61157024793389,16.692000000000007,32.84275755228505,46.95187165775401,57.61977573904179,36.86131386861314,12.473202614379083,0.0305343511450381,46.69455882352941,44j8qxiegml596jurnwr5ubdg
296,DC Power,USL Super League,24-25,28,8.981092436974789,42.85714285714285,12.126000000000005,37.22689075630253,46.302367941712205,48.39228295819936,43.445692883895134,13.05631868131868,0.0622222222222222,42.72623169107857,c1ed7p5qzbt76o130i5x7af4k
297,Dallas Trinity,USL Super League,24-25,29,9.696186166774403,47.527472527472526,14.9,41.265060240963855,45.80686149936468,58.78208354302969,43.353474320241695,11.426783479349186,0.0454545454545454,45.67088607594936,acwakqod21oacz0gmqlwdfuok
298,Fort Lauderdale United,USL Super League,24-25,30,8.430717863105174,56.59050966608084,14.8,38.256658595641646,47.45018574805809,48.72556297946053,41.35338345864661,10.533825338253385,0.0723404255319148,43.948082966687615,3ahqhxzxpqp5vtx113hmw5990
299,Lexington,USL Super League,24-25,28,11.608832807570977,40.7967032967033,12.832,41.87793427230047,48.06652806652807,37.11731238146844,47.25536992840095,15.224193548387095,0.0650887573964497,42.68112764291308,cmw14attlxgvhdqv1s559ki6s
300,Spokane Zephyr,USL Super League,24-25,28,10.93484419263456,43.65714285714286,14.042000000000009,40.468986384266266,48.62572107227689,51.3916015625,35.992217898832685,10.685503685503685,0.0266666666666666,45.49716655148583,2gucw45otkxodbj9h1bvvsro4
301,Tampa Bay Sun,USL Super League,24-25,30,9.519038076152304,55.13126491646778,14.0,38.08680248007086,45.67233384853168,48.61145859394546,45.45454545454545,10.67665418227216,0.0796812749003984,44.12699425654116,7hafv1xtl8ycb6nnmvu5o87x0
302,Brooklyn,USL Super League,25-26,28,10.692307692307692,45.324675324675326,14.1,33.5632183908046,40.105008077544426,44.39352276199205,39.29236499068901,11.3115338882283,0.0717948717948717,45.146068152031454,eslatwjz83segadwsds8fo6j8
303,Carolina Ascent,USL Super League,25-26,30,8.518296340731855,58.177826564215145,16.656000000000006,36.21867881548975,48.74255459960291,51.41554702495201,35.43859649122807,11.624860022396415,0.0862745098039215,47.87094365241004,44j8qxiegml596jurnwr5ubdg
304,DC Power,USL Super League,25-26,28,9.081139172487909,49.09344490934449,14.1,38.14589665653496,48.01223241590214,54.71603702777082,42.14876033057851,10.73002421307506,0.0732484076433121,44.39061467283543,c1ed7p5qzbt76o130i5x7af4k
305,Dallas Trinity,USL Super League,25-26,29,6.9239500567536885,49.46236559139785,15.489999999999998,41.373801916932905,49.92066010790225,50.52577583995897,38.40304182509506,12.082337317397078,0.1139240506329113,43.38368600682594,acwakqod21oacz0gmqlwdfuok
306,Fort Lauderdale United,USL Super League,25-26,28,10.253317249698432,50.99557522123894,14.5,37.704918032786885,48.87187751813054,41.93037974683544,49.528301886792455,10.163461538461538,0.1624365482233502,43.61692094313454,3ahqhxzxpqp5vtx113hmw5990
307,Lexington,USL Super League,25-26,30,7.794192562404483,45.70957095709571,12.6,37.80193236714976,53.42465753424658,54.26008968609865,36.00682593856656,10.38933030646992,0.0425531914893617,46.34764930114358,cmw14attlxgvhdqv1s559ki6s
308,Spokane Zephyr,USL Super League,25-26,28,16.208597603946444,34.96115427302997,14.0,35.985198889916745,43.33816075307748,48.05962477512208,38.18827708703375,11.486381322957198,0.1096491228070175,45.24085231447465,2gucw45otkxodbj9h1bvvsro4
309,Sporting JAX,USL Super League,25-26,29,9.020742884708152,47.848101265822784,14.954000000000008,37.47276688453159,49.90328820116054,56.78368121442126,48.52713178294574,10.79639175257732,0.0732600732600732,45.66106761565837,dlmu64l83w7q1vxuajxql1jis
310,Tampa Bay Sun,USL Super League,25-26,28,12.140077821011673,55.125284738041,13.442000000000002,38.21932681867536,45.40466392318244,45.97382989431304,43.30097087378641,11.44167758846658,0.0511627906976744,43.490933878663945,7hafv1xtl8ycb6nnmvu5o87x0
311,ADO Den Haag,Vrouwen Eredivisie,24-25,22,14.67522052927025,29.900332225913623,12.448000000000002,34.20158550396376,45.09056244041945,44.05924992121021,44.26966292134831,12.993798449612402,0.0331491712707182,44.009570154095705,a5trlgdq6k0s4whhg5b2btzw
312,AZ,Vrouwen Eredivisie,24-25,22,11.466666666666669,38.095238095238095,14.5,35.348837209302324,46.55172413793103,52.27848101265823,31.767337807606268,10.242138364779874,0.0337552742616033,45.13015873015873,f43d6vrkwh6z9edztu7el71j6
313,Ajax,Vrouwen Eredivisie,24-25,21,12.260807937632883,40.026246719160106,15.908000000000005,45.26315789473684,50.558213716108455,74.02816901408451,29.36400541271989,9.225656877897991,0.0393258426966292,50.56082051282051,8uwvjzazv3wsaswlsfg3if4q1
314,Excelsior,Vrouwen Eredivisie,24-25,22,17.170228445099482,33.915211970074814,12.2,33.490566037735846,38.93178893178893,29.938570966699,38.57566765578635,14.68365553602812,0.0596026490066225,41.84759493670886,7okfa68u02sjce1xa4ez80cbu
315,Feyenoord,Vrouwen Eredivisie,24-25,22,11.946158160403812,51.25125125125125,13.3,43.52482960077897,45.08027995059695,57.88121990369181,48.49498327759198,11.678868552412643,0.0414746543778801,44.93913427561838,9xx15yz7sl5dore0z8d8556ok
316,Fortuna Sittard,Vrouwen Eredivisie,24-25,21,14.674819344080046,39.41299790356394,12.2,31.627906976744185,45.045476304451896,27.182919056724025,40.97222222222222,17.534934497816593,0.1317829457364341,39.71428571428572,b8dlg2nlbrcm3f1vbb8bnqpec
317,Heerenveen,Vrouwen Eredivisie,24-25,22,12.36872812135356,33.590308370044056,11.780000000000006,40.237226277372265,46.17196702002356,38.85765019236461,41.16331096196868,12.065292096219933,0.0238095238095238,43.27519446845289,brqgnvlmr47kw37dweey8q6xz
318,PEC Zwolle,Vrouwen Eredivisie,24-25,22,11.982675649663138,39.87975951903808,11.9,37.29838709677419,47.31874731874732,34.5718901453958,31.818181818181817,13.60167714884696,0.0058479532163742,43.09186906019007,ezcgvb7fg80vqsywwqtwytokr
319,PSV,Vrouwen Eredivisie,24-25,21,11.991117690599555,39.30197268588771,13.5,45.46965918536991,50.254005470887066,71.95571955719558,41.07142857142857,9.794628751974724,0.0436241610738255,50.683298755186726,3ysjozknzrinvf5um9mxef35a
320,Telstar,Vrouwen Eredivisie,24-25,21,13.172043010752688,36.890951276102086,12.8,30.58823529411765,38.38028169014084,26.606726606726603,46.2406015037594,17.270967741935483,0.09,40.86157540826128,cecrx81ukc1zjklhvdtwqp34k
321,Twente,Vrouwen Eredivisie,24-25,22,13.949104618284638,42.1792618629174,14.2,47.330677290836654,49.70652971386647,69.061876247505,35.012919896640824,10.22043795620438,0.0225988700564971,49.535384615384615,40wdzees80p0in5b2ajn4qlp1
322,Utrecht,Vrouwen Eredivisie,24-25,22,12.44075829383886,41.309255079006775,14.9,44.18772563176896,46.63618549967342,63.65754222481071,42.10526315789473,9.80952380952381,0.03125,46.3176523297491,aoaced38v02b2trzucbou0ulz
323,ADO Den Haag,Vrouwen Eredivisie,25-26,7,16.015625,25.0,10.1,32.608695652173914,46.52241112828439,29.049111807732498,46.42857142857143,12.543956043956044,0.0303030303030303,40.14862155388472,a5trlgdq6k0s4whhg5b2btzw
324,AZ,Vrouwen Eredivisie,25-26,7,11.177347242921014,41.39941690962099,12.876000000000005,36.89024390243903,48.78048780487805,47.00686947988223,29.239766081871345,10.541666666666666,0.0326086956521739,44.46731301939058,f43d6vrkwh6z9edztu7el71j6
325,Ajax,Vrouwen Eredivisie,25-26,7,11.131725417439704,37.786259541984734,13.962,47.325102880658434,56.32411067193676,67.49482401656314,31.57894736842105,8.995169082125605,0.0138888888888888,49.14807121661722,8uwvjzazv3wsaswlsfg3if4q1
326,Excelsior,Vrouwen Eredivisie,25-26,7,9.699769053117784,44.02173913043478,10.572,37.87234042553192,47.771836007130126,27.9467680608365,38.095238095238095,14.566265060240964,0.0476190476190476,39.5568,7okfa68u02sjce1xa4ez80cbu
327,Feyenoord,Vrouwen Eredivisie,25-26,7,16.483516483516482,32.06896551724138,12.5,33.980582524271846,45.68393094289508,49.310710498409335,49.13294797687861,13.94915254237288,0.0140845070422535,44.43333333333334,9xx15yz7sl5dore0z8d8556ok
328,HERA United,Vrouwen Eredivisie,25-26,7,19.5852534562212,30.797101449275363,12.134,33.50253807106599,45.03968253968254,26.56748140276301,47.57281553398058,17.454545454545453,0.1111111111111111,37.65027027027027,ey2assyykhw6f3hx4xpc4t5p0
329,Heerenveen,Vrouwen Eredivisie,25-26,7,11.50442477876106,39.92094861660079,20.438,37.13450292397661,48.63813229571984,52.23260643821392,44.5945945945946,10.195979899497488,0.0454545454545454,46.007471264367815,brqgnvlmr47kw37dweey8q6xz
330,NAC Breda,Vrouwen Eredivisie,25-26,7,16.350710900473935,33.093525179856115,13.656,30.0,41.5270018621974,29.835390946502056,47.674418604651166,14.658959537572256,0.04,41.74469273743017,c5adf54jpyoa0q2fidjq0asd0
331,PEC Zwolle,Vrouwen Eredivisie,25-26,7,21.904761904761905,20.32967032967033,12.5,38.69209809264305,48.43373493975904,59.75494816211122,40.22346368715084,11.889380530973453,0.0827067669172932,48.90367231638419,ezcgvb7fg80vqsywwqtwytokr
332,PSV,Vrouwen Eredivisie,25-26,7,11.363636363636363,36.86440677966102,12.816,51.42857142857142,51.15384615384615,76.08861726508785,38.26086956521739,8.970954356846473,0.0476190476190476,52.061581920903954,3ysjozknzrinvf5um9mxef35a
333,Twente,Vrouwen Eredivisie,25-26,7,10.15625,43.373493975903614,14.440000000000005,49.57446808510638,55.97609561752988,72.92768959435627,36.17021276595745,12.36723163841808,0.0317460317460317,46.87225806451613,40wdzees80p0in5b2ajn4qlp1
334,Utrecht,Vrouwen Eredivisie,25-26,7,11.022727272727272,35.348837209302324,12.686,32.075471698113205,44.935344827586206,49.08565928777671,43.19526627218935,12.353658536585366,0.0263157894736842,42.22848484848485,aoaced38v02b2trzucbou0ulz
335,Birmingham City,Women's Super League 2,25-26,22,13.754646840148698,40.03407155025554,15.5,46.954986760812,46.79437060203284,71.31713171317132,41.90193164933135,10.52826855123675,0.0650154798761609,46.68080912863071,4s6f6ktui5q36clvqisqr6lvo
336,Bristol City,Women's Super League 2,25-26,22,8.074074074074074,46.05475040257649,13.5,39.784946236559136,47.56880733944954,53.8541306602143,40.70796460176992,10.539347408829174,0.0514018691588785,44.524148606811146,9m7z1upwp3svfn611ejq7d36v
337,Charlton Athletic,Women's Super League 2,25-26,22,11.98501872659176,33.17422434367542,12.9,49.67213114754098,51.34615384615384,45.15456755817993,40.21447721179624,13.517182130584192,0.065359477124183,43.75451263537906,41gc7c8gdujhqd7b6jeiy93o6
338,Crystal Palace,Women's Super League 2,25-26,22,9.96415770609319,38.04347826086956,13.202000000000004,41.719077568134175,48.6304445442299,56.33652822151225,42.173913043478265,10.38517179023508,0.05,43.65164092664093,6o6989d7o4w1kn35cu75y1mny
339,Durham,Women's Super League 2,25-26,22,11.51566469093988,43.82022471910113,14.52,37.88487282463186,44.24920127795527,38.64090606262492,36.12040133779264,12.59120879120879,0.1166666666666666,40.39781312127237,69zcuxk3ooqd3qoy5qv0el46t
340,Ipswich Town,Women's Super League 2,25-26,22,19.318181818181817,26.763110307414102,15.4,32.801418439716315,38.6117136659436,37.87688442211055,48.49315068493151,12.876760563380282,0.06875,42.88969258589512,crlpv1ee9shz8npct9cts66xc
341,Newcastle United,Women's Super League 2,25-26,22,10.88680605623648,49.75369458128079,14.8,44.227504244482176,48.83635020317695,57.91640278657378,44.01622718052739,13.293478260869565,0.0521327014218009,43.51054421768708,dr9t4jv8xuqbhrpao210srtni
342,Nottingham Forest,Women's Super League 2,25-26,22,7.581018518518519,51.54185022026432,14.7,39.40677966101695,51.38240574506283,59.27588270496709,34.41108545034642,10.696363636363635,0.0666666666666666,43.856534365924496,7ft9s47h5gbc35sbndoswkdwl
343,Portsmouth,Women's Super League 2,25-26,22,12.71551724137931,42.5531914893617,15.7,36.69871794871795,41.64490861618799,37.448132780082986,37.34567901234568,13.2217659137577,0.0961538461538461,42.96296296296296,7qrv10bzmfn7bvyfsoe8hm6i6
344,Sheffield United,Women's Super League 2,25-26,22,11.177794448612154,48.31625183016106,13.5,38.83248730964467,43.64994663820704,41.574103459219295,36.58536585365854,12.674509803921568,0.120253164556962,43.000194741966894,7cnwcepvri5mqscf68xf4n3mg
345,Southampton,Women's Super League 2,25-26,22,9.407337723424272,44.15807560137457,15.668,39.41368078175896,45.19136408243376,48.379629629629626,34.59715639810427,11.76962457337884,0.0971428571428571,43.6709991158267,d0e0ef84lu9gp5ga02l8h2q96
346,Sunderland,Women's Super League 2,25-26,22,12.296983758700696,39.354838709677416,15.0,42.79141104294479,42.50629722921914,49.47435489009239,49.9001996007984,12.646520146520146,0.1206896551724138,42.470844444444445,2fornxej3uxyo1v7wczz20l1e
347,Arsenal,Women's Super League,24-25,22,7.152974504249292,60.985915492957744,20.1,40.05763688760807,55.4983922829582,78.91019172552977,36.57817109144543,11.272727272727272,0.0416666666666666,49.938678223185256,5rurqie3qt1qav9ir5mkqinn
348,Aston Villa,Women's Super League,24-25,22,9.161793372319687,45.19119351100811,18.5,39.51682484900776,51.23094958968347,53.32648343180067,43.628509719222464,13.713450292397662,0.0603015075376884,44.72861538461538,8l30dsub3sutr6j3ruvk650xc
349,Brighton & Hove Albion,Women's Super League,24-25,22,6.30879911455451,53.75375375375376,14.040000000000004,40.09132420091324,52.21206581352834,48.11840293712712,27.505827505827508,11.634146341463415,0.0655737704918032,46.338181818181816,dcdnoyf6kzhj46iyfm7xq43fy
350,Chelsea,Women's Super League,24-25,22,5.630354957160343,56.2076749435666,19.69,45.55016181229774,55.08798775822494,69.01725431357839,39.66101694915255,10.363934426229507,0.0726643598615917,47.067044381491975,spi3g782q7m4evjxn1sv6cfa
351,Crystal Palace,Women's Super League,24-25,22,13.470319634703197,32.65602322206096,13.534000000000002,32.90993071593534,46.3477366255144,32.43791180942727,42.85714285714285,18.53229398663697,0.0476190476190476,40.0040594059406,6o6989d7o4w1kn35cu75y1mny
352,Everton,Women's Super League,24-25,22,5.997818974918212,67.05882352941177,13.882000000000003,43.44355758266818,52.30769230769232,33.015440508628515,51.3595166163142,16.696202531645568,0.040983606557377,43.124169184290025,7kt37xy93vjy6wac8vq6fqz3g
353,Leicester City,Women's Super League,24-25,22,12.102874432677762,53.88235294117647,11.7,40.08559201141227,47.2808701215611,28.74788084281909,34.88372093023256,16.966796875,0.0680272108843537,39.54169381107492,28u3q82ip96ahymkup01vfxli
354,Liverpool,Women's Super League,24-25,22,11.457521434138735,40.70175438596491,15.4,38.70636550308008,48.75670404680644,43.76338329764454,44.90861618798956,12.323076923076924,0.0734463276836158,44.53996333638863,mjejb0x57ms54j9ry6s8njwh
355,Manchester City,Women's Super League,24-25,22,5.336567616737416,60.77943615257048,22.252,46.513115802943055,55.03237198351971,73.5673839184598,44.10714285714285,11.28962818003914,0.0246913580246913,49.151883353584445,36tr17foeaf9ejjmt2txuoy3y
356,Manchester United,Women's Super League,24-25,22,9.450337512054002,42.34449760765551,14.4,45.66074950690335,49.79372937293729,55.55263848779207,45.018450184501845,10.36950146627566,0.056768558951965,46.50879120879121,axwnneoekq2f2yq6r1l704y96
357,Tottenham Hotspur,Women's Super League,24-25,22,6.937561942517344,54.12844036697248,13.3,40.64327485380117,49.463288965221125,42.98921417565486,40.54726368159204,14.579476861167002,0.1038251366120218,42.69267822736031,9ijyncrxsejz505dbadwr1dir
358,West Ham United,Women's Super League,24-25,22,12.264763140817651,43.75,12.5,38.00277392510402,45.102781136638455,32.50392875851232,40.41994750656168,15.863453815261044,0.1075268817204301,39.65029787234042,cz26xwowfjp8ei14n9z2ac135
359,Arsenal,Women's Super League,25-26,22,6.566104702750665,56.08695652173913,18.9,44.44444444444444,54.09717186366933,75.6653182882691,35.18248175182482,12.648114901256733,0.0394736842105263,50.06299303944316,5rurqie3qt1qav9ir5mkqinn
360,Aston Villa,Women's Super League,25-26,22,8.843537414965986,44.71544715447155,14.3,37.4031007751938,50.220070422535215,41.94699286442406,40.31413612565445,15.12340425531915,0.1038251366120218,43.16909684439608,8l30dsub3sutr6j3ruvk650xc
361,Brighton & Hove Albion,Women's Super League,25-26,22,9.668313338038107,40.0,14.0,39.80769230769231,50.81458494957332,48.87870749939716,24.63157894736842,13.23076923076923,0.081967213114754,46.94806739345888,dcdnoyf6kzhj46iyfm7xq43fy
362,Chelsea,Women's Super League,25-26,22,5.703819989534275,55.88526211671612,20.456000000000017,45.4855195911414,51.9884009942005,68.3736875937433,46.833333333333336,11.764378478664192,0.0384615384615384,47.63259423503326,spi3g782q7m4evjxn1sv6cfa
363,Everton,Women's Super League,25-26,22,6.600985221674876,54.77941176470589,12.8,44.9938195302843,52.61213720316624,31.79976162097735,42.737430167597765,15.80931263858093,0.1066666666666666,41.49071428571428,7kt37xy93vjy6wac8vq6fqz3g
364,Leicester City,Women's Super League,25-26,22,11.87214611872146,37.36654804270463,13.3,38.47328244274809,42.31974921630094,30.26998961578401,39.93993993993994,17.49698189134809,0.0277777777777777,40.22076991942704,28u3q82ip96ahymkup01vfxli
365,Liverpool,Women's Super League,25-26,22,10.245901639344265,39.61456102783726,14.0,40.92592592592592,51.66598107774578,46.55024334383052,42.138364779874216,15.273897058823527,0.0629921259842519,46.16659685863875,mjejb0x57ms54j9ry6s8njwh
366,London City Lionesses,Women's Super League,25-26,22,7.124681933842239,48.62745098039216,12.8,36.53653653653654,47.09437470943747,45.34944823962165,48.883374689826304,12.71146953405018,0.0828025477707006,43.95840220385675,blzubaa449m1wjt46fasgdvse
367,Manchester City,Women's Super League,25-26,22,8.198549916341328,48.51157662624036,16.5,46.194225721784775,55.14198004604758,63.09742647058824,45.22613065326633,12.526515151515152,0.066006600660066,47.32567567567568,36tr17foeaf9ejjmt2txuoy3y
368,Manchester United,Women's Super League,25-26,22,8.109919571045577,57.04347826086956,14.4,47.75747508305648,52.46570263255469,58.91508354314489,40.60721062618596,14.164583333333333,0.048582995951417,44.86259798432251,axwnneoekq2f2yq6r1l704y96
369,Tottenham Hotspur,Women's Super League,25-26,22,8.189442525900345,53.95987328405491,13.132000000000003,40.78947368421053,52.07336523125997,47.24025974025974,39.66942148760331,14.591375770020534,0.0717703349282296,42.025324027916255,9ijyncrxsejz505dbadwr1dir
370,West Ham United,Women's Super League,25-26,22,11.76470588235294,48.84488448844885,11.522000000000002,42.36641221374045,50.80690038953812,30.450928381962868,46.11260053619303,14.402957486136785,0.06,41.68496441281138,cz26xwowfjp8ei14n9z2ac135
