Player,Team,Recovery DAV,Recoveries,DAV per Recovery,Interception DAV,Interceptions,DAV per Interception,Tackle DAV,Tackles,DAV per Tackle,Pass Block DAV,Pass Blocks,DAV per Pass Block,Total DAV
C. Nørgaard,Brentford,31.41576758,232,0.135412791,15.77343687,97,0.162612751,7.66494841,53,0.144621668,6.134347301,47,0.130518028,60.98850015
João Palhinha,Fulham,26.93074643,194,0.138818281,18.77027365,154,0.121884894,6.351698461,46,0.138080401,5.677815364,39,0.145585009,57.7305339
J. Tarkowski,Everton,29.74278241,189,0.157369219,11.80609535,60,0.196768256,9.592476716,56,0.171294227,5.227846635,30,0.174261554,56.36920111
A. Robinson,Fulham,27.12316382,217,0.124991538,11.56758852,91,0.127116357,12.49159953,88,0.141949995,5.023281352,43,0.116820497,56.20563323
J. Branthwaite,Everton,25.4513579,185,0.137574908,15.19221721,73,0.208112565,11.69621732,54,0.216596617,2.280360625,10,0.228036063,54.62015306
M. Lemina,Wolverhampton Wanderers,30.62445337,218,0.140479144,13.01605387,94,0.138468658,6.056967446,41,0.147730913,2.703315989,31,0.087203742,52.40079068
Vinicius Souza,Sheffield United,23.53294987,162,0.145265123,20.32819954,134,0.151702982,3.185522233,30,0.106184074,4.975777821,40,0.124394446,52.02244946
Nélson Semedo,Wolverhampton Wanderers,28.86050986,190,0.15189742,8.797814315,71,0.123912878,7.773023841,33,0.235546177,6.378860615,32,0.199339394,51.81020863
M. Kilman,Wolverhampton Wanderers,29.59416987,170,0.174083352,10.73116474,43,0.249561971,6.60928493,48,0.137693436,4.529699436,34,0.133226454,51.46431897
J. Andersen,Crystal Palace,30.147367,192,0.157017536,7.973616069,49,0.162726859,8.942494329,53,0.168726308,2.98525899,14,0.213232785,50.04873639
J. van Hecke,Brighton & Hove Albion,27.17178317,142,0.191350586,9.324617263,52,0.179319563,6.393908006,39,0.163946359,6.644623181,31,0.214342683,49.53493162
Casemiro,Manchester United,24.84112853,123,0.201960395,15.88304315,85,0.186859331,2.798829678,13,0.215294591,4.709235536,38,0.123927251,48.2322369
N. Collins,Brentford,26.40743577,150,0.176049572,7.862677655,38,0.20691257,9.712857231,54,0.179867727,3.833043022,15,0.255536201,47.81601368
Bruno Guimarães,Newcastle United,28.01210722,224,0.12505405,12.74407238,78,0.163385543,4.047379085,29,0.139564796,2.540168946,41,0.06195534,47.34372763
T. Mitchell,Crystal Palace,25.55282814,220,0.116149219,14.45260227,120,0.120438352,2.987197466,25,0.119487899,4.325423343,55,0.078644061,47.31805121
João Gomes,Wolverhampton Wanderers,21.32009132,206,0.103495589,19.24703355,151,0.127463798,1.754914576,22,0.079768844,4.58091063,51,0.089821777,46.90295007
V. Janelt,Brentford,28.96320775,217,0.133471003,8.720730814,76,0.114746458,7.295852631,36,0.202662573,1.80121587,21,0.085772184,46.78100706
T. Souček,West Ham United,28.44607308,154,0.18471476,6.775184766,52,0.130292015,6.478814172,36,0.17996706,4.133452261,24,0.172227178,45.83352428
F. Schär,Newcastle United,29.88597154,164,0.182231534,7.286571066,38,0.19175187,5.63734075,33,0.170828508,2.582308123,12,0.215192344,45.39219148
J. Robinson,Sheffield United,25.75282996,136,0.189359044,9.205376997,47,0.195859085,6.141262997,30,0.204708767,4.187359729,15,0.279157315,45.28682968
E. Álvarez,West Ham United,23.743175,157,0.151230414,11.39369889,83,0.137273481,6.008813774,40,0.150220344,3.964771866,36,0.110132552,45.11045954
Pedro Porro,Tottenham Hotspur,26.43558419,192,0.137685334,9.65165778,91,0.106062173,4.298886386,34,0.126437835,4.71786916,45,0.104841537,45.10399752
Diogo Dalot,Manchester United,22.7731338,175,0.130132193,10.36271772,75,0.13816957,6.387454454,41,0.155791572,4.915648113,26,0.189063389,44.43895409
M. Senesi,AFC Bournemouth,25.77112894,174,0.148109936,6.297034061,46,0.136892045,6.521458379,30,0.217381946,5.71830863,30,0.190610288,44.30793002
Murillo,Nottingham Forest,20.91113402,143,0.146231706,12.15381839,45,0.270084853,6.780475353,32,0.211889855,3.877416836,19,0.20407457,43.7228446
C. Romero,Tottenham Hotspur,25.02983266,172,0.145522283,9.179060641,56,0.163911797,5.993571803,41,0.146184678,3.480079341,22,0.158185425,43.68254445
I. Zabarnyi,AFC Bournemouth,21.28446233,139,0.153125628,9.419285801,64,0.147176341,8.933528048,38,0.235092843,3.225990866,16,0.201624429,42.86326704
S. Berge,Burnley,25.53074899,191,0.133668843,10.42321345,75,0.138976179,3.816951142,27,0.141368561,2.977533142,27,0.110279005,42.74844672
L. Cook,AFC Bournemouth,28.62480663,223,0.128362362,6.770290033,56,0.120898036,5.432972094,57,0.0953153,1.879208356,23,0.081704711,42.70727712
M. Caicedo,Chelsea,23.38205132,181,0.129182604,10.77166903,95,0.11338599,4.263898108,36,0.118441614,4.070764989,38,0.107125394,42.48838345
A. Disasi,Chelsea,31.06585158,172,0.180615416,5.659766981,43,0.131622488,3.300591691,20,0.165029585,2.224634081,7,0.317804869,42.25084434
J. Lerma,Crystal Palace,28.85029605,219,0.131736512,4.947192446,50,0.098943849,5.629650809,39,0.144350021,2.563615428,25,0.102544617,41.99075473
Rodri,Manchester City,26.73088288,249,0.107352943,7.015643771,72,0.097439497,4.479585271,32,0.13998704,3.247540773,23,0.141197425,41.47365269
V. Coufal,West Ham United,20.25574759,143,0.141648585,10.89793679,62,0.175773174,5.823006569,42,0.138643014,3.814158516,31,0.123037371,40.79084946
R. Christie,AFC Bournemouth,25.44592236,236,0.107821705,8.78842463,81,0.10849907,3.767976233,53,0.071093891,2.318851291,34,0.068201509,40.32117451
V. Mykolenko,Everton,20.44047698,166,0.123135403,11.06046533,78,0.141800838,5.845975618,41,0.142584771,2.708749848,25,0.108349994,40.05566778
Bruno Fernandes,Manchester United,24.71917455,201,0.122980968,6.891660465,69,0.099879137,4.1865825,29,0.144364914,3.78575363,40,0.094643841,39.58317114
L. Dunk,Brighton & Hove Albion,25.28026654,166,0.152290762,4.952560332,26,0.19048309,6.609316527,30,0.220310551,2.736297068,10,0.273629707,39.57844047
A. Doughty,Luton Town,24.53849749,179,0.137086578,7.246260625,65,0.111480933,4.902226417,28,0.175079515,2.589310212,35,0.073980292,39.27629475
J. Bogle,Sheffield United,21.0274421,128,0.164276891,9.369253929,60,0.156154232,5.152520287,35,0.147214865,3.708390121,36,0.103010837,39.25760644
C. Bassey,Fulham,20.62865348,144,0.143254538,8.014492702,41,0.195475432,6.565641776,26,0.252524684,3.96696872,17,0.233351101,39.17575667
E. Pinnock,Brentford,22.34157492,153,0.146023365,6.785592046,36,0.188488668,6.909594376,41,0.168526692,2.599443845,13,0.199957219,38.63620518
P. Groß,Brighton & Hove Albion,21.20878985,152,0.139531512,8.073677305,64,0.126151208,3.673988472,26,0.141307249,5.661979352,35,0.161770839,38.61843497
A. Ahmedhodžić,Sheffield United,16.9574955,96,0.176640578,12.33255739,62,0.198912216,6.792938901,29,0.234239272,2.403588845,15,0.160239256,38.48658063
W. Saliba,Arsenal,24.10022482,193,0.124871631,6.357801993,34,0.186994176,5.119171008,24,0.213298792,2.74434109,17,0.161431829,38.32153891
Douglas Luiz,Aston Villa,25.92915446,184,0.140919318,5.473689226,61,0.08973261,3.502685809,22,0.159212991,3.387962428,24,0.141165101,38.29349193
Emerson,West Ham United,16.36372469,134,0.122117348,10.93470647,106,0.103157608,7.159972201,41,0.174633468,3.651554056,31,0.117792066,38.10995742
A. Mac Allister,Liverpool,21.13547115,192,0.110080579,8.864871662,94,0.094307145,3.717681087,33,0.112657003,4.215094802,56,0.07526955,37.9331187
V. van Dijk,Liverpool,22.46035609,162,0.138644173,7.645545933,36,0.212376276,5.46609893,35,0.156174255,2.070075362,12,0.17250628,37.64207631
C. Gallagher,Chelsea,22.19679058,222,0.099985543,7.478401935,77,0.097122103,3.761018584,46,0.081761274,4.146194401,52,0.079734508,37.5824055
K. Trippier,Newcastle United,23.53409512,179,0.131475392,6.275930587,63,0.099617946,3.271311231,26,0.125819663,3.339013831,30,0.111300461,36.42035077
D. O'Shea,Burnley,23.79535954,147,0.161873194,6.248982289,31,0.201580074,4.612264188,25,0.184490568,1.710429566,11,0.155493597,36.36703558
D. Udogie,Tottenham Hotspur,17.64181567,178,0.099111324,10.49382529,77,0.136283445,4.83099191,40,0.120774798,3.124922366,25,0.124996895,36.09155524
Toti Gomes,Wolverhampton Wanderers,18.90703435,150,0.126046896,6.422433829,46,0.139618127,5.587750112,25,0.223510004,5.163983125,24,0.215165964,36.08120142
C. Dawson,Wolverhampton Wanderers,22.15633849,121,0.183110235,6.319348734,30,0.210644958,3.607923598,22,0.163996527,3.633801071,15,0.242253405,35.71741189
T. Mengi,Luton Town,14.65296467,106,0.138235516,9.780341331,46,0.212616116,8.246066679,50,0.164921334,2.451722432,10,0.245172243,35.13109512
E. Konsa,Aston Villa,20.63030074,131,0.157483212,5.907801583,44,0.134268218,6.415392284,27,0.237607122,1.956277143,15,0.130418476,34.90977175
J. Garner,Everton,15.77109119,177,0.08910221,9.63625737,95,0.101434288,6.462972465,55,0.11750859,2.593396196,41,0.063253566,34.46371722
A. Onana,Everton,22.82555566,178,0.128233459,7.901416421,64,0.123459632,1.216153052,15,0.08107687,2.423575697,16,0.151473481,34.36670083
Pau Torres,Aston Villa,22.55450355,116,0.194435375,5.675961935,26,0.218306228,2.864325302,12,0.238693775,3.106127628,14,0.221866259,34.20091842
G. Osho,Luton Town,15.91744621,106,0.150164587,5.77911095,39,0.148182332,8.645184273,40,0.216129607,3.728997136,16,0.233062321,34.07073857
R. Barkley,Luton Town,25.60380522,197,0.129968554,4.088075801,47,0.086980336,2.351726459,28,0.083990231,1.965492551,21,0.093594883,34.00910003
Thiago Silva,Chelsea,22.4349912,129,0.17391466,6.661178175,32,0.208161818,3.535274973,23,0.153707608,1.25559902,7,0.179371289,33.88704337
A. Bell,Luton Town,16.51118565,119,0.138749459,9.595270182,71,0.13514465,4.224514339,31,0.136274656,3.150765319,18,0.175042518,33.48173549
T. Castagne,Fulham,21.55809919,143,0.150755938,4.450974068,53,0.083980643,4.339181671,37,0.11727518,2.914469,25,0.11657876,33.26272393
E. Fernández,Chelsea,21.02246577,141,0.149095502,7.169126142,57,0.125774143,3.22725592,20,0.161362796,1.747547664,23,0.075980333,33.16639549
Gabriel Magalhães,Arsenal,19.54576894,124,0.157627169,6.601654314,47,0.14046073,5.194674415,24,0.216444767,1.651803361,10,0.165180336,32.99390102
M. Gusto,Chelsea,19.36578851,163,0.118808518,7.027153253,71,0.098973989,2.392804388,27,0.088622385,3.345178164,33,0.101369035,32.13092432
I. Gueye,Everton,18.56007991,146,0.127123835,8.81567502,81,0.108835494,2.745754186,25,0.109830167,1.882670383,13,0.144820799,32.00417949
Lucas Paquetá,West Ham United,18.87504338,177,0.106638663,8.310871766,66,0.125922299,2.501092775,20,0.125054639,2.193931438,26,0.084381978,31.88093936
J. Ward-Prowse,West Ham United,21.14058807,140,0.1510042,4.347519399,44,0.098807259,4.578802627,34,0.134670666,1.718042661,21,0.081811555,31.78495276
D. Rice,Arsenal,17.68073086,160,0.110504568,7.60411101,67,0.113494194,4.527285887,39,0.116084254,1.960470542,23,0.08523785,31.7725983
Diego Carlos,Aston Villa,14.83838678,83,0.178775744,7.088418389,25,0.283536736,7.853186692,22,0.356963031,1.633223076,5,0.326644615,31.41321493
Rúben Dias,Manchester City,18.60265441,125,0.148821235,4.688241361,39,0.120211317,5.76618576,28,0.205935206,2.30793335,14,0.164852382,31.36501488
M. Guéhi,Crystal Palace,20.06370544,127,0.157981933,6.524386815,29,0.224978856,3.589487499,17,0.211146323,1.112925001,5,0.222585,31.29050476
R. Aït-Nouri,Wolverhampton Wanderers,20.45650984,168,0.12176494,7.626818231,71,0.107419975,1.631887796,12,0.13599065,1.482873637,34,0.043613931,31.1980895
M. van de Ven,Tottenham Hotspur,18.43825057,150,0.12292167,8.700310728,43,0.202332808,3.116041528,22,0.141638251,0.6865145,5,0.1373029,30.94111732
T. Lockyer,Luton Town,16.96785486,89,0.190650055,5.814179608,25,0.232567184,6.034009847,23,0.262348254,2.081015917,10,0.208101592,30.89706023
Y. Bissouma,Tottenham Hotspur,15.62016581,115,0.135827529,7.502770552,71,0.105672825,5.881638977,40,0.147040974,1.580045563,25,0.063201823,30.5846209
G. Hamer,Sheffield United,21.81503364,156,0.139839959,4.542874898,39,0.116483972,2.856914473,27,0.105811647,0.955660623,21,0.045507649,30.17048364
D. Burn,Newcastle United,11.52549034,114,0.101100792,8.980018946,61,0.147213425,7.051623683,36,0.195878436,2.40963697,30,0.080321232,29.96676993
D. McNeil,Everton,19.83153902,201,0.098664373,4.299956361,41,0.104876984,2.220945248,22,0.100952057,3.120590639,47,0.066395546,29.47303127
M. Cash,Aston Villa,16.6024858,131,0.126736533,4.71258433,52,0.090626622,5.360490403,24,0.223353767,2.68047524,22,0.121839784,29.35603577
H. Maguire,Manchester United,16.1533601,85,0.190039531,6.687050131,34,0.196677945,4.553887054,23,0.197995089,1.852063877,8,0.231507985,29.24636116
N. Domínguez,Nottingham Forest,15.15960666,133,0.113982005,9.120721662,71,0.128460868,1.779500965,18,0.098861165,2.813114521,35,0.080374701,28.8729438
N. Aguerd,West Ham United,17.99813637,108,0.166649411,5.154855085,26,0.198263657,3.358862424,17,0.197580143,2.27713049,9,0.253014499,28.78898437
O. Norwood,Sheffield United,16.83632742,104,0.161887764,5.756301746,41,0.140397604,3.663118198,21,0.1744342,2.51262286,15,0.167508191,28.76837023
W. Boly,Nottingham Forest,14.33352327,66,0.217174595,7.828139403,33,0.237216346,5.005453742,20,0.250272687,1.299095803,7,0.185585115,28.46621222
J. Brownhill,Burnley,15.10025205,121,0.124795471,6.518178978,58,0.112382396,4.0637291,33,0.123143306,2.738881628,24,0.114120068,28.42104176
C. Richards,Crystal Palace,13.0166385,80,0.162707981,6.432951884,47,0.136871317,5.752310854,35,0.164351739,3.13515447,23,0.136311064,28.33705571
M. Niakhaté,Nottingham Forest,16.17368931,105,0.154035136,8.22822812,43,0.191354142,2.561845122,12,0.213487093,0.950341088,6,0.158390181,27.91410364
K. Zouma,West Ham United,15.56155612,93,0.16732856,3.862491102,18,0.214582839,6.085859353,23,0.264602581,2.283456502,10,0.22834565,27.79336308
W. Hughes,Crystal Palace,13.16097314,106,0.124160124,10.173288,67,0.151840119,1.930833647,15,0.128722243,2.064419632,18,0.11468998,27.32951442
N. Williams,Nottingham Forest,13.31709962,115,0.115800866,7.995967691,77,0.103843736,3.45972291,22,0.157260132,2.510337954,33,0.076070847,27.28312817
T. Ream,Fulham,17.09857399,93,0.183855634,3.415681432,18,0.18976008,4.958864257,28,0.177102295,1.493805696,10,0.14938057,26.96692538
Danilo,Nottingham Forest,13.2164171,101,0.130855615,3.552650715,27,0.131579656,5.402132688,28,0.19293331,4.400972449,22,0.200044202,26.57217295
M. Jensen,Brentford,13.45358234,122,0.110275265,6.50658623,53,0.122765778,3.406701597,20,0.17033508,2.881123575,35,0.082317816,26.24799374
N. Aké,Manchester City,17.6395058,141,0.125102878,4.075124785,29,0.140521544,2.131676503,14,0.152262607,2.273821123,14,0.162415795,26.12012822
M. Kudus,West Ham United,18.87906268,210,0.089900298,5.057753986,62,0.081576677,1.015432994,9,0.112825888,1.060932661,22,0.048224212,26.01318232
M. Roerslev,Brentford,12.44594909,93,0.13382741,8.237124548,54,0.152539343,4.68844135,27,0.173645976,0.636133638,11,0.057830331,26.00764862
A. Trusty,Sheffield United,9.6904536,77,0.125850047,6.754365335,40,0.168859133,5.790194009,24,0.241258084,2.825441622,16,0.176590101,25.06045457
J. Ayew,Crystal Palace,15.82612941,166,0.095338129,5.00366201,71,0.070474113,1.363444584,17,0.080202623,2.842139373,56,0.050752489,25.03537538
R. Yates,Nottingham Forest,10.98717917,90,0.122079769,7.783128482,64,0.121611383,3.095956282,20,0.154797814,3.06681316,26,0.117954352,24.93307709
P. Estupiñán,Brighton & Hove Albion,13.25229195,111,0.119390018,5.464284566,32,0.170758893,3.302374583,27,0.12231017,2.912912094,16,0.182057006,24.93186319
M. Akanji,Manchester City,17.83724007,136,0.131156177,2.92138652,32,0.091293329,1.888216123,28,0.06743629,1.639223636,14,0.117087403,24.28606635
S. Botman,Newcastle United,16.00665471,82,0.195203106,5.331099303,23,0.231786926,1.813461827,9,0.201495759,0.972723528,4,0.243180882,24.12393937
I. Konaté,Liverpool,13.68002621,93,0.147097056,4.582844705,34,0.13478955,4.302506769,20,0.215125338,1.514671155,6,0.252445193,24.08004884
K. Walker,Manchester City,16.34108021,153,0.106804446,4.512578385,34,0.132722894,1.994500292,22,0.090659104,1.214135703,12,0.101177975,24.06229459
B. Kamara,Aston Villa,13.77333638,112,0.122976218,4.907602086,46,0.106687002,2.763370142,27,0.102347042,2.614496569,17,0.153793916,24.05880518
T. Kaminski,Luton Town,22.20123877,69,0.321757084,0.993863521,2,0.496931761,0,0,0,0.483671291,1,0.483671291,23.67877359
D. Szoboszlai,Liverpool,16.84673831,164,0.102724014,3.366429527,32,0.105200923,1.172635875,14,0.083759705,2.267312221,35,0.064780349,23.65311593
M. Gibbs-White,Nottingham Forest,18.82974697,181,0.104031751,2.173784133,38,0.057204846,1.438157294,13,0.110627484,1.055591265,20,0.052779563,23.49727967
V. Lindelöf,Manchester United,15.20021972,87,0.174715169,3.912638038,18,0.21736878,2.854051584,15,0.190270106,1.434272976,9,0.159363664,23.40118231
L. Colwill,Chelsea,12.47015638,105,0.118763394,4.918782084,48,0.102474627,3.547769594,26,0.136452677,2.128422824,18,0.118245712,23.06513088
I. Diop,Fulham,9.859940588,64,0.154061572,8.382741271,32,0.261960665,3.685823039,15,0.245721536,0.963986004,9,0.107109556,22.8924909
T. Alexander-Arnold,Liverpool,16.6302317,151,0.110133985,3.100841782,32,0.096901306,2.1809759,26,0.083883688,0.926065236,15,0.061737682,22.83811462
J. Harrison,Everton,19.46286794,137,0.142064729,1.398051747,27,0.051779694,0.864778322,18,0.04804324,1.059392775,22,0.048154217,22.78509078
L. Kelly,AFC Bournemouth,16.63546873,124,0.134157006,2.803950235,25,0.112158009,1.534186162,9,0.170465129,1.720071198,13,0.132313169,22.69367632
R. Varane,Manchester United,11.37666255,72,0.158009202,4.963919816,27,0.183848882,4.781301486,15,0.318753432,1.294011894,5,0.258802379,22.41589574
S. McTominay,Manchester United,10.55223161,81,0.130274464,6.793997546,43,0.157999943,2.169941096,12,0.180828425,2.885178964,20,0.144258948,22.40134921
K. Mavropanos,West Ham United,10.43144311,75,0.139085908,4.959488238,35,0.141699664,5.409239432,26,0.20804767,1.529082631,8,0.191135329,22.32925341
I. Kaboré,Luton Town,13.32594191,103,0.129378077,4.865931014,52,0.093575596,2.236668646,15,0.149111243,1.179883723,11,0.107262157,21.6084253
O. Zinchenko,Arsenal,13.74335602,102,0.134738784,4.499438253,50,0.089988765,1.576179062,19,0.082956793,1.660035805,15,0.110669054,21.47900914
M. Kerkez,AFC Bournemouth,11.98027098,90,0.133114122,5.651010521,45,0.125578012,2.412048663,18,0.134002703,1.350345297,19,0.071070805,21.39367546
S. Longstaff,Newcastle United,13.19230936,117,0.112754781,4.92901775,53,0.093000335,2.131200041,20,0.106560002,1.11084857,26,0.042724945,21.36337572
B. Leno,Fulham,21.33220619,55,0.387858294,0,0,0,0,0,0,0,0,0,21.33220619
M. Tavernier,AFC Bournemouth,15.28187527,143,0.106866261,4.342712644,53,0.081937974,0.334743626,5,0.066948725,1.370859016,27,0.050772556,21.33019056
T. Doyle,Wolverhampton Wanderers,15.01943288,109,0.137792962,3.583351151,36,0.099537532,1.423935618,12,0.118661301,1.229633186,16,0.076852074,21.25635284
J. Gvardiol,Manchester City,12.89233278,132,0.097669188,4.229311599,47,0.089985353,3.090004584,22,0.140454754,1.009836071,13,0.077679698,21.22148504
M. Nakamba,Luton Town,12.01448213,90,0.133494246,6.152113217,40,0.15380283,0.55108011,11,0.050098192,2.308847883,17,0.135814581,21.02652334
P. Sarr,Tottenham Hotspur,14.83034622,142,0.104439058,2.681086028,29,0.092451242,2.621180843,25,0.104847234,0.770702383,14,0.05505017,20.90331548
T. Adarabioyo,Fulham,8.268685868,43,0.19229502,5.937021869,21,0.282715327,5.336564961,25,0.213462598,1.33229862,5,0.266459724,20.87457132
T. Cairney,Fulham,13.97768935,116,0.120497322,4.243477823,29,0.146326821,2.091945893,13,0.160918915,0.518239832,12,0.043186653,20.83135289
A. Doucouré,Everton,13.94019074,129,0.108063494,3.755390228,42,0.089414053,2.206791801,15,0.147119453,0.844875031,19,0.044467107,20.7472478
C. Taylor,Burnley,12.71519059,97,0.131084439,4.071543453,34,0.119751278,2.108741398,18,0.1171523,1.760037593,15,0.11733584,20.65551304
L. Digne,Aston Villa,12.08903555,88,0.137375404,4.311673263,37,0.11653171,3.620775995,24,0.150865666,0.632475279,13,0.048651945,20.65396008
O. Mangala,Nottingham Forest,9.545467959,74,0.12899281,4.605919609,27,0.170589615,5.253927206,26,0.202074123,0.954199693,6,0.159033282,20.35951447
B. Gilmour,Brighton & Hove Albion,13.81652739,131,0.105469675,3.81084671,24,0.15878528,0.638794088,11,0.05807219,2.051237374,19,0.107959862,20.31740557
J. Ward,Crystal Palace,11.01760816,95,0.115974823,5.270489216,45,0.117121983,2.825643278,15,0.188376219,1.151973698,7,0.164567671,20.26571435
C. Doucouré,Crystal Palace,10.93008733,73,0.149727224,4.652986951,34,0.136852557,3.378115272,20,0.168905764,1.236307686,10,0.123630769,20.19749724
Vitinho,Burnley,9.818717798,97,0.101223895,6.452162872,59,0.109358693,1.191742292,11,0.108340208,2.727399216,33,0.082648461,20.19002218
B. White,Arsenal,12.71177452,114,0.111506794,3.1003982,45,0.068897738,1.799131107,26,0.06919735,2.442623906,22,0.111028359,20.05392773
M. Ødegaard,Arsenal,13.69081068,147,0.093134767,4.5260352,42,0.107762743,0.657625391,15,0.043841693,1.137111235,21,0.054148154,20.0115825
J. Beyer,Burnley,9.346551387,57,0.163974586,6.007139078,35,0.171632545,3.717080918,16,0.232317557,0.914750191,7,0.130678599,19.98552157
B. Mee,Brentford,11.38013171,76,0.149738575,4.430911325,29,0.152790046,2.974171185,19,0.156535326,1.192213298,8,0.149026662,19.97742752
C. Baleba,Brighton & Hove Albion,10.03421501,82,0.122368476,5.089247944,34,0.149683763,2.06011664,15,0.137341109,2.79116134,25,0.111646454,19.97474093
J. Cullen,Burnley,13.37182114,119,0.112368245,4.411882085,32,0.137871315,1.237909972,12,0.103159164,0.919938521,10,0.091993852,19.94155172
C. Ogbene,Luton Town,15.86596932,135,0.117525699,2.753336314,17,0.16196096,0.704354008,5,0.140870802,0.516970783,11,0.046997344,19.84063043
K. Mainoo,Manchester United,10.99843554,81,0.135783155,4.011413556,44,0.09116849,3.180104132,21,0.15143353,1.512107484,12,0.126008957,19.70206071
J. Evans,Manchester United,11.31865999,59,0.191841695,2.285015355,12,0.190417946,4.013249007,18,0.222958278,2.070426902,6,0.34507115,19.68735126
B. Saka,Arsenal,13.00266115,161,0.08076187,3.989799799,60,0.066496663,0.791745968,11,0.071976906,1.867124986,43,0.043421511,19.6513319
A. Robertson,Liverpool,10.25525685,82,0.125064108,6.648708776,36,0.184686355,0.882214465,10,0.088221446,1.802604951,13,0.138661919,19.58878504
Y. Tielemans,Aston Villa,11.62413276,101,0.115090423,5.35635595,44,0.121735362,1.305279226,17,0.076781131,1.196261856,18,0.066458992,19.48202979
I. Sangaré,Nottingham Forest,9.994312132,69,0.144845103,6.185926593,40,0.154648165,2.131352921,14,0.152239494,1.163083487,17,0.068416676,19.47467513
M. Esteve,Burnley,9.949804666,66,0.150754616,3.834419002,23,0.16671387,4.223998661,22,0.191999939,1.361068589,11,0.123733508,19.36929092
A. Smith,AFC Bournemouth,12.04840333,89,0.135375318,4.250204725,30,0.141673491,2.423464303,18,0.134636906,0.615170822,11,0.05592462,19.33724318
J. Veltman,Brighton & Hove Albion,10.41322799,72,0.144628167,4.991278878,45,0.110917308,2.292938507,16,0.143308657,1.466091009,10,0.146609101,19.16353639
P. Højbjerg,Tottenham Hotspur,13.53232713,110,0.123021156,3.286047441,24,0.136918643,1.251853676,17,0.073638452,1.077505038,13,0.082885003,19.14773328
W. Endo,Liverpool,12.97087516,102,0.127165443,3.234606206,49,0.066012372,0.912768843,15,0.060851256,1.925089831,22,0.087504083,19.04334004
B. Badiashile,Chelsea,12.92733829,71,0.182075187,4.449254625,19,0.234171296,0.688349036,7,0.098335577,0.841736114,5,0.168347223,18.90667807
L. Miley,Newcastle United,12.00779949,87,0.138020684,3.10758402,39,0.079681642,1.412665745,8,0.176583218,1.916682193,17,0.112746011,18.44473145
A. Wan-Bissaka,Manchester United,9.46318304,75,0.126175774,3.276008927,33,0.099272998,4.413980441,31,0.142386466,0.952910188,9,0.10587891,18.1060826
J. Gomez,Liverpool,11.60245131,97,0.1196129,4.181136308,43,0.097235728,0.942311927,16,0.058894495,1.311718441,22,0.059623566,18.03761799
A. Young,Everton,10.51219724,114,0.092212256,3.560723012,41,0.086846903,2.779952553,23,0.120867502,0.889924123,15,0.059328275,17.74279693
J. McGinn,Aston Villa,11.14588928,99,0.11258474,2.945359043,45,0.065452423,1.790772039,12,0.149231003,1.811394212,20,0.090569711,17.69341457
E. Eze,Crystal Palace,12.41347047,119,0.104314878,1.26473389,28,0.045169067,2.662775583,16,0.166423474,1.320019173,27,0.048889599,17.66099911
Emerson Royal,Tottenham Hotspur,9.473355756,73,0.129771997,3.726698858,31,0.120216092,2.609501156,20,0.130475058,1.776097797,9,0.1973442,17.58565357
K. Ajer,Brentford,6.753331061,51,0.132418256,5.372696609,35,0.153505617,3.086700645,25,0.123468026,2.281142669,13,0.175472513,17.49387098
R. Burke,Luton Town,9.624688542,58,0.165942906,3.294658429,29,0.113608911,3.197872375,16,0.199867023,1.277947611,6,0.212991268,17.39516696
A. Iwobi,Fulham,13.01394794,131,0.099343114,2.629551677,23,0.114328334,0.928028771,14,0.066287769,0.710264995,14,0.050733214,17.28179339
M. Doherty,Wolverhampton Wanderers,10.8100111,68,0.158970752,4.112660441,34,0.120960601,1.581647177,11,0.143786107,0.734774895,7,0.104967842,17.23909362
O. Aina,Nottingham Forest,10.66670737,78,0.136752659,4.123896535,36,0.114552682,1.231882375,14,0.087991598,1.211613161,12,0.100967763,17.23409944
D. Kulusevski,Tottenham Hotspur,10.78359526,124,0.086964478,3.818105059,53,0.072039718,0.985614987,14,0.07040107,1.515998664,22,0.06890903,17.10331397
N. Patterson,Everton,8.820007318,72,0.122500102,4.776774257,37,0.129102007,1.609429333,12,0.134119111,1.483652555,14,0.105975183,16.68986346
J. Quansah,Liverpool,11.69091461,73,0.160149515,2.112780211,19,0.111198958,1.585846619,9,0.17620518,1.197972439,6,0.199662073,16.58751388
Joelinton,Newcastle United,8.923703278,74,0.120590585,4.311625416,30,0.143720847,1.387716064,17,0.081630357,1.963650981,14,0.140260784,16.58669574
A. Gordon,Newcastle United,11.57386301,123,0.094096447,3.013817956,43,0.07008879,0.613368637,7,0.087624091,1.32349111,29,0.045637624,16.52454071
J. Bowen,West Ham United,10.35360066,118,0.087742378,3.669468167,48,0.076447253,1.578111791,17,0.092830105,0.801350511,29,0.027632776,16.40253113
Sergio Reguilón,Brentford,8.392364696,67,0.125259175,5.729857408,49,0.116935865,1.29464157,14,0.092474398,0.782662822,16,0.048916426,16.1995265
L. Bailey,Aston Villa,13.57679849,112,0.121221415,1.353248484,10,0.135324848,0.691717109,8,0.086464639,0.549528706,14,0.03925205,16.17129278
Neto,AFC Bournemouth,15.06332395,44,0.342348272,0,0,0,0.53962682,1,0.53962682,0.53962682,1,0.53962682,16.14257759
Bernardo Silva,Manchester City,10.02182856,97,0.10331782,3.30007521,52,0.063462985,1.008174431,12,0.084014536,1.747574732,22,0.079435215,16.07765293
P. Billing,AFC Bournemouth,8.040341434,76,0.105793966,2.127676455,33,0.064475044,3.500706077,19,0.184247688,2.334402993,23,0.101495782,16.00312696
M. Almirón,Newcastle United,9.484293389,98,0.096778504,3.841022191,38,0.101079531,1.396773309,10,0.139677331,1.233181486,26,0.047430057,15.95527038
M. Flekken,Brentford,14.84584197,52,0.285496961,0.505834755,1,0.505834755,0,0,0,0.565934846,1,0.565934846,15.91761157
T. Chong,Luton Town,10.15441945,94,0.108025739,3.228526455,28,0.115304516,0.757006149,6,0.126167692,1.745247694,25,0.069809908,15.88519975
F. Onyeka,Brentford,8.938251434,71,0.125890865,2.766426206,36,0.076845172,3.397961302,23,0.147737448,0.698003569,8,0.087250446,15.80064251
Y. Wissa,Brentford,10.51764258,98,0.107322883,3.224772593,25,0.128990904,1.506778978,8,0.188347372,0.435415721,21,0.020734082,15.68460987
Ederson,Manchester City,15.4735252,50,0.309470504,0,0,0,0,0,0,0,0,0,15.4735252
Marc Cucurella,Chelsea,8.160585933,67,0.12179979,3.454242817,39,0.088570329,2.118919445,15,0.141261296,1.58608511,17,0.093299124,15.31983331
J. Clark,Luton Town,9.183334994,57,0.16111114,3.108396856,28,0.111014173,2.115513651,8,0.264439206,0.895791421,20,0.044789571,15.30303692
G. Vicario,Tottenham Hotspur,14.77814565,51,0.289767562,0,0,0,0.485558565,1,0.485558565,0,0,0,15.26370421
A. Sambi Lokonga,Luton Town,8.777438434,63,0.13932442,3.663287216,29,0.126320249,1.166349899,9,0.129594433,1.586723508,11,0.144247592,15.19379906
A. Wharton,Crystal Palace,6.643405363,56,0.118632239,3.769574848,50,0.075391497,3.463883661,21,0.164946841,1.289805073,12,0.107483756,15.16666894
C. Jones,Liverpool,9.350019764,85,0.110000233,3.673192779,32,0.114787274,0.891000466,7,0.127285781,1.229635999,22,0.055892545,15.14384901
E. Martínez,Aston Villa,15.13129886,49,0.308802018,0,0,0,0,0,0,0,0,0,15.13129886
S. Adingra,Brighton & Hove Albion,9.399676643,95,0.098943965,3.430902795,32,0.107215712,0.907196224,13,0.069784325,1.255226379,19,0.066064546,14.99300204
P. Foden,Manchester City,10.46026627,127,0.082364301,2.190443209,30,0.073014774,1.520095055,13,0.116930389,0.81991316,25,0.032796526,14.99071769
D. Muñoz,Crystal Palace,7.64721767,57,0.134161714,4.217137955,45,0.093714177,1.859086696,22,0.084503941,1.015722499,16,0.063482656,14.73916482
T. Livramento,Newcastle United,8.719322268,64,0.13623941,3.12368126,18,0.173537848,1.73561128,19,0.091347962,1.140364576,7,0.162909225,14.71897938
H. Wilson,Fulham,10.81309689,82,0.131867035,1.398570364,21,0.066598589,0.77602371,10,0.077602371,1.712861355,23,0.074472233,14.70055231
J. McAtee,Sheffield United,9.93273335,105,0.09459746,2.403174112,35,0.068662117,1.39024331,10,0.139024331,0.956025329,20,0.047801266,14.6821761
Pablo Sarabia,Wolverhampton Wanderers,11.32297594,100,0.113229759,1.900506007,23,0.082630696,0.627999362,9,0.069777707,0.799203199,15,0.053280213,14.65068451
M. Aarons,AFC Bournemouth,9.369518941,73,0.128349575,3.661537021,30,0.122051234,0.800652076,6,0.133442013,0.79166316,4,0.19791579,14.6233712
J. Trafford,Burnley,13.33049909,38,0.350802608,0.734027143,2,0.367013572,0.53962682,1,0.53962682,0,0,0,14.60415305
Álex Moreno,Aston Villa,6.419272856,46,0.13954941,4.93205961,24,0.205502484,2.365124188,19,0.12448022,0.802404462,9,0.089156051,14.51886112
L. Assignon,Burnley,5.057675388,50,0.101153508,5.647496361,44,0.12835219,1.298434866,14,0.092745348,2.480116956,18,0.137784275,14.48372357
A. Garnacho,Manchester United,10.23024885,107,0.095609802,1.326510182,20,0.066325509,1.934327872,19,0.10180673,0.954536399,24,0.03977235,14.4456233
S. Bueno,Wolverhampton Wanderers,7.64307079,38,0.201133442,3.463329795,18,0.192407211,1.817982783,12,0.151498565,1.400698708,13,0.107746054,14.32508208
Igor Julio,Brighton & Hove Albion,9.607079028,83,0.11574794,1.268766929,18,0.070487052,2.33833931,12,0.194861609,1.102799034,7,0.157542719,14.3169843
Matheus Cunha,Wolverhampton Wanderers,9.152157914,103,0.088855902,2.244933694,27,0.083145692,1.298528234,19,0.068343591,1.471927474,19,0.077469867,14.16754732
A. Elanga,Nottingham Forest,8.060349492,91,0.088575269,3.273279538,38,0.086138935,1.300534429,7,0.185790633,1.412168931,23,0.061398649,14.04633239
J. Pickford,Everton,12.78350368,36,0.355097324,0,0,0,0,0,0,1.136288096,3,0.378762699,13.91979177
B. Osborn,Sheffield United,8.195040959,74,0.110743797,2.921084301,31,0.094228526,1.018641144,5,0.203728229,1.4784854,17,0.086969729,13.61325181
K. Havertz,Arsenal,10.04890001,108,0.09304537,1.970907774,29,0.067962337,0.637548289,20,0.031877414,0.896336553,26,0.034474483,13.55369262
G. Baldock,Sheffield United,7.236718234,44,0.164470869,2.266814121,18,0.125934118,2.643860531,10,0.264386053,1.255997153,6,0.209332859,13.40339004
L. Díaz,Liverpool,9.604723245,113,0.084997551,1.45553012,30,0.048517671,0.099261461,3,0.033087154,2.204286594,17,0.129663917,13.36380142
M. Jørgensen,Brentford,7.501728332,60,0.125028806,3.10707828,15,0.207138552,1.644410165,12,0.13703418,1.047192862,4,0.261798215,13.30040964
J. Lascelles,Newcastle United,8.662367576,53,0.163440898,2.465567848,14,0.176111989,1.071745052,5,0.21434901,1.068173789,5,0.213634758,13.26785427
J. Matip,Liverpool,10.02080784,58,0.172772549,2.038528676,12,0.16987739,0.883707896,9,0.098189766,0.276868563,4,0.069217141,13.21991298
S. Lukić,Fulham,7.650428932,53,0.144347716,2.926107277,29,0.100900251,1.50632413,15,0.100421609,0.942583755,12,0.078548646,13.02544409
C. Palmer,Chelsea,9.201187592,96,0.095845704,1.673739708,21,0.079701891,1.503379434,16,0.093961215,0.610047291,19,0.032107752,12.98835403
W. Odobert,Burnley,8.543036202,90,0.094922624,0.952440207,14,0.068031443,0.906427539,4,0.226606885,2.319854205,23,0.100863226,12.72175815
H. Toffolo,Nottingham Forest,6.395046811,50,0.127900936,3.168537377,25,0.126741495,1.418436467,13,0.109110497,1.67285636,20,0.083642818,12.65487702
C. Hudson-Odoi,Nottingham Forest,10.41022398,102,0.102061019,0.517767675,13,0.039828283,0.874535139,6,0.145755857,0.838919672,13,0.064532282,12.64144646
Antony,Manchester United,7.648373672,79,0.096814857,3.051244417,35,0.087178412,0.729161785,8,0.091145223,1.176225634,23,0.051140245,12.60500551
A. Onana,Manchester United,11.99289113,38,0.315602398,0.556897772,1,0.556897772,0,0,0,0,0,0,12.5497889
A. Semenyo,AFC Bournemouth,7.586844629,91,0.083371919,1.924356615,19,0.101281927,0.930432049,5,0.18608641,1.826776283,37,0.049372332,12.26840958
K. Tete,Fulham,5.032435921,41,0.12274234,3.753066989,23,0.163176826,2.338594768,16,0.146162173,1.086595955,7,0.155227994,12.21069363
Andreas Pereira,Fulham,8.869566173,100,0.088695662,1.085131071,21,0.051672908,0.234162692,4,0.058540673,2.013559167,13,0.154889167,12.2024191
A. Al Dakhil,Burnley,7.827374766,50,0.156547495,1.325327985,12,0.110443999,2.024075924,12,0.168672994,0.952119589,7,0.136017084,12.12889827
J. Álvarez,Manchester City,8.610398019,100,0.08610398,1.471902633,32,0.045996957,0.127559375,2,0.063779688,1.850336913,31,0.059688288,12.06019694
Willian,Fulham,8.431780691,96,0.087831049,0.980337241,15,0.065355816,1.21728079,9,0.135253421,1.374191235,14,0.098156517,12.00358996
N. Clyne,Crystal Palace,5.129558187,47,0.109139536,2.72914876,37,0.073760777,2.143945572,8,0.267993197,1.749510614,14,0.124965044,11.75216313
A. Townsend,Luton Town,7.942204819,67,0.11854037,2.369093395,21,0.112813971,0.514044656,5,0.102808931,0.859974012,12,0.071664501,11.68531688
José Sá,Wolverhampton Wanderers,10.25404378,27,0.379779399,0,0,0,0,0,0,1.288982884,3,0.429660961,11.54302667
Z. Amdouni,Burnley,8.434629723,82,0.102861338,1.247610698,26,0.047985027,0.962979404,8,0.120372426,0.875987216,14,0.062570515,11.52120704
B. Verbruggen,Brighton & Hove Albion,10.97627567,26,0.422164449,0.347234913,1,0.347234913,0,0,0,0,0,0,11.32351058
W. Foderingham,Sheffield United,10.1558363,28,0.362708439,1.109910547,3,0.369970182,0,0,0,0,0,0,11.26574685
J. Stones,Manchester City,7.461516299,60,0.124358605,0.517986361,2,0.25899318,2.528779153,16,0.158048697,0.702034069,4,0.175508517,11.21031588
H. Reed,Fulham,7.130008726,63,0.113174742,2.542486093,30,0.084749536,0.764065171,11,0.06946047,0.68919326,9,0.076577029,11.12575325
H. Delcroix,Burnley,4.868233953,38,0.12811142,2.489413547,16,0.155588347,1.915362259,9,0.212818029,1.782247637,12,0.148520636,11.0552574
B. Johnson,West Ham United,8.8676341,73,0.12147444,1.370350685,14,0.097882192,0.769166371,5,0.153833274,0.019307973,1,0.019307973,11.02645913
L. Trossard,Arsenal,5.974678752,82,0.072861936,2.65703496,26,0.102193652,0.794715885,6,0.132452648,1.550579166,23,0.067416485,10.97700876
L. Shaw,Manchester United,8.603957359,65,0.132368575,1.1114476,11,0.101040691,0.706898682,6,0.117816447,0.518124104,7,0.074017729,10.94042775
A. Webster,Brighton & Hove Albion,6.206209989,42,0.147766905,2.254460466,11,0.204950951,1.377763918,9,0.15308488,1.048494694,3,0.349498231,10.88692907
M. Damsgaard,Brentford,5.111288127,54,0.094653484,3.080541208,26,0.118482354,1.133878626,13,0.087221433,1.534384563,21,0.073065932,10.86009252
C. Lenglet,Aston Villa,5.675834187,35,0.162166691,2.61515329,13,0.201165638,1.30634806,9,0.145149784,1.258079523,8,0.15725994,10.85541506
P. Mpanzu,Luton Town,7.178946729,54,0.132943458,1.638585206,12,0.136548767,0.808742312,9,0.089860257,1.226292324,8,0.15328654,10.85256657
S. Ghoddos,Brentford,5.217435592,56,0.093168493,4.30605696,32,0.13456428,0.865006429,8,0.108125804,0.442031329,7,0.063147333,10.83053031
F. Buonanotte,Brighton & Hove Albion,5.976997688,69,0.086623155,2.528028449,39,0.064821242,1.510275013,10,0.151027501,0.795315462,18,0.044184192,10.81061661
M. Rashford,Manchester United,8.080153216,89,0.090788238,1.859566349,18,0.103309242,0.434017179,4,0.108504295,0.406025856,14,0.029001847,10.7797626
N. Jackson,Chelsea,8.978744757,94,0.095518561,0.775596601,20,0.03877983,0.186559386,3,0.062186462,0.766471626,13,0.058959356,10.70737237
B. Johnson,Tottenham Hotspur,6.722316684,74,0.090842117,1.750063697,22,0.07954835,0.56223776,8,0.07027972,1.628924903,27,0.060330552,10.66354304
J. Brown,Luton Town,6.194319361,56,0.110612846,1.391779944,19,0.073251576,1.618544162,8,0.20231802,1.449918788,19,0.076311515,10.65456225
M. Andersen,Luton Town,6.393015987,25,0.255720639,1.69190947,6,0.281984912,1.921616031,8,0.240202004,0.607010403,3,0.202336801,10.61355189
B. Davies,Tottenham Hotspur,5.888421786,50,0.117768436,2.927773143,21,0.139417769,1.342940464,10,0.134294046,0.43821848,2,0.21910924,10.59735387
J. Schlupp,Crystal Palace,5.727629058,50,0.114552581,3.219458164,39,0.082550209,1.049540673,7,0.149934382,0.543730652,11,0.049430059,10.54035855
S. Aurier,Nottingham Forest,6.049673258,50,0.120993465,1.976928015,20,0.098846401,1.234108054,8,0.154263507,1.190792568,7,0.170113224,10.4515019
N. Maupay,Brentford,8.02006313,81,0.099013125,0.737591638,10,0.073759164,0.604591337,2,0.302295669,1.050194593,13,0.080784199,10.4124407
B. Godfrey,Everton,3.435193271,39,0.088081879,4.218107191,28,0.150646685,2.143340096,10,0.21433401,0.584557851,5,0.11691157,10.38119841
A. Scott,AFC Bournemouth,6.154914319,56,0.109909184,1.705481576,22,0.07752189,2.124750933,11,0.193159176,0.295722848,8,0.036965356,10.28086968
David Raya,Arsenal,9.816991821,37,0.265324103,0.447225053,1,0.447225053,0,0,0,0,0,0,10.26421687
G. Montiel,Nottingham Forest,5.748641257,28,0.205308616,2.268813487,14,0.162058106,1.606047797,6,0.267674633,0.625457869,3,0.208485956,10.24896041
Y. Yarmoliuk,Brentford,6.464482789,51,0.126754564,2.634779897,17,0.154987053,0.514622033,5,0.102924407,0.57827915,11,0.052570832,10.19216387
J. Steele,Brighton & Hove Albion,10.16977501,26,0.391145193,0,0,0,0,0,0,0,0,0,10.16977501
B. Traoré,Wolverhampton Wanderers,6.158106628,47,0.131023545,2.775124347,21,0.132148778,0.684702437,5,0.136940487,0.539835692,9,0.059981744,10.1577691
M. Dúbravka,Newcastle United,10.06799921,27,0.37288886,0,0,0,0,0,0,0,0,0,10.06799921
T. Lamptey,Brighton & Hove Albion,4.202459413,39,0.10775537,3.240808587,23,0.140904721,2.420179048,8,0.302522381,0.196759186,3,0.065586395,10.06020624
M. Holgate,Sheffield United,4.775155238,29,0.164660525,1.126654433,12,0.093887869,1.535778762,13,0.118136828,2.619521066,13,0.20150162,10.0571095
L. Thomas,Sheffield United,5.475174564,39,0.140389091,2.507868576,20,0.125393429,1.148115222,10,0.114811522,0.89625487,18,0.049791937,10.02741323
Hwang Hee-Chan,Wolverhampton Wanderers,7.098220705,75,0.094642943,1.74667778,18,0.097037654,0.370021146,8,0.046252643,0.707531404,18,0.0393073,9.922451034
S. Amrabat,Manchester United,5.355385901,45,0.119008576,3.19077617,23,0.138729399,0.762341921,5,0.152468384,0.458956386,9,0.050995154,9.767460378
J. Guðmunds­son,Burnley,5.153793246,53,0.097241382,1.379113936,13,0.106085687,2.508973106,15,0.167264874,0.676849509,14,0.048346394,9.718729798
B. Mbeumo,Brentford,7.371974021,75,0.098292987,1.037202209,14,0.074085872,0.799817182,6,0.133302864,0.509066572,16,0.031816661,9.718059984
M. Diaby,Aston Villa,6.687549937,61,0.109631966,1.674568162,12,0.139547347,1.037680562,6,0.17294676,0.281968961,7,0.04028128,9.681767621
Gabriel Martinelli,Arsenal,7.139925936,108,0.066110425,1.403478678,25,0.056139147,0.216159808,5,0.043231962,0.836189369,21,0.039818541,9.595753791
M. Kovačić,Manchester City,5.156390404,65,0.079329083,3.234542175,28,0.115519363,0.208128645,4,0.052032161,0.995340494,13,0.076564653,9.594401719
K. Mitoma,Brighton & Hove Albion,5.641383211,75,0.075218443,1.16862966,19,0.061506824,1.859938286,8,0.232492286,0.885033502,20,0.044251675,9.554984659
T. Davies,Sheffield United,6.127851912,30,0.20426173,2.784537225,19,0.146554591,0.440589216,6,0.073431536,0.179865501,1,0.179865501,9.532843854
D. Solanke,AFC Bournemouth,6.082743706,94,0.064710039,2.033406691,29,0.070117472,0.844532836,6,0.140755473,0.548790454,18,0.030488359,9.509473686
R. Bentancur,Tottenham Hotspur,5.505184936,49,0.112350713,2.485232045,23,0.108053567,0.681121171,12,0.056760098,0.821812155,9,0.091312462,9.493350307
C. Eriksen,Manchester United,6.562291058,69,0.095105668,0.95077471,14,0.067912479,0.651248019,3,0.217082673,1.289807539,9,0.143311949,9.454121325
L. Sinisterra,AFC Bournemouth,5.221341816,53,0.098515883,2.23589309,29,0.077099762,0.906125016,8,0.113265627,1.061397229,27,0.039311008,9.424757151
J. Doku,Manchester City,6.169396647,94,0.065631879,2.411013891,34,0.070912173,0.559178873,8,0.069897359,0.27977397,14,0.019983855,9.419363381
Nuno Tavares,Nottingham Forest,7.258284877,60,0.120971415,1.484232069,17,0.087307769,0.072653941,1,0.072653941,0.416108069,12,0.034675672,9.231278957
J. Kluivert,AFC Bournemouth,6.552767013,74,0.088550906,1.483734668,23,0.064510203,0.457963115,6,0.076327186,0.720041638,11,0.065458331,9.214506433
Diogo Jota,Liverpool,6.227755933,66,0.094359938,1.829858505,32,0.057183078,0.667465623,10,0.066746562,0.481750411,8,0.060218801,9.206830472
J. Milner,Brighton & Hove Albion,5.261230457,45,0.116916232,2.194375148,20,0.109718757,0.694823257,8,0.086852907,0.929122803,9,0.103235867,9.079551666
Jorginho,Arsenal,4.798296686,46,0.104310798,1.69529145,21,0.080728164,0.774715693,11,0.070428699,1.784070776,16,0.111504424,9.052374605
C. Gakpo,Liverpool,5.035764717,69,0.072982097,1.545912321,21,0.073614872,1.340956031,11,0.121905094,1.075468203,15,0.07169788,8.998101272
Dango Ouattara,AFC Bournemouth,3.742211771,42,0.08910028,2.71965301,31,0.087730742,1.766517926,11,0.160592539,0.715500599,8,0.089437575,8.943883306
M. Olise,Crystal Palace,5.251878301,60,0.087531305,1.947880119,22,0.088540005,1.065199982,8,0.133149998,0.657587336,18,0.03653263,8.922545738
A. Omobamidele,Nottingham Forest,2.980358697,20,0.149017935,2.562534996,9,0.284726111,2.538445789,13,0.195265061,0.809324514,4,0.202331129,8.890663996
J. Egan,Sheffield United,4.141700083,21,0.197223813,0.661895738,6,0.110315956,2.944221461,13,0.226478574,1.062416584,6,0.177069431,8.810233866
Y. Larouci,Sheffield United,5.458518226,32,0.170578695,1.979034096,16,0.123689631,1.132343172,7,0.16176331,0.228761618,5,0.045752324,8.798657113
J. Bellegarde,Wolverhampton Wanderers,5.107140275,45,0.113492006,2.004862023,24,0.083535918,0.809320599,7,0.115617228,0.791795489,18,0.043988638,8.713118385
C. Bradley,Liverpool,4.714323146,50,0.094286463,1.992613372,32,0.062269168,0.982456761,10,0.098245676,0.996672004,16,0.062292,8.686065283
A. Hickey,Brentford,5.484102638,42,0.130573872,1.945687932,16,0.121605496,0.135040684,3,0.045013561,1.103879795,4,0.275969949,8.668711048
B. De Cordova-Reid,Fulham,5.510410821,57,0.096673874,1.054644139,18,0.058591341,0.999704186,4,0.249926047,1.010590726,21,0.048123368,8.575349872
K. Lewis-Potter,Brentford,6.600519762,62,0.106459996,1.017454705,20,0.050872735,0.623579215,6,0.103929869,0.311297369,11,0.028299761,8.552851051
R. Gravenberch,Liverpool,5.555498196,65,0.085469203,1.619825847,23,0.070427211,0.775535208,14,0.055395372,0.591696097,14,0.042264007,8.542555348
C. Mepham,AFC Bournemouth,4.565221886,31,0.147265222,1.998157791,12,0.166513149,0.826989613,5,0.165397923,0.93093858,7,0.132991226,8.321307871
S. March,Brighton & Hove Albion,4.230795586,36,0.1175221,1.941892963,19,0.102204893,1.56960338,11,0.142691216,0.498039879,5,0.099607976,8.240331808
A. Ramsey,Burnley,4.19928187,42,0.099982902,2.434057363,23,0.105828581,0.634267679,4,0.15856692,0.967173977,15,0.064478265,8.234780889
D. Welbeck,Brighton & Hove Albion,5.284435488,48,0.110092406,1.782242071,21,0.08486867,0.454887375,9,0.050543042,0.663590492,17,0.039034735,8.185155427
Gabriel Jesus,Arsenal,3.989794246,57,0.06999639,2.045130572,22,0.092960481,0.581300811,12,0.048441734,1.552558873,22,0.070570858,8.168784502
R. Sterling,Chelsea,5.495437279,85,0.064652203,1.506135784,19,0.079270304,0.651229791,12,0.054269149,0.466640065,12,0.038886672,8.11944292
Richarlison,Tottenham Hotspur,5.142907842,47,0.109423571,1.430009281,16,0.08937558,0.427142378,8,0.053392797,1.009261295,26,0.038817742,8.009320795
Hugo Bueno,Wolverhampton Wanderers,4.150401797,37,0.112173022,2.438456164,20,0.121922808,0.524147325,5,0.104829465,0.860303949,11,0.07820945,7.973309235
J. Mateta,Crystal Palace,5.631185286,89,0.063271745,1.150213809,20,0.05751069,0.552787447,3,0.184262482,0.547997362,14,0.039142669,7.882183904
J. Kiwior,Arsenal,4.08624446,38,0.107532749,2.0737654,26,0.079760208,0.753824073,11,0.068529461,0.947753638,11,0.086159422,7.86158757
C. Archer,Sheffield United,5.487214206,68,0.080694327,1.222473919,14,0.087319566,0.015015088,1,0.015015088,1.114199516,18,0.061899973,7.838902729
Son Heung-Min,Tottenham Hotspur,5.56927378,61,0.09129957,1.477071406,15,0.098471427,0.622635686,8,0.077829461,0.121514768,3,0.040504923,7.790495639
Matheus França,Crystal Palace,5.886196502,44,0.133777193,0.759724925,12,0.06331041,0.395547425,4,0.098886856,0.692512391,10,0.069251239,7.733981243
João Pedro,Brighton & Hove Albion,3.828129029,50,0.076562581,2.209781197,27,0.081843748,0.663393041,9,0.073710338,0.981109622,11,0.089191784,7.682412888
J. Hinshelwood,Brighton & Hove Albion,3.951528079,33,0.119743275,1.249307728,14,0.089236266,2.196328139,14,0.156880581,0.19489147,4,0.048722868,7.592055416
K. Tsimikas,Liverpool,4.937402801,43,0.114823321,1.290558891,19,0.067924152,0.560875871,6,0.093479312,0.695211381,8,0.086901423,7.484048944
G. Lo Celso,Tottenham Hotspur,4.652682908,42,0.110778164,2.029417622,20,0.101470881,0.466448661,5,0.093289732,0.302418241,3,0.10080608,7.450967432
Alisson Becker,Liverpool,7.368180967,28,0.26314932,0,0,0,0,0,0,0,0,0,7.368180967
J.  McGinn,Aston Villa,4.909717538,56,0.087673527,1.153704905,14,0.082407493,1.095207089,9,0.121689677,0.203483692,8,0.025435462,7.362113224
M. Trésor,Burnley,4.348892881,28,0.155317603,2.248162862,10,0.224816286,0.393924772,1,0.393924772,0.359758892,5,0.071951778,7.350739406
M. Mudryk,Chelsea,3.793397148,40,0.094834929,2.024587801,26,0.077868762,0.868655751,5,0.17373115,0.453585737,12,0.037798811,7.140226437
H. Elliott,Liverpool,4.280586255,67,0.063889347,1.059753074,22,0.048170594,0.182693723,5,0.036538745,1.559565793,26,0.0599833,7.082598846
Pedro Neto,Wolverhampton Wanderers,6.068647604,98,0.061924976,0.664047199,7,0.094863886,0.231791513,4,0.057947878,0.098696118,4,0.024674029,7.063182434
A. Areola,West Ham United,5.929230342,15,0.395282023,0.543542386,1,0.543542386,0.58774506,1,0.58774506,0,0,0,7.060517788
Robert Sánchez,Chelsea,6.930123343,20,0.346506167,0,0,0,0,0,0,0,0,0,6.930123343
O. Arblaster,Sheffield United,4.16605128,31,0.134388751,1.651213435,11,0.150110312,0.163488807,5,0.032697761,0.932782717,8,0.11659784,6.91353624
O. McBurnie,Sheffield United,4.363300551,41,0.106421965,0.852111686,17,0.050124217,0.234341706,5,0.046868341,1.452410609,16,0.090775663,6.902164553
R. Højlund,Manchester United,4.540042556,58,0.078276596,2.155686732,13,0.165822056,0.032039022,4,0.008009756,0.134318869,5,0.026863774,6.862087179
C. Roberts,Burnley,4.692832291,40,0.117320807,1.694623321,12,0.14121861,0.27967078,4,0.069917695,0.188764817,2,0.094382408,6.855891209
R. Lewis,Manchester City,4.897415249,42,0.116605125,1.222791869,10,0.122279187,0.255657331,4,0.063914333,0.432792824,6,0.072132137,6.808657273
M. Antonio,West Ham United,4.613105345,50,0.092262107,1.117869635,12,0.093155803,0.087363743,4,0.021840936,0.935587769,13,0.07196829,6.753926491
J. Maddison,Tottenham Hotspur,4.249552378,54,0.078695414,1.322974174,28,0.047249078,0.713286317,14,0.050949023,0.446070039,10,0.044607004,6.731882907
J. Ramsey,Aston Villa,3.492819503,51,0.068486657,1.051860327,16,0.06574127,0.483295337,3,0.161098446,1.700028785,16,0.106251799,6.728003953
J. Worrall,Nottingham Forest,3.789516039,18,0.210528669,1.936277148,7,0.276611021,0.658380942,3,0.219460314,0.300634821,1,0.300634821,6.68480895
André Gomes,Everton,4.274858868,38,0.112496286,0.992549955,10,0.099254995,0.084221003,3,0.028073668,1.304318931,15,0.086954595,6.655948757
T. Tomiyasu,Arsenal,3.882732822,38,0.10217718,1.966723173,12,0.163893598,0.632386057,10,0.063238606,0.142615209,3,0.047538403,6.624457261
S. Benrahma,West Ham United,4.339978636,43,0.100929736,1.139080691,8,0.142385086,0.885246051,5,0.17704921,0.224576664,8,0.028072083,6.588882042
J. Grealish,Manchester City,3.828177549,43,0.089027385,1.669432397,22,0.075883291,0.479728095,6,0.079954683,0.582541477,13,0.044810883,6.559879518
M. Mount,Manchester United,2.938115135,29,0.101314315,1.919209001,19,0.101011,1.538243895,6,0.256373982,0.15166183,5,0.030332366,6.547229861
R. James,Chelsea,3.803397977,27,0.140866592,2.104515867,13,0.161885836,0.593405341,3,0.19780178,0,0,0,6.501319186
B. Chilwell,Chelsea,3.491584249,51,0.068462436,1.051090748,15,0.070072717,0.726341547,4,0.181585387,1.205482495,14,0.086105892,6.474499039
O. Skipp,Tottenham Hotspur,3.80246558,34,0.111837223,2.111003293,15,0.140733553,0.014348706,1,0.014348706,0.530631169,10,0.053063117,6.458448748
S. Coleman,Everton,3.249604992,32,0.101550156,1.693177544,20,0.084658877,0.82529218,8,0.103161522,0.569927163,4,0.142481791,6.338001878
Felipe,Nottingham Forest,3.523371941,20,0.176168597,2.090655709,12,0.174221309,0.598972548,4,0.149743137,0.113435644,3,0.037811881,6.326435842
E. Anderson,Newcastle United,3.478360124,40,0.086959003,1.564507216,16,0.097781701,0.92560435,6,0.154267392,0.306069216,8,0.038258652,6.274540906
N. Zaniolo,Aston Villa,3.719317039,36,0.103314362,1.900513127,19,0.100027007,0.042535136,1,0.042535136,0.5971393,13,0.045933792,6.259504602
C. Basham,Sheffield United,3.394407005,16,0.212150438,0.822418821,7,0.117488403,1.151357011,5,0.230271402,0.839651124,5,0.167930225,6.20783396
A. Ben Slimane,Sheffield United,3.547755091,33,0.10750773,1.130373151,10,0.113037315,0.675993595,5,0.135198719,0.767285236,5,0.153457047,6.121407074
M. Keane,Everton,3.838094528,41,0.093612062,1.0816029,13,0.083200223,1.159440549,5,0.23188811,0.025784072,1,0.025784072,6.104922049
O. Édouard,Crystal Palace,3.55859352,40,0.088964838,1.701705318,21,0.081033587,0.348591081,5,0.069718216,0.436098554,14,0.031149897,6.044988473
I. Toney,Brentford,4.403067811,50,0.088061356,0.631154419,12,0.052596202,0.850079502,8,0.106259938,0.132995828,9,0.014777314,6.01729756
C. Wood,Nottingham Forest,5.229685764,37,0.141342858,0.286786226,5,0.057357245,0.014483397,1,0.014483397,0.483526248,8,0.060440781,6.014481635
E. Krafth,Newcastle United,3.723951871,22,0.16927054,1.481122236,8,0.18514028,0.477787748,4,0.119446937,0.327285841,5,0.065457168,6.010147697
L. Koleosho,Burnley,4.401114866,46,0.09567641,0.437319125,7,0.062474161,0.61512274,2,0.30756137,0.529277515,13,0.040713655,5.982834246
S. McKenna,Nottingham Forest,3.859909539,24,0.160829564,0.489372116,4,0.122343029,0.701258714,4,0.175314678,0.898415614,3,0.299471871,5.948955984
N. Madueke,Chelsea,3.90682943,47,0.08312403,0.811171427,12,0.067597619,0.506382608,2,0.253191304,0.678218484,15,0.045214566,5.902601949
D. Hashioka,Luton Town,3.345608272,19,0.176084646,0.974791955,7,0.139255994,1.342500336,7,0.191785762,0.213628876,3,0.071209625,5.87652944
T. Chalobah,Chelsea,4.666368312,23,0.202885579,0.343808574,3,0.114602858,0.72847604,5,0.145695208,0,0,0,5.738652926
Mohamed Salah,Liverpool,4.519614894,75,0.060261532,0.459983571,14,0.032855969,0.023615365,2,0.011807683,0.660253266,16,0.041265829,5.663467096
J. Bruun Larsen,Burnley,4.230419873,53,0.079819243,0.330396832,6,0.055066139,0.232441087,8,0.029055136,0.851030837,12,0.070919236,5.644288629
Đ. Petrović,Chelsea,5.61778868,16,0.351111792,0,0,0,0,0,0,0,0,0,5.61778868
D. Núñez,Liverpool,4.194990391,62,0.067661135,0.76835646,27,0.028457647,0.101596798,5,0.02031936,0.552605845,11,0.050236895,5.617549494
L. Foster,Burnley,4.092206843,42,0.097433496,1.043174745,19,0.054903934,0.138736383,3,0.046245461,0.333346784,9,0.037038532,5.607464755
A. Brooks,Sheffield United,3.445439498,31,0.11114321,1.029024629,12,0.085752052,0.487698625,9,0.054188736,0.567159437,10,0.056715944,5.529322189
J. Willock,Newcastle United,2.593804426,26,0.099761709,1.84395993,13,0.141843072,0.118108868,1,0.118108868,0.911892069,7,0.130270296,5.467765293
Pablo Fornals,West Ham United,3.48832395,26,0.134166306,0.919298022,10,0.091929802,0.573805339,6,0.095634223,0.446212825,7,0.063744689,5.427640135
H. Ekdal,Burnley,3.070477619,21,0.14621322,0.714193927,4,0.178548482,0.87146091,6,0.145243485,0.748309188,5,0.149661838,5.404441645
J. Murphy,Newcastle United,3.545830211,42,0.084424529,1.126335871,14,0.080452562,0.140128065,3,0.046709355,0.501146536,13,0.038549734,5.313440683
L. Hall,Newcastle United,2.323967986,19,0.122314105,1.909486579,18,0.106082588,0.570033279,5,0.114006656,0.463172654,9,0.051463628,5.266660498
J. Moder,Brighton & Hove Albion,3.62572139,27,0.134285977,1.150533932,13,0.08850261,0.232577372,2,0.116288686,0.189538252,5,0.03790765,5.198370946
R. Jiménez,Fulham,3.396483109,43,0.078987979,1.188918049,16,0.074307378,0.321170433,3,0.107056811,0.235464175,7,0.033637739,5.142035766
C. Morris,Luton Town,4.146492087,64,0.064788939,0.501203281,9,0.055689253,0.014858955,1,0.014858955,0.422054715,17,0.024826748,5.084609038
O. Watkins,Aston Villa,3.866978588,61,0.063393092,0.390417239,11,0.035492476,0.094318967,4,0.023579742,0.702182896,26,0.027007034,5.05389769
K. Phillips,West Ham United,2.352792239,22,0.106945102,0.746055363,13,0.057388874,1.461397853,7,0.208771122,0.491965268,3,0.163988423,5.052210723
T. Partey,Arsenal,3.174175968,30,0.105805866,1.00059024,7,0.142941463,0.814706671,5,0.162941334,0.044959726,2,0.022479863,5.034432605
A. Lallana,Brighton & Hove Albion,3.065456879,22,0.139338949,0.750762178,7,0.10725174,0.743013972,3,0.247671324,0.400513972,1,0.400513972,4.959747001
J. Rothwell,AFC Bournemouth,3.480084217,32,0.108752632,0.888177324,7,0.126882475,0.4386145,3,0.146204833,0.148217927,2,0.074108963,4.955093968
M. Rogers,Aston Villa,3.839973133,24,0.159998881,0.597426825,8,0.074678353,0.054976266,2,0.027488133,0.309288309,8,0.038661039,4.801664533
M. Lowe,Sheffield United,0.305011813,5,0.061002363,2.622500118,28,0.093660719,1.088218291,5,0.217643658,0.780818297,5,0.156163659,4.79654852
Lisandro Martínez,Manchester United,3.462752705,18,0.19237515,0.8189017,6,0.136483617,0.43787957,3,0.145959857,0.068875565,1,0.068875565,4.78840954
N. Ahamada,Crystal Palace,3.058135999,28,0.109219143,1.106183908,13,0.08509107,0.024237637,1,0.024237637,0.412333824,6,0.068722304,4.600891369
C. Kelleher,Liverpool,4.600404522,13,0.353877271,0,0,0,0,0,0,0,0,0,4.600404522
S. Johnstone,Crystal Palace,3.632695451,13,0.279438112,0.447225053,1,0.447225053,0.483671291,1,0.483671291,0,0,0,4.563591795
Sergio Reguilón,Manchester United,1.553942854,21,0.073997279,1.226274192,13,0.094328784,0.772733752,5,0.15454675,0.876796371,10,0.087679637,4.42974717
J. Rodríguez,Burnley,1.892621125,25,0.075704845,1.74806782,14,0.124861987,0.025183551,1,0.025183551,0.759797364,10,0.075979736,4.42566986
S. Baptiste,Brentford,3.011497942,20,0.150574897,0.258270566,4,0.064567642,0.493802001,3,0.164600667,0.626274514,4,0.156568628,4.389845022
D. Calvert-Lewin,Everton,3.403295139,39,0.087263978,0.622553082,11,0.056595735,0.113024501,4,0.028256125,0.177209976,11,0.016109998,4.316082698
T. Awoniyi,Nottingham Forest,3.352928451,36,0.093136901,0.535447221,9,0.059494136,0.100519355,1,0.100519355,0.1915075,5,0.0383015,4.180402528
Beto,Everton,2.801529291,42,0.066703078,0.737473243,17,0.043380779,0.037377698,1,0.037377698,0.499556578,11,0.045414234,4.07593681
W. Kambwala,Manchester United,1.878724559,11,0.170793142,0.137302697,2,0.068651348,1.176225564,4,0.294056391,0.865492764,3,0.288497588,4.057745585
I. Maatsen,Chelsea,2.342457107,20,0.117122855,0.128394651,3,0.042798217,0.574170385,3,0.191390128,0.991402783,10,0.099140278,4.036424925
A. Murić,Burnley,3.882603961,9,0.43140044,0.141367245,1,0.141367245,0,0,0,0,0,0,4.023971206
B. Traoré,Sheffield United,3.031565083,22,0.137798413,0.465146686,3,0.155048895,0.0302304,1,0.0302304,0.472321055,3,0.157440352,3.999263223
E. Adebayo,Luton Town,2.377186206,36,0.06603295,0.190483883,1,0.190483883,0.726072612,5,0.145214522,0.694793912,7,0.099256273,3.988536613
Matheus Nunes,Manchester City,3.191563712,39,0.081834967,0.634512201,10,0.06345122,0.022525152,1,0.022525152,0.131649641,5,0.026329928,3.980250706
D. Henderson,Crystal Palace,3.932330342,13,0.302486949,0,0,0,0,0,0,0,0,0,3.932330342
A. Isak,Newcastle United,1.945925286,29,0.067100872,0.711171561,4,0.17779289,0.918711355,5,0.183742271,0.266735201,14,0.019052514,3.842543403
E. Ferguson,Brighton & Hove Albion,2.101270225,28,0.075045365,1.267389828,13,0.097491525,0.067686876,2,0.033843438,0.4048611,7,0.0578373,3.841208029
M. Dahoud,Brighton & Hove Albion,2.336916039,26,0.089881386,0.915662018,9,0.101740224,0.315002743,1,0.315002743,0.089717317,3,0.029905772,3.657298117
C. Woodrow,Luton Town,1.619765539,17,0.095280326,1.877646046,13,0.144434311,0,0,0,0.106688542,4,0.026672136,3.604100127
R. Henry,Brentford,2.033243798,24,0.084718492,0.488933873,7,0.069847696,0.598406534,5,0.119681307,0.404873604,5,0.080974721,3.525457809
S. Ortega,Manchester City,3.45521069,10,0.345521069,0,0,0,0,0,0,0,0,0,3.45521069
L. Dobbin,Everton,2.021446372,29,0.069705047,0.752265395,7,0.107466485,0.543542386,1,0.543542386,0.127404905,3,0.042468302,3.444659059
R. Nelson,Arsenal,2.539279513,28,0.090688554,0.776092677,12,0.06467439,0.019163405,1,0.019163405,0.086873437,4,0.021718359,3.421409031
H. Barnes,Newcastle United,2.987485995,37,0.080742865,0.322825128,4,0.080706282,0.052717729,2,0.026358865,0,0,0,3.363028852
E. Dier,Tottenham Hotspur,1.827295736,7,0.261042248,0.608047674,2,0.304023837,0.909223298,2,0.454611649,0,0,0,3.344566708
T. Iroegbunam,Aston Villa,1.995021924,9,0.221669103,0.94763366,7,0.135376237,0.086640238,2,0.043320119,0.304517531,3,0.101505844,3.333813354
R. Giles,Luton Town,2.238309344,21,0.106586159,0.548144344,8,0.068518043,0.333029355,4,0.083257339,0.127159961,2,0.063579981,3.246643004
L. Ugochukwu,Chelsea,0.870599107,10,0.087059911,1.447275319,12,0.120606277,0.11819672,1,0.11819672,0.731119239,3,0.243706413,3.167190385
A. Ogbonna,West Ham United,0.988420425,5,0.197684085,1.324357347,4,0.331089337,0.585082022,2,0.292541011,0.260075331,2,0.130037665,3.157935125
M. Sels,Nottingham Forest,3.067667772,6,0.511277962,0,0,0,0,0,0,0,0,0,3.067667772
N. Pope,Newcastle United,3.027390102,13,0.232876162,0,0,0,0,0,0,0,0,0,3.027390102
R. Drăgușin,Tottenham Hotspur,1.852180499,13,0.142475423,0.137657063,1,0.137657063,1.004756789,5,0.200951358,0,0,0,2.99459435
E. Nketiah,Arsenal,1.796746921,24,0.074864455,0.782912047,12,0.065242671,0.181980238,4,0.04549506,0.207649608,11,0.018877237,2.969288814
M. Turner,Nottingham Forest,2.968542135,11,0.269867467,0,0,0,0,0,0,0,0,0,2.968542135
Ansu Fati,Brighton & Hove Albion,2.362503453,31,0.076209789,0.336100779,7,0.048014397,0.066200322,3,0.022066774,0.177610959,8,0.02220137,2.942415513
T. Werner,Tottenham Hotspur,1.635554598,33,0.049562261,0.456914272,6,0.076152379,0.289124549,9,0.03212495,0.500753792,11,0.045523072,2.882347211
D. Origi,Nottingham Forest,1.88656665,16,0.117910416,0.74939585,9,0.083266206,0.079029277,2,0.039514639,0.122013147,6,0.020335525,2.837004925
J. Riedewald,Crystal Palace,1.568956528,9,0.174328503,0.386153797,7,0.055164828,0.820534262,2,0.410267131,0,0,0,2.775644586
K. De Bruyne,Manchester City,2.063836169,45,0.045863026,0.433069988,11,0.039369999,0.182243988,2,0.091121994,0.092394496,4,0.023098624,2.771544641
Fábio Silva,Wolverhampton Wanderers,1.562088306,15,0.10413922,1.025657964,7,0.146522566,0.135313677,2,0.067656838,0.030662445,1,0.030662445,2.753722392
D. Ouattara,AFC Bournemouth,1.082283606,11,0.098389419,1.328349194,8,0.166043649,0.159304161,2,0.07965208,0.156006412,3,0.052002137,2.725943373
B. Brereton,Sheffield United,1.502731055,21,0.071558622,0.557606995,6,0.092934499,0.45742952,2,0.22871476,0.185048358,3,0.061682786,2.702815928
E. Haaland,Manchester City,2.339657289,37,0.063233981,0.170805732,5,0.034161146,0.063984855,2,0.031992427,0.107987418,8,0.013498427,2.682435294
A. Danjuma,Everton,1.780560824,24,0.074190034,0.357035226,6,0.059505871,0.161023588,3,0.053674529,0.357618058,4,0.089404514,2.656237696
F. Onyedinma,Luton Town,0.764875022,8,0.095609378,1.517195619,9,0.168577291,0.274826968,1,0.274826968,0.084950318,2,0.042475159,2.641847927
L. Martínez,Manchester United,1.57844557,13,0.12141889,0.777737739,5,0.155547548,0.044630412,1,0.044630412,0.238246945,1,0.238246945,2.639060666
N. Fraser,Wolverhampton Wanderers,1.522942467,17,0.089584851,0.979932767,8,0.122491596,0.09826602,1,0.09826602,0.019853295,1,0.019853295,2.620994548
I. Grbić,Sheffield United,2.211425069,7,0.315917867,0,0,0,0,0,0,0.401788847,1,0.401788847,2.613213916
Fábio Vieira,Arsenal,1.833855915,15,0.122257061,0.527561462,3,0.175853821,0.17750172,2,0.08875086,0,0,0,2.538919097
G. Reyna,Nottingham Forest,1.322922801,14,0.094494486,0.751340065,7,0.107334295,0.233382631,5,0.046676526,0.146803605,2,0.073401803,2.454449102
D. Brooks,AFC Bournemouth,1.822754389,17,0.107220846,0.324665545,5,0.064933109,0.089313394,2,0.044656697,0.156407776,3,0.052135925,2.393141104
S. Tonali,Newcastle United,1.465376909,20,0.073268845,0.653206411,7,0.093315202,0.107622691,2,0.053811346,0.159360657,2,0.079680329,2.385566669
D. Fofana,Burnley,1.601943965,22,0.072815635,0.415348841,9,0.046149871,0,0,0,0.340670867,3,0.113556956,2.357963673
D. Ozoh,Crystal Palace,1.10153592,8,0.13769199,1.150390852,10,0.115039085,0,0,0,0.095622915,2,0.047811458,2.347549687
F. Pellistri,Manchester United,1.176829187,11,0.106984472,0.944440613,5,0.188888123,0.065586151,1,0.065586151,0.153885379,6,0.025647563,2.34074133
Adama Traoré,Fulham,2.083888268,16,0.130243017,0.152823705,4,0.038205926,0.03402435,1,0.03402435,0.064675594,1,0.064675594,2.335411917
Ł. Fabiański,West Ham United,1.295136701,3,0.431712234,0.543456572,1,0.543456572,0.485558565,1,0.485558565,0,0,0,2.324151838
Bryan Gil,Tottenham Hotspur,1.710666587,16,0.106916662,0.020168892,1,0.020168892,0.474866509,3,0.158288836,0.089001759,3,0.029667253,2.294703747
C. Kouyaté,Nottingham Forest,1.234992635,14,0.08821376,0.497561217,8,0.062195152,0.102053291,2,0.051026646,0.431936005,3,0.143978668,2.266543149
Rodrigo Muniz,Fulham,1.605548732,40,0.040138718,0.436279828,4,0.109069957,0.103615146,4,0.025903786,0.107072145,5,0.021414429,2.25251585
B. Johnson,Nottingham Forest,1.721690194,10,0.172169019,0.262094758,4,0.06552369,0,0,0,0.24905751,3,0.08301917,2.232842462
D. Ings,West Ham United,0.858804739,10,0.085880474,0.220975645,6,0.036829274,0.588166415,3,0.196055472,0.509588336,3,0.169862779,2.177535135
K. Schade,Brentford,1.82143064,21,0.086734792,0.261479494,3,0.087159831,0.05415554,1,0.05415554,0.033094909,1,0.033094909,2.170160583
Matheus Nunes,Wolverhampton Wanderers,0.873549169,10,0.087354917,0.464846695,3,0.154948898,0.803176263,6,0.133862711,0,0,0,2.141572128
E. Smith Rowe,Arsenal,1.424908879,13,0.109608375,0.421498956,4,0.105374739,0.139305868,3,0.046435289,0.068441305,2,0.034220653,2.054155009
W. Osula,Sheffield United,1.499800924,13,0.115369302,0.149270196,2,0.074635098,0.295920401,2,0.1479602,0.050398469,2,0.025199234,1.99538999
A. Cresswell,West Ham United,1.296986402,15,0.08646576,0.0803218,2,0.0401609,0.396104658,4,0.099026165,0.141919545,2,0.070959772,1.915332405
B. Clark,Liverpool,0.665399117,6,0.110899853,0.619603228,2,0.309801614,0.077518176,1,0.077518176,0.429497281,7,0.061356754,1.792017803
J. Anthony,AFC Bournemouth,1.349379552,11,0.122670868,0.2738566,2,0.1369283,0,0,0,0.107184818,3,0.035728273,1.730420971
C. Chukwuemeka,Chelsea,0.960653564,11,0.087332142,0.758687313,6,0.126447886,0,0,0,0,0,0,1.719340877
L. Dendoncker,Aston Villa,0.625063268,4,0.156265817,0.498005557,6,0.083000926,0.35622499,2,0.178112495,0.209501717,3,0.069833906,1.688795531
T. Chirewa,Wolverhampton Wanderers,0.27417371,3,0.091391237,1.052279963,5,0.210455993,0.326296044,1,0.326296044,0,0,0,1.652749718
R. Brewster,Sheffield United,0.780875728,9,0.08676397,0.669831079,8,0.083728885,0,0,0,0.142915272,2,0.071457636,1.593622079
L. Berry,Luton Town,0.730922292,7,0.10441747,0.452372995,6,0.075395499,0,0,0,0.39012978,4,0.097532445,1.573425066
T. Adams,AFC Bournemouth,0.592096848,7,0.084585264,0.269525909,4,0.067381477,0.396587254,4,0.099146813,0.303161653,2,0.151580826,1.561371664
M. Solomon,Tottenham Hotspur,1.009065449,11,0.091733223,0.110141936,3,0.036713979,0.224263663,3,0.074754554,0.212981552,4,0.053245388,1.5564526
J. Hill,AFC Bournemouth,0.750744031,7,0.107249147,0.174312703,3,0.058104234,0.583201465,2,0.291600733,0,0,0,1.508258199
N. Redmond,Burnley,1.434093848,6,0.239015641,0.037500818,2,0.018750409,0,0,0,0.035269623,1,0.035269623,1.506864289
H. Mejbri,Manchester United,1.185818044,10,0.118581804,0.280085741,3,0.093361914,0,0,0,0,0,0,1.465903785
Carlos Vinícius,Fulham,1.223281763,9,0.135920196,0.057129418,3,0.019043139,0,0,0,0.158511878,4,0.039627969,1.438923058
C. Wilson,Newcastle United,0.726646323,15,0.048443088,0.101843761,4,0.02546094,0.543542386,1,0.543542386,0.056854853,5,0.011370971,1.428887323
A. Ramsdale,Arsenal,1.42169165,6,0.236948608,0,0,0,0,0,0,0,0,0,1.42169165
J. Rak-Sakyi,Crystal Palace,0.855564089,6,0.142594015,0.29947872,4,0.07486968,0.168119149,3,0.056039716,0.0895196,2,0.0447598,1.412681557
F. Ballo-Touré,Fulham,0.915455358,11,0.083223214,0.293754345,6,0.048959058,0.098765343,3,0.032921781,0.055120576,1,0.055120576,1.363095622
J. Durán,Aston Villa,0.334549801,11,0.030413618,0.221774321,5,0.044354864,0.452064322,1,0.452064322,0.311609524,6,0.051934921,1.319997969
J. Enciso,Brighton & Hove Albion,0.644042917,9,0.071560324,0.11819672,1,0.11819672,0,0,0,0.554359861,7,0.079194266,1.316599499
R. Norrington-Davies,Sheffield United,0.786924497,4,0.196731124,0.098886856,1,0.098886856,0.232385515,1,0.232385515,0.188358046,2,0.094179023,1.306554914
O. Bobb,Manchester City,0.670375234,13,0.051567326,0.145415743,6,0.024235957,0.320595271,4,0.080148818,0.14910333,4,0.037275832,1.285489578
C. Nkunku,Chelsea,0.371385596,10,0.03713856,0.348603119,8,0.04357539,0.419721093,2,0.209860547,0.141806831,6,0.023634472,1.281516639
Y. Yarmolyuk,Brentford,0.88633585,6,0.147722642,0.01199956,1,0.01199956,0.012902771,1,0.012902771,0.325487356,1,0.325487356,1.236725536
M. Cornet,West Ham United,0.615796675,8,0.076974584,0.483176112,3,0.161058704,0.105835716,2,0.052917858,0.02542979,2,0.012714895,1.230238294
O. Vlachodimos,Nottingham Forest,1.187397202,4,0.2968493,0,0,0,0,0,0,0,0,0,1.187397202
K. Phillips,Manchester City,0.654372581,8,0.081796573,0.432330218,3,0.144110073,0.091149688,2,0.045574844,0,0,0,1.177852487
M. Olakigbe,Brentford,0.525523959,7,0.075074851,0.265443723,3,0.088481241,0.053965346,1,0.053965346,0.234120108,7,0.03344573,1.079053136
A. Gilchrist,Chelsea,0.210418667,3,0.070139556,0.328968469,2,0.164484234,0.449215632,4,0.112303908,0.081151643,1,0.081151643,1.069754411
A. Martial,Manchester United,0.720438138,9,0.080048682,0.200727421,4,0.050181855,0,0,0,0.101319882,4,0.025329971,1.022485441
C. Chambers,Aston Villa,0.82147623,3,0.27382541,0,0,0,0,0,0,0.162756659,1,0.162756659,0.984232889
S. Kalajdzic,Wolverhampton Wanderers,0.448629978,3,0.149543326,0.294830586,4,0.073707646,0.089889626,1,0.089889626,0.129071997,1,0.129071997,0.962422186
D. Bentley,Wolverhampton Wanderers,0.931056809,2,0.465528404,0,0,0,0,0,0,0,0,0,0.931056809
A. Iwobi,Everton,0.737819681,5,0.147563936,0.111544821,2,0.05577241,0.018035164,1,0.018035164,0.033769709,2,0.016884854,0.901169375
M. Targett,Newcastle United,0.499454672,5,0.099890934,0.140985967,2,0.070492983,0,0,0,0.238246945,1,0.238246945,0.878687583
J. Sancho,Manchester United,0.688132082,10,0.068813208,0.066155875,1,0.066155875,0.025796322,1,0.025796322,0.07766838,1,0.07766838,0.857752659
A. Zaroury,Burnley,0.747476874,8,0.093434609,0.081285146,1,0.081285146,0,0,0,0.018521532,2,0.009260766,0.847283552
I. Perišić,Tottenham Hotspur,0.501472856,3,0.167157619,0.16508433,3,0.05502811,0.083868908,2,0.041934454,0.090380026,1,0.090380026,0.84080612
B. Manuel,Burnley,0.492735355,5,0.098547071,0.229883962,3,0.076627987,0,0,0,0.078483936,1,0.078483936,0.801103253
M. Ritchie,Newcastle United,0.457192319,4,0.11429808,0.231554551,3,0.07718485,0.048640335,1,0.048640335,0,0,0,0.737387205
R. Faivre,AFC Bournemouth,0.497817469,1,0.497817469,0.229676672,4,0.057419168,0,0,0,0,0,0,0.727494141
R. Olsen,Aston Villa,0.716123914,2,0.358061957,0,0,0,0,0,0,0,0,0,0.716123914
L. Chiwome,Wolverhampton Wanderers,0.569207457,5,0.113841491,0.047002823,2,0.023501412,0,0,0,0.077258749,2,0.038629375,0.693469029
E. Ünal,AFC Bournemouth,0.347586824,9,0.038620758,0.257383677,2,0.128691839,0.073604578,1,0.073604578,0.01199956,1,0.01199956,0.690574639
J. Tomkins,Crystal Palace,0.630186636,2,0.315093318,0,0,0,0.053965346,1,0.053965346,0,0,0,0.684151981
J. White,Newcastle United,0.177679296,2,0.088839648,0.450321135,1,0.450321135,0,0,0,0,0,0,0.628000431
J. Fleck,Sheffield United,0.553667865,5,0.110733573,0.050017212,1,0.050017212,0,0,0,0,0,0,0.603685077
A. Broja,Chelsea,0.443003966,16,0.027687748,0.048016265,3,0.016005422,0,0,0,0.097788577,4,0.024447144,0.588808808
S. Kalajdžić,Wolverhampton Wanderers,0.060959025,1,0.060959025,0.431300015,2,0.215650008,0,0,0,0.093141716,2,0.046570858,0.585400756
D. Sánchez,Tottenham Hotspur,0.25483375,4,0.063708437,0,0,0,0.029610817,1,0.029610817,0.300634821,1,0.300634821,0.585079388
B. Traoré,Aston Villa,0.426268001,2,0.213134,0.152626452,1,0.152626452,0,0,0,0,0,0,0.578894453
L. Harris,Fulham,0.454015854,3,0.151338618,0.117050337,1,0.117050337,0,0,0,0,0,0,0.571066191
H. Massengo,Burnley,0.273641549,1,0.273641549,0.283946773,1,0.283946773,0,0,0,0.010317573,1,0.010317573,0.567905894
J. Dasilva,Brentford,0.418325092,2,0.209162546,0.057632022,2,0.028816011,0,0,0,0,0,0,0.475957113
Youssef Chermiti,Everton,0.278656522,5,0.055731304,0.120584066,1,0.120584066,0,0,0,0.066068022,2,0.033034011,0.465308609
T. Strakosha,Brentford,0.452064322,1,0.452064322,0,0,0,0,0,0,0,0,0,0.452064322
A. Diallo,Manchester United,0.302520753,5,0.060504151,0.110442006,3,0.036814002,0,0,0,0.019163405,1,0.019163405,0.432126163
H. Traorè,AFC Bournemouth,0.160644819,4,0.040161205,0,0,0,0,0,0,0.228383112,3,0.076127704,0.389027931
A. Broja,Fulham,0.36652921,5,0.073305842,0,0,0,0,0,0,0.019307973,1,0.019307973,0.385837183
Mohamed Elneny,Arsenal,0.095332598,2,0.047666299,0,0,0,0.264223123,1,0.264223123,0,0,0,0.359555721
D. Mubama,West Ham United,0.347465063,4,0.086866266,0,0,0,0,0,0,0,0,0,0.347465063
C. Archer,Aston Villa,0.326296044,1,0.326296044,0,0,0,0,0,0,0,0,0,0.326296044
J. Donley,Tottenham Hotspur,0.322217997,2,0.161108998,0,0,0,0,0,0,0,0,0,0.322217997
O. Kellyman,Aston Villa,0.322054921,2,0.161027461,0,0,0,0,0,0,0,0,0,0.322054921
A. Murphy,Newcastle United,0.097004821,1,0.097004821,0,0,0,0.199971536,1,0.199971536,0,0,0,0.296976357
T. Mings,Aston Villa,0.173922114,2,0.086961057,0,0,0,0.089457304,1,0.089457304,0,0,0,0.263379419
Cédric Soares,Arsenal,0.261642614,3,0.087214205,0,0,0,0,0,0,0,0,0,0.261642614
J. Timber,Arsenal,0.221330594,3,0.073776865,0.031793274,1,0.031793274,0,0,0,0,0,0,0.253123868
K. Moore,AFC Bournemouth,0.235324574,4,0.058831144,0,0,0,0,0,0,0,0,0,0.235324574
N. Maupay,Everton,0.144283607,4,0.036070902,0,0,0,0,0,0,0.0708475,2,0.03542375,0.215131107
O. Forson,Manchester United,0.181178422,2,0.090589211,0.029149736,1,0.029149736,0,0,0,0,0,0,0.210328158
J. Cork,Burnley,0.113385275,2,0.056692637,0.09474898,2,0.04737449,0,0,0,0,0,0,0.208134255
Sergio Gómez,Manchester City,0.018035164,1,0.018035164,0.060959025,1,0.060959025,0.119001076,1,0.119001076,0,0,0,0.197995265
B. Baker-Boaitey,Brighton & Hove Albion,0.167375784,2,0.083687892,0,0,0,0,0,0,0,0,0,0.167375784
A. Mitrović,Fulham,0.162756659,1,0.162756659,0,0,0,0,0,0,0,0,0,0.162756659
Rodrigo Ribeiro,Nottingham Forest,0.058004034,1,0.058004034,0,0,0,0.025160977,1,0.025160977,0.02539816,1,0.02539816,0.108563172
M. Obafemi,Burnley,0.023718714,1,0.023718714,0,0,0,0,0,0,0.081205537,1,0.081205537,0.104924251
Aymeric Laporte,Manchester City,0.103840519,2,0.051920259,0,0,0,0,0,0,0,0,0,0.103840519
G. Earthy,West Ham United,0.053041936,1,0.053041936,0,0,0,0.042535136,1,0.042535136,0,0,0,0.095577072
J. Philogene,Aston Villa,0.092389948,1,0.092389948,0,0,0,0,0,0,0,0,0,0.092389948
Philippe Coutinho,Aston Villa,0.092389948,1,0.092389948,0,0,0,0,0,0,0,0,0,0.092389948
B. Doak,Liverpool,0.068288151,1,0.068288151,0,0,0,0,0,0,0,0,0,0.068288151
R. Oné,Sheffield United,0.043449239,1,0.043449239,0,0,0,0,0,0,0,0,0,0.043449239
S. Peck,Sheffield United,0.024700384,1,0.024700384,0,0,0,0,0,0,0,0,0,0.024700384
J. Danns,Liverpool,0.020712167,1,0.020712167,0,0,0,0,0,0,0,0,0,0.020712167
